label,f_0,f_1,f_2,f_3,f_4,f_5,f_6,f_7,f_8,f_9,f_10,f_11,f_12,f_13,f_14,f_15,f_16,f_17,f_18,f_19,f_20,f_21,f_22,f_23,f_24,f_25,f_26,f_27,f_28,f_29,f_30,f_31,f_32,f_33,f_34,f_35,f_36,f_37,f_38,f_39,f_40,f_41,f_42,f_43,f_44,f_45,f_46,f_47,f_48,f_49,f_50,f_51,f_52,f_53,f_54,f_55,f_56,f_57,f_58,f_59,f_60,f_61,f_62,f_63,f_64,f_65,f_66,f_67,f_68,f_69,f_70,f_71,f_72
HELLO,1.4211099424244056,0.5217341831773847,0.303540528220106,0.15905830797661547,-0.3605546307659294,-0.39388367126259416,-0.5625686509955992,0.4541479038377208,0.08689644204155639,0.17524191310114146,-0.3850381981281415,0.3980532170055401,0.399226274338856,-0.2639359785754062,-0.40120142291413796,-0.32265978974882104,-0.11792067433999928,0.08840406874391318,0.05157975887279366,-0.1817163596424925,0.3816365950125133,-0.43413740375334825,-0.23974642266599794,-0.138507283704288,-0.1574300524702763,0.36857529078016726,-0.22804361859157285,0.015754464898583585,0.04966125256816205,-0.5731538969451492,0.04440418560560476,-0.2699789736110103,-0.4519213207516506,0.41473603373015544,0.5057478995965438,0.40105228035102336,-0.17481688122212696,-0.3771668543245624,0.29398199719613904,-0.04580324274401208,-0.4027048488707874,0.04902695033318819,-0.48614189350018594,0.37989434414816114,-0.1393213287888186,0.13916607068793235,-0.4007030077156667,0.04770945668891212,0.01506896321685619,-0.3382764929920683,0.5058195338872393,0.26184795069302935,0.4566940479717695,0.23304215577199003,0.022455434133704155,0.5341909341158603,-0.41299156230901174,-0.43789750734007266,-0.5405752578443146,-0.2540765635889909,-0.10313489570654465,-0.26325971066994514,0.2760029249570111,-0.1429316889518985,-0.18084516235793707,0.021973791579137224,-0.40505251163430933,0.26847712312684896,-0.3982636791852977,0.48629652460495143,0.33362851639316976,-0.3932677246653763,-0.5565047713529532
HELLO,1.4363913873185024,0.3865680789419407,0.34271519932601935,0.21107490866729162,-0.23259529927821126,-0.4144567451461789,-0.4357647919450348,0.32670154719866906,0.17496802041056503,0.3446009740903224,-0.4095283524533672,0.4706413998212053,0.3031994970538183,-0.23573395071139536,-0.41600491572692394,-0.27368860755600094,-0.2689330315413645,0.07440028890917666,-0.08092997150692931,-0.23983201172008722,0.04101190481607157,-0.3890457414094137,-0.16336560758206461,-0.05012930783281566,-0.0018141628761884146,0.394286883346382,-0.09719320054009367,-0.011724838212699856,0.07594523149440208,-0.568752903094706,0.20280303239052958,-0.22552413117154946,-0.5043200994986847,0.49829680489422484,0.5629976968329682,0.3265004096763711,-0.1275941162204982,-0.3883412450342984,0.08688463512341776,0.024100285125270557,-0.2719533122340851,0.05393699530167384,-0.5419712598416953,0.3492260481056678,-0.3316542626496255,0.22412047314844544,-0.0868177621182769,0.05402692070232687,0.12195312614024043,-0.38455683167282295,0.48125357595882334,0.16554313882381083,0.3777564816047284,0.4651212342829205,0.07873241815558038,0.5186247926780475,-0.36847069765272084,-0.08526336485591549,-0.4472714766773062,-0.28718209061125954,-0.11408508279810267,-0.3056922183113942,0.4069119092169752,-0.1398882681488089,-0.23004723568044452,0.0327654920477157,-0.2998485095894183,0.26600000216646613,-0.36328537272794054,0.5705326300682226,0.24487343228822692,-0.3753680480027458,-0.5355151082872474
HELLO,1.4313488580764788,0.45811261613400395,0.2823999368994857,0.23969348198129486,-0.32550506172195287,-0.40872043097502625,-0.35732250712281044,0.37028501453330603,0.17091078435604506,0.2933684613238645,-0.5561361534183399,0.5804702204957498,0.40485239759694647,-0.33597323912048616,-0.2938191032032312,-0.29601889086815764,-0.1938432118831953,0.09450955073722926,0.04693352490879793,-0.20818634998270752,0.2183234009601463,-0.28144993050762923,-0.18927165881066946,-0.11954368294212259,-0.13613524551576528,0.16511448993643968,-0.2871243939928932,-0.054239875012737845,0.08924367749887294,-0.49632260662800737,-0.035534868497001354,-0.3008915129577778,-0.4681109514459118,0.4553014342565984,0.3941824111842215,0.28161196832488244,-0.07055581953599899,-0.39204380598792965,0.22819913411717027,-0.1615172508104819,-0.18683888856382416,0.14265001077691283,-0.35653663960864523,0.47562168028717206,-0.24000855613919395,0.1978882057033205,-0.10444734439099287,-0.030217558620245707,0.011150379805745035,-0.4486761332017155,0.40783910154401815,0.4080369618097669,0.4127591742721597,0.36939959790680216,0.12332134140605464,0.29289605044915495,-0.33587696274107515,-0.2027045891510248,-0.4245890098526292,-0.04256159031837645,-0.21746925160138975,-0.0811537044059564,0.27027819689355703,-0.24564025196746114,-0.23805684720915277,0.19245653759603282,-0.3606311462972012,0.22758964822915317,-0.529044754278618,0.4784774562208042,0.11264784357204549,-0.4052997457933028,-0.37103247072767087
HELLO,1.4804012234194615,0.4404413346867395,0.19474076011104138,0.10333919638158413,-0.15614160528153767,-0.31160743896215537,-0.3691373338350152,0.3499795437084111,0.10598674031258164,0.259845593539009,-0.46932791947827524,0.3181196935629017,0.43488590173461883,-0.3368715835434303,-0.14926962146359923,-0.2616476091252885,-0.1900799637892826,0.059902602840512575,-0.07673481244296529,-0.24768548108614694,0.12846075562523707,-0.28970690197302496,-0.24501773135637928,-0.18341712989881062,-0.07236910705627285,0.3613368489007492,-0.18412219804465058,0.04319555136900925,0.13891969958490039,-0.5039256558612113,0.17768522389762442,-0.2853369154755025,-0.4917586436489192,0.3058718082987907,0.367986424732011,0.2548611298619641,-0.10243124540688733,-0.2780991039264701,0.14907159647421472,-0.09248073448210237,-0.35703192067742384,-0.003851369162871789,-0.3911367521668553,0.3674653545918133,-0.16528857937750321,0.14338430052440157,-0.11997094702516056,-0.001615215805272588,-0.002337295289390584,-0.1621601332872753,0.554802794368312,0.13176921535029737,0.4037570606209965,0.49122118416993477,0.002167141274003373,0.4835285013849657,-0.35814300967049717,-0.3599488638282082,-0.45547807478912655,-0.341871089127158,0.0303118110148195,-0.25337836896185784,0.39304255326203,-0.09413936598837677,-0.11043502726462018,0.008031810606043646,-0.34276995682304,0.34692571696320185,-0.35564602900579084,0.5792352836732312,0.23405423085063176,-0.3544225139301814,-0.3856689735765439
HELLO,1.2115740440495915,0.57631688885333,0.20780800244530045,0.0982934578778129,-0.3985687676471758,-0.3478611185066624,-0.34022532975332737,0.42784519389205833,0.1405299304472412,0.21518241828658496,-0.5950643035019642,0.4023788990805751,0.3049865418699283,-0.25104677296741673,-0.31260281963138903,-0.23791514563788896,-0.1578675660222571,0.02910447786732353,0.11400592244749205,-0.17627272499796381,0.07729751859370969,-0.21170877882900377,-0.11182242759170997,0.01164886651319691,-0.05280457063332489,0.36328069151150183,-0.41655417456742916,0.07695495128674508,0.0797966522017142,-0.5619542237214369,0.1901528842228765,-0.47428638231238973,-0.587964928379858,0.4778836539577574,0.5113398339007024,0.386039253717518,-0.1360291895042721,-0.2841951959592458,0.24025246278115042,-0.0704314617757957,-0.3838506544185737,-0.02740078500770669,-0.4419732769309269,0.3215327325934494,-0.2139462425152668,0.15560920380745288,-0.16623811127959642,0.042365863975463706,-0.149470888761979,-0.3872490499676464,0.4608943346374501,0.27069402669730064,0.46025008628416464,0.41901521365418026,0.21919864464579686,0.44687091351095265,-0.43654939460539577,-0.4319470153838534,-0.5642599203328105,-0.13183032443871928,-0.02648696518168056,-0.10534128847264948,0.2625060628386723,-0.1675558281408849,-0.19967879542597022,0.20648799684866753,-0.3498868575681257,0.42629800913267735,-0.4118515240876445,0.5791465515147938,0.35437115702082367,-0.2879972678651755,-0.57610854265737
HELLO,1.3530125638130464,0.5698379203206745,0.30221995528981416,0.06396645805528883,-0.37136605064751543,-0.4824753279650428,-0.32636928447325564,0.4370612305946274,0.09014878605986057,0.2240833313299193,-0.6530847719546303,0.4309726924785744,0.4391982920695526,-0.20913709918331735,-0.2917189882277848,-0.3177729508373611,-0.13204532266475616,0.0022456231081509244,-0.20123043705348487,-0.2092667909758679,0.14410244088922564,-0.2706919245641165,-0.32315101230446175,-0.14347106123042472,-0.04995430816337394,0.19707580900524463,-0.2613123558477768,0.07402388094255573,0.06915918421955901,-0.28914217859028446,0.08199605129874571,-0.3652105539679618,-0.47300211485220867,0.38364561139025416,0.4209099936158508,0.1936702385778592,-0.21070885673969275,-0.3977299657516724,0.0016088273088930571,-0.0680034672587872,-0.37459103861586684,0.036344029366513333,-0.36924067307871555,0.47742874324682283,-0.2908491162028272,0.10360931057337026,-0.14192857178660073,-0.02371436572919089,-0.051534042186610285,-0.12521420500242525,0.44472668659518305,0.22501088874603103,0.2641285370648308,0.4629395178179551,0.018865111147361835,0.4241638797885429,-0.3340176454437268,-0.3817986213987805,-0.44841411494405886,-0.05276667642123098,-0.30786247485959634,-0.2934914359844416,0.2563741584489636,-0.15819908311124342,-0.22288876050250228,-0.04220492747747877,-0.4114256427142786,0.24033898311781382,-0.4535124959340587,0.504344755203005,0.34508989908634385,-0.21685783874211442,-0.4421871419695717
HELLO,1.3046221892885548,0.4504506327837279,0.42194029409079614,0.17982109961202042,-0.3792217242674455,-0.21744242502669495,-0.47296192301559364,0.3127039883106737,0.21277356661749391,0.10330063459509362,-0.6325177121256661,0.5452126184068323,0.3346579153297188,-0.2774716510387514,-0.34708885994705757,-0.3356749595372909,-0.2324065492669724,-0.025323002788114182,-0.09860779914738517,-0.24184695890737407,0.04556619304088064,-0.40411967529450565,-0.40807611319775905,-0.07886678058189481,-0.012709754264312697,0.278383254793347,-0.2813402670608608,0.036120630664701864,0.034494425133698554,-0.49615601145763466,0.14981018067186846,-0.3128755974999776,-0.27148276784013603,0.5784545096883181,0.5402730043056273,0.2474585548582356,-0.24055079108819533,-0.48249162388391487,0.20661361449509363,-0.27912389381717484,-0.4146513073106611,-0.029360401834475195,-0.587554721538381,0.4731393072450728,-0.3323513566871737,0.18394169761024287,0.034413269968535054,-0.10881242761860688,0.03482616694271569,-0.3477423554852942,0.42142713345284777,0.3359529109319434,0.5280052699504645,0.4565584023717557,0.040032852214986425,0.6165820812953101,-0.5531269530154319,-0.3866274631035984,-0.44119436833823206,-0.16751815570508372,-0.07227918396021804,-0.10224024062008796,0.31914943560268144,-0.13414831648937228,-0.26662677453055916,0.08976236463509984,-0.3845540558772645,0.27667241906873224,-0.38197070408312694,0.5696806107669652,0.09559624516274726,-0.27242204449195334,-0.5160941483706006
HELLO,1.4503494738602751,0.43070449832395524,0.33607813646438905,0.04454544255831351,-0.5224077521676346,-0.259878036410064,-0.5093999848114382,0.23975599083545301,0.10239928523472328,0.18893828451363198,-0.41356710764459703,0.5413027177472112,0.34009227647157314,-0.35844616467516266,-0.29521973189495554,-0.30337993973692,-0.15024282308289094,-0.0452281054673383,-0.10008481121128848,-0.1680206104950696,0.2116390591409174,-0.28323237871119095,-0.20129096177255804,-0.17262975862000013,-0.011624371088619634,0.19786472640953595,-0.3656863329825118,0.13501614341038148,0.12457732726579623,-0.4813517259818387,0.17387594666825984,-0.22651787920474095,-0.4705194116743717,0.41469290185737523,0.4214203712067989,0.3855053736136901,-0.11750163502501938,-0.29145562029032823,0.26492126250006376,-0.1904249526146802,-0.35548461948176524,-0.08949392211649398,-0.5066446288824948,0.42296793836525115,-0.1743747865319908,0.09125481695789575,-0.37426649682678115,0.03451048852224532,0.2581960060151637,-0.33137324204808516,0.47333786256057925,0.4177059128440008,0.4867209110891322,0.4121762333862839,0.133269312036163,0.44189374962900874,-0.502687852200617,-0.4113327502048306,-0.303826462119523,-0.15995900108432307,-0.10331507490414213,-0.23586918135060086,0.39122337056124556,0.05984861483258819,-0.17714927694399574,-0.004350862946915758,-0.3697478436565609,0.38787669813046005,-0.472073404433269,0.5550666557229388,0.08658577937840697,-0.31967468418153855,-0.44422668179794406
HELLO,1.4761501625734197,0.38523636904652486,0.1117727404009568,0.07779967100569107,-0.4340148801773146,-0.35592841300215977,-0.4424486642022995,0.2606445421587796,0.165470140552078,0.1954954663268894,-0.39297871618376956,0.32231743293830684,0.2510672671567905,-0.24632734462987402,-0.3821038784589206,-0.3297583427905419,-0.1957018276358883,0.03741691010850724,-0.12226027837658081,-0.19682793472415988,0.04924939830362106,-0.30656370184821613,-0.21704287302342373,-0.1212352268186668,0.16166413139226266,0.19660760502501187,-0.18923963631841723,-0.19851367015033822,-0.07385556353147299,-0.5528007934950079,0.013342582679443452,-0.3131797324616005,-0.4117610258812431,0.42849983578354406,0.45364179573356245,0.350618528990994,-0.12872832061696998,-0.5084510072823969,0.15528174881351658,-0.06541469209343952,-0.33913648543038494,-0.06663646127060749,-0.4727491729322752,0.4117190928409547,-0.2975776266767455,0.1042570723581511,-0.1803892616996023,0.009640409498834157,0.08674848089693023,-0.3994062421260727,0.4415301055342556,0.2567955392368272,0.5046080542140775,0.3195942484622166,0.11667213922349204,0.44209467562614774,-0.2797957185336826,-0.3845842867253557,-0.5073513765388614,-0.24965812381460134,-0.24490504407599,-0.0874760134850866,0.22941741067599952,-0.20855110603079838,-0.11380416965004646,-0.09755248059680877,-0.29856764948224684,0.18915503312669746,-0.3257137773978622,0.31329672163724864,0.13196721599660438,-0.34487809726254026,-0.41673206766257875
HELLO,1.3720634587964367,0.4238571005789905,0.3396774784085825,0.2710776472716825,-0.2902007768044617,-0.3938338399119,-0.4753678305525423,0.2631003553943492,0.10918040552353298,0.07770513891793931,-0.4352664132794375,0.6303557758131906,0.3898499671838657,-0.3251927069373186,-0.2760200397823561,-0.186952814533296,-0.07011818621957117,-0.05554419969283182,-0.027231270191298375,-0.22141897900757398,0.1763803545554744,-0.3298170230426165,-0.39743306422353764,-0.1614792036100554,-0.028045346751260726,0.17042676402030593,-0.2538444570523614,-0.10768678092455082,0.02853944506867817,-0.3462446337039915,0.03684262879229688,-0.2835585195765744,-0.5752343044474154,0.6153907097945446,0.4412677419955788,0.31602301267227867,-0.1810632871027121,-0.3537225368471074,0.06269862787326273,-0.06027442392733176,-0.43066327121772974,-0.13998766797499143,-0.3866417028744848,0.3811465633908148,-0.22181838435098153,0.1769099178522267,-0.21507710570067812,0.17807020946827332,0.04292910713295891,-0.4397817298886064,0.4375541189498931,0.3151118329700834,0.4821065503138332,0.3078048756067079,0.17225857939866673,0.2808448807134336,-0.31997668173876703,-0.4095649687118472,-0.47287232861015605,-0.08950417499459967,-0.10175425679955244,-0.1633150868090185,0.3782304659287239,-0.04034518423404264,-0.1340887022395223,0.00639653847533312,-0.30844044432176015,0.18007283181821995,-0.430081748907252,0.5523657153716005,0.2829525816363374,-0.2655531399444607,-0.5115396729536609
HELLO,1.464865673850174,0.4442810445131968,0.1947579272190808,0.16957987720256096,-0.4563941533467203,-0.30392281218240974,-0.5253151777699716,0.4684102921139884,0.08023283148346516,0.21887135546162056,-0.44640987397266774,0.31553508445686174,0.2803958534758732,-0.20417721657879956,-0.2487538308592283,-0.29395291371494886,-0.30371484275450417,0.07159670850092417,-0.010983014141448574,-0.2050094827520585,0.20970657076969607,-0.415180682558368,-0.24864395766477984,-0.33240708303317346,0.029656185028849008,0.31028491847062434,-0.4348718438522986,-0.12645348158592018,0.022604118672361603,-0.39005695192157397,0.08351601285434808,-0.3938588296455345,-0.5154376784614002,0.3648125806270783,0.31093776898595454,0.21180568158475116,-0.2810324772008027,-0.3477180270770444,0.17097518226042768,-0.12589429370179556,-0.19318394472272624,-0.05793484297246307,-0.37224324573409073,0.5390090867017993,-0.36681684541257054,0.16843932147986743,-0.22969161598324697,-0.027845930546936043,0.09114042468783229,-0.36497518418833563,0.4299071040584409,0.26168363171109105,0.40962700009406355,0.3009417338666788,0.16157249919888306,0.5057567101037249,-0.3840180107852631,-0.3341413496626361,-0.5111895699958444,-0.23095927427085136,0.07726739889209869,-0.15362390410077256,0.2615287028652623,-0.13007084711143949,-0.24806829232056823,0.08940011325075173,-0.31559584680209,0.3888857530664773,-0.4934938730132048,0.49526576049156773,0.1323610105000553,-0.4018715425001352,-0.4237498159516632
HELLO,1.2984854155349363,0.3834416025660878,0.23133169584740115,0.15423936666475976,-0.4288475032242912,-0.622470185964604,-0.5115342472032814,0.4626263920111622,0.1285658158245587,0.31398256209902253,-0.5699607970748132,0.33875815074886984,0.36944652501222497,-0.2684590703069202,-0.2937306871627187,-0.24195575873452074,-0.1620229631274815,0.057205839083468144,-0.010854420253792976,-0.1685775292269959,0.18044856925977193,-0.2798244733656716,-0.08532024736550864,-0.18557346269860264,-0.005485047190104286,0.25555009190522987,-0.3670109368239816,-0.040928787272817686,0.1320110102669645,-0.4200893828971222,0.13957781424051333,-0.3475329681182551,-0.43467522692044763,0.5143057529234172,0.34648058830261486,0.3103687159907479,-0.18818973897648614,-0.34206354446740417,0.07621315355673089,0.05976319338099423,-0.3608713312009404,0.016503353846865094,-0.4977218594713597,0.45236219046252957,-0.23738369437733464,0.25924083988249924,-0.3036084637556783,0.03411168756905145,0.07939126721347374,-0.3300553360235203,0.4372113618999949,0.24609624104361796,0.45347008311361536,0.25003063834919237,0.17510117569614353,0.38346368560744876,-0.4012832821587379,-0.27464895623780944,-0.4968371420744985,-0.18515274179665533,-0.2741419295605583,-0.17008107963945834,0.4151430291777025,-0.279326157461511,-0.2515849204483202,-0.055693467101016705,-0.37329500074422983,0.35408788753171655,-0.34646464437969915,0.5766351917546652,0.3770882752720345,-0.31907734074227284,-0.5862345731750728
HELLO,1.365372894822725,0.5013757065942023,0.1338131593377365,0.23146944047289597,-0.2721502764567361,-0.3605308531383037,-0.4987861422646998,0.3126464592859237,0.10705150884722123,0.18972036957761731,-0.40337528528158756,0.442471785897784,0.372882785649341,-0.2899748800557134,-0.29660148420113375,-0.3350000049942768,-0.13914051374049263,0.082559638055444,-0.03126065929211269,-0.16016971362999774,0.03630339251893526,-0.3346464783152398,-0.10791921006577916,-0.0943257913447485,-0.12638741600708592,0.2811946406210868,-0.27032798277446357,-0.046357522938253126,-0.016247126875825746,-0.4788374167549244,0.04827825926402217,-0.330618998823906,-0.5622607788144236,0.49406162225622574,0.4148636302510908,0.38805752705096963,-0.21753813801033955,-0.4043590097043751,0.17039023621640348,-0.1149002814684205,-0.18017940817340836,-0.04449238412931259,-0.38372975708752877,0.32183008639371047,-0.21144950711253022,0.20083205746852884,-0.1902230820784394,-0.025612356393355046,0.025644527134162532,-0.3474087046323226,0.6617467303113951,0.27332457620552897,0.48149004385730515,0.5373573576616782,0.02779448537315063,0.42488705367655183,-0.43304238848259163,-0.31090821321952394,-0.46909366845886075,-0.23321983608715302,-0.09568988751078736,-0.31366159041939223,0.40784812813665083,-0.09338188877404241,-0.2585425156217405,0.0070974174483397,-0.3370349300373771,0.23831335550554505,-0.2804909463894395,0.5155209948958588,0.30370582140735164,-0.24676871203724474,-0.5408349448020032
HELLO,1.4616609173901445,0.4598769757071533,0.30800557949131163,0.08282223407157016,-0.23859910141906862,-0.3118979895018142,-0.2673158258976336,0.3366144164291568,0.11747896343046844,0.12554647804643285,-0.5217593647078952,0.5194047759898268,0.4227885958035818,-0.05046006118406607,-0.32590534532275706,-0.391252562758214,-0.13549169621028298,-0.06546974600786665,-0.022912790315745328,-0.248951317097488,0.12878049235281094,-0.2732224511747848,-0.21671402579123752,-0.059007829960018576,0.025922668106567834,0.13602943912828602,-0.37245427752448607,-0.11071011049802613,0.25255353706445327,-0.4619809413149884,0.2500111889387698,-0.46011205875606714,-0.48076988097860257,0.512925396594611,0.47997400142869406,0.35102613954153783,-0.2956908895300899,-0.2921836065633018,0.24639431417274002,-0.027717465821080825,-0.4328105876417658,0.021080920319745806,-0.4889306772042608,0.2772811052757611,-0.2452538465377021,0.1499838524961799,-0.10329680312057944,-0.1586860942073254,0.06552626565165573,-0.40759098832293034,0.4951224951402023,0.305075227807299,0.43255135939377376,0.45941080041253557,-0.0017613059168907902,0.5104918710456529,-0.46815380724361183,-0.4284890296200464,-0.4765643887294467,-0.3422822710511345,-0.09098879893082182,-0.24939100363252215,0.4274324628620122,-0.09133273646585108,-0.33042519728766007,-0.024374916131182353,-0.31742262138250066,0.3699633015528424,-0.32764928312927877,0.5840476794249452,0.26508296047682495,-0.27227186868573405,-0.3905788025608939
HELLO,1.3502754418924867,0.48109240136512604,0.20584347943703296,0.05458263503980243,-0.3401105500946992,-0.3990089557709647,-0.45238966565338046,0.2833797566123646,0.08591546076861845,0.2439438012853144,-0.5265165886007412,0.47065319236446734,0.3435900482901229,-0.25145809797601704,-0.32886142009731667,-0.22972618279714171,-0.36383126595661575,0.25977665940565975,-0.1377456824808856,-0.17649965793363187,0.03677546190591158,-0.30896468658721404,-0.18572981925718762,-0.18569523969391546,0.041916971849860984,0.2720590910248599,-0.25654894279707996,-0.05913834600207127,0.08994355801631607,-0.29327700590543393,0.18458209423056876,-0.3048662158766243,-0.47086207322350415,0.45428542012333395,0.4814373122883499,0.3443356229100408,-0.28151907148084254,-0.3488552491182269,0.09706557864858469,0.07064256192215107,-0.43969203094857146,0.01890717568536423,-0.38520007302254017,0.3891299986016261,-0.2139720168719944,0.2773368082891861,-0.14313668487912776,0.04851207155175903,-0.08807255224235733,-0.38984332469369076,0.5533382379765596,0.32072884778842514,0.49721624346699506,0.4456591050048406,0.20108050108111508,0.400962241026707,-0.4018675012449364,-0.38631108423118155,-0.557014517764372,-0.30616892648378025,-0.1821357902305058,-0.10444602298693273,0.20451934372664632,-0.16752955215258655,-0.3225171162043119,-0.005381833882020418,-0.3455002716370758,0.24618771089763902,-0.3382761671189123,0.6096051862684826,0.0923171110521823,-0.3559237048939174,-0.4897465130946038
HELLO,1.464629480928593,0.4143747643976552,0.23039911019174028,0.0061189461928807115,-0.4666050277385511,-0.22837470449716266,-0.5878419777432355,0.5524656664486605,0.15912712369374812,0.26247042383738595,-0.4333780123046431,0.4496949971219172,0.3638094031764913,-0.3027726243444819,-0.27392917067766104,-0.31929041229926347,-0.27178561168860105,-0.04488937766870266,-0.14679677138128452,-0.13109880124721332,0.06245716572565162,-0.513474392234747,-0.17610825819687742,-0.01247675169914178,0.01791663935123808,0.23691007617527662,-0.4272711550892474,0.0034929901450107635,0.07967665861430565,-0.5310855561051036,0.15162783608084135,-0.18174575624627065,-0.4171657896180578,0.4617236338132409,0.39065378916785354,0.4201905243612909,-0.20139776417143065,-0.4486449464091498,0.18932809800428618,-0.022090599600669975,-0.36682453246362895,0.09166918176491752,-0.43489375468103264,0.3866050572081793,-0.2091246410938319,0.20249325244405855,-0.29199899745169644,0.112021599438908,0.022637957794370916,-0.3371714023549074,0.5296947067306342,0.33490604130188106,0.38343240725490224,0.45905947987930373,0.0530641266919232,0.5674400787590093,-0.4777630164493416,-0.28485894064438305,-0.5173341220420705,0.0031459810940703548,-0.21034838583748727,-0.18670194844587124,0.26994467599370536,-0.17157528462224966,-0.18278246361300515,0.1406628381683399,-0.2292040500413137,0.17924114395193402,-0.4040292583710722,0.603646424871199,0.13741989419570216,-0.27613363894143983,-0.4946445866700123
HELLO,1.4077034639977455,0.3889299843837981,0.11714443555432988,-0.05439002981728541,-0.2658706432805953,-0.25568154874512905,-0.41770155991212166,0.32344427779988744,-0.028728659734050838,0.2531402147964474,-0.5674778483311324,0.4130059621811513,0.28551751443540424,-0.3034637073774813,-0.37889826856959125,-0.31391878846718196,-0.24550322108097358,0.08086627681937567,0.014430051761160037,-0.200087445719683,0.14886300155286766,-0.19107766337788695,-0.30166361201368713,-0.23231560480871677,0.011669816279185917,0.44089938839419485,-0.3211661027967381,0.15238114579111245,0.10012926636552166,-0.5080205698431288,0.028289460810422093,-0.27912278952176545,-0.5081451324373363,0.4553876846746955,0.5923092351052869,0.2838549166867515,-0.09026547285511737,-0.49949136517172865,0.1415202984068129,-0.172419028357592,-0.37212202467735256,0.057583164488596815,-0.4595965118762867,0.5074844068763942,-0.3011543576503135,0.18054970464910736,-0.23048646979969756,0.04900214801170322,0.0870091630402737,-0.26855386767574796,0.3839370807057104,0.20395313521818903,0.383155924908894,0.37571689059832103,0.10487489114759956,0.47852136477165097,-0.47935539389521903,-0.432098681396995,-0.28231325803291873,-0.26518591088893007,-0.04441681247087388,-0.22614961804621012,0.3488419604164398,-0.14337071377328295,-0.2498528408683893,0.07981386579212518,-0.39416275152582103,0.3955012005329828,-0.3799740758197368,0.5348544656630368,0.2316749244921302,-0.32019269743294726,-0.5895109075677628
HELLO,1.3462988343093174,0.3677882331014124,0.3370394230585023,0.10270134944455708,-0.330341580754329,-0.36201720185179903,-0.4261100740676879,0.5633663566435498,0.07710378899180949,0.156039535019246,-0.43704005507176213,0.26785236147379526,0.33755918375329635,-0.3173979215851559,-0.3975600940757869,-0.27597487652164615,-0.19143868356479884,-0.11943628096729952,-0.11977734305327925,-0.43983255621737605,0.13531443985305971,-0.3378421858727456,-0.27131790297147573,-0.09042913977165816,-0.14652990547268585,0.20785459931821415,-0.2669509806910351,-0.040858901983423845,0.08740201236584691,-0.4986415094741097,0.07467035939750363,-0.3588538135891079,-0.4914889475921747,0.4730815144021432,0.4153977541342434,0.3096522852201093,-0.2536847653365816,-0.5250717761043728,0.2572278464528902,-0.019885347452766024,-0.1948671996514074,-0.08834091708859047,-0.48232831787134406,0.3990398036103176,-0.1620704633374126,0.12195365282337331,-0.2819722722446574,0.11669276585469099,0.02137827700238141,-0.2448540636963895,0.5305604998279355,0.27274158544893057,0.42555384516140926,0.36350216592126444,0.09668452850948599,0.4909222531167673,-0.47522271243284686,-0.2953094871641252,-0.5442632253453665,-0.25419816788011107,-0.11379783008296793,-0.3854636088896106,0.4935821984812135,-0.2386914696992296,-0.2222725713251435,0.13615350090359762,-0.4281082021252772,0.11798122159046234,-0.4610450171302029,0.4169013061944278,0.09013488860929722,-0.2784931270600517,-0.4779103738977615
HELLO,1.4659262352104308,0.3610485171682852,0.10406302289564406,0.06612063755330988,-0.35104877227829107,-0.2702975114248777,-0.3290709474313878,0.4633344764875229,0.12323850509462214,0.2720325180763773,-0.5306549804857323,0.48338146756001404,0.23713942965739726,-0.282646057570774,-0.31108329700105836,-0.1788252016917686,-0.214076385959682,0.03195985864450074,-0.04909806810092082,-0.24515648507303434,0.04765347606544769,-0.256601233360194,-0.28632874690160565,-0.23987160244129013,0.01049121456067436,0.37780114875493437,-0.3364389904496914,-0.020649840598378766,0.11501805095058593,-0.5101778014194569,0.04500785025248087,-0.2591084692737992,-0.386377918952031,0.5537782481587816,0.3654249120853197,0.2682003491636118,-0.17289186584507307,-0.47637755397556547,0.23556802148452888,0.038122660717707854,-0.42463040293340903,-0.0017357346705671722,-0.34916198367829226,0.5532621280803021,-0.18155591831515078,0.2099966182094707,-0.256587846685382,0.04880477321443809,0.0912559466052795,-0.3319751571593566,0.4220025274001056,0.17262900948296617,0.3004805611600857,0.2389966693619558,0.14425538464046606,0.433690181041259,-0.45021238847136824,-0.3305336413988259,-0.4379350677670232,-0.18783471491742318,-0.21856696471082426,-0.15561095060416014,0.3530676028055141,-0.12197479492130286,-0.15206047404394946,-0.022395545326525504,-0.26197726000717003,0.2909935525986606,-0.3543614458937592,0.5456428592795297,0.18914062305645296,-0.2610522860726967,-0.4683759092086628
HELLO,1.3769650514469098,0.4431645664070857,0.22512248183398176,0.16367363824855624,-0.29774851845424266,-0.3415671716425442,-0.5612712795495105,0.4057316189016247,0.15900410127743117,0.3921053846318031,-0.39338086065579453,0.31797574112875693,0.33871699272191313,-0.14275088702852531,-0.2682911242407684,-0.29030331731670944,-0.1237394643272434,-0.025033823967026407,-0.02980778162768777,-0.22880830292131094,0.11028301585754151,-0.2942297780923496,-0.28199239966415635,-0.03059955880215323,-0.07775497266980753,0.3060289880450462,-0.4123668546636357,0.07182142168332284,0.20813488373776867,-0.49472091121745404,0.018726980980670382,-0.30723723113329177,-0.31856355541538106,0.33289701201486077,0.37712737857629197,0.2720621834515399,-0.26101373678908496,-0.46770272332233576,0.016703376299054717,-0.01272295046792929,-0.35086412492565033,-0.14073102587302144,-0.3490358180882819,0.5438077872732211,-0.3012924623823922,0.25584617163214246,-0.23412874830986474,0.03455734199469568,-0.020150691458393072,-0.1380054225974909,0.44590324957816674,0.28524874518699156,0.38446395056708293,0.5437325982065604,0.24882915049823795,0.5523485695241521,-0.33499227008027077,-0.354000301335579,-0.3885447034124685,-0.1752330931507145,-0.006330020571107431,-0.13937880395687519,0.2767962629058554,-0.06742060907943342,-0.16450273430910511,-0.1791889458748274,-0.29500084385488035,0.2676533176628232,-0.4963327526667631,0.4194260882570179,0.2614253376460949,-0.2628795520588929,-0.603714844651772
HELLO,1.3897279457443596,0.4968549517053619,0.3809384045049756,0.012523270659026198,-0.37195033449978776,-0.32307244184807904,-0.350123641416472,0.34183823528119006,0.1970063215024929,0.05308359247792871,-0.5796833611539485,0.497801399708732,0.21957668095339172,-0.3816185314630612,-0.36039718193257453,-0.2548803707933003,-0.3474349443450454,0.03838030060522937,0.014582134414340225,-0.22436647647627475,0.08234647635497624,-0.32836443674327226,-0.22322423568249705,-0.022398174207048566,-0.13284305675371888,0.2810444289798068,-0.28387130784478554,-0.016041885734105168,-0.13728804417455442,-0.4664219799239377,0.17955901085443568,-0.26722714142262705,-0.4065661284411045,0.3610565485853954,0.4972567900712381,0.2625223223930821,-0.16710759835073596,-0.3926074850814789,0.10612300480948716,-0.131243973408951,-0.34955996880149987,-0.022512137511809954,-0.5328339933373519,0.3354939869006354,-0.26552648623888037,0.2879706679314388,-0.23037516648754575,0.01894645811720372,0.054841822358440456,-0.4056276557938284,0.32855802905714293,0.1930015645822561,0.4592651317886934,0.4018138350608816,0.15409250434317037,0.42961422661984616,-0.4202714412656168,-0.352338119574865,-0.3840041679004465,-0.248204080334393,-0.20015467169419965,-0.18328652683505586,0.22208492429963694,0.0499366065862798,-0.21266601986788777,0.0705285724642393,-0.4237493609871083,0.276975793214716,-0.4595899256708175,0.44354013758702593,0.32288170941744354,-0.3372504015238501,-0.4130777845496631
HELLO,1.5875947068569485,0.42707100719819224,0.24417918289753504,0.1290170487702772,-0.19906097455008215,-0.35061730246685247,-0.5082377414044695,0.26486890532487883,0.09647629594863007,0.1722021602717349,-0.31861476256019744,0.6114988458161517,0.24969281456653392,-0.34452169760565815,-0.3122734241619485,-0.20481737634186514,-0.1911967061307782,-0.027022819406805884,-0.0727655261501022,-0.25904964891364185,0.16005107147753805,-0.41722883628113455,-0.24869023565893922,-0.04068345162982061,-0.10539921156808985,0.16948571878820062,-0.2927267177331359,-0.014603433922756072,0.13332780893643875,-0.42815183250151506,0.10499137232996941,-0.3343593503503081,-0.49381708296054727,0.45555330293279267,0.5361348155891809,0.23052160880450304,-0.19581802093555206,-0.3192567855348472,0.22466695396949282,0.04491032544765834,-0.42341315154196796,-0.1512845657603191,-0.44955933456832664,0.4383260672809009,-0.13174626204216905,0.2575739431305407,-0.1453494340695921,0.0812992383114455,0.03136456268674851,-0.41267471338001027,0.4790023251550314,0.3537387004513367,0.492007811150473,0.461531937560398,0.06367952384734499,0.4006304879816429,-0.37283345889891223,-0.34773772914155515,-0.4960300766841021,-0.15083109032653952,-0.05045033085796537,-0.2446132620924568,0.23568235226763823,-0.2021109865098371,-0.20277172352117137,0.05801776026752565,-0.3397767240128095,0.3439006040017002,-0.42498451163683315,0.5080914201877422,0.26864262347034806,-0.2093856398314725,-0.37989052037899745
HELLO,1.2794192162569598,0.4302941510417359,0.2346119011346617,0.07730530723589092,-0.20054755225109364,-0.3260890574166186,-0.5063461339958281,0.41389153293978886,0.12279297485090422,0.23240801136031922,-0.3347854130002623,0.49797266622237907,0.3081497188905021,-0.44408300342653195,-0.3314069542443803,-0.21211789676039106,-0.20305128660495725,-0.1544475602493224,-0.10792397273327997,-0.12935577668893472,0.1555182686873407,-0.427696611068817,-0.2530781335767084,-0.16649484943450166,-0.09694711753199847,0.12280205197384703,-0.2392389297920518,0.11479923494873905,-0.029061346655136752,-0.3540413526730971,0.0993029957896611,-0.2314652884592785,-0.4319123721114848,0.4597291046260236,0.4954268048331364,0.24519204210563889,-0.0998122992803876,-0.4920383370395989,0.15206768695082323,-0.017906332048945185,-0.4186973843940583,0.05737940937646571,-0.35554218503006507,0.490324082163089,-0.3961092434942728,0.17259004192353056,-0.10599431505487768,-0.08527188656795374,0.10459912632158964,-0.261748681943328,0.37261743640949735,0.34187143662032743,0.4613147650465839,0.4468578935253503,0.020594987949874535,0.4338851243328276,-0.5478977822786664,-0.4861764341834989,-0.44350643696724196,-0.08662186069583085,-0.09108776516931158,-0.23372665334163575,0.3137347795475395,-0.21865190462185596,-0.23681436261624375,0.07643084061940403,-0.39389355364928763,0.3622439290609018,-0.409771353611061,0.5122452900223898,0.34333778958073424,-0.34342475307822684,-0.4417274359814415
HELLO,1.3436219814672046,0.47787546511542334,0.18033223376047963,0.025802178351858024,-0.336632179905684,-0.49482148382548674,-0.4656177833125111,0.23766598532620076,0.16345373448829745,0.29208142548475863,-0.548531603417862,0.5041748891598741,0.4043734978954211,-0.21546335152158116,-0.3010189660751681,-0.25785111610164646,-0.24770426199409382,0.03140622888477224,-0.10542325390114632,-0.2674738977047872,0.11473796603994967,-0.33270370925531223,-0.11477465002838289,-0.1124257145223973,0.007424427013960025,0.33743861525297664,-0.08532346858588344,-0.13056815384819473,0.03737985951506824,-0.33562510308095583,0.07938380591316045,-0.25861162530457094,-0.4165476451136936,0.6173017293499741,0.37658767890946243,0.4061413923179662,-0.055419726404829395,-0.4834813961670561,0.2468626459986646,-0.13708734512672316,-0.3755488393524112,-0.025350124303303707,-0.6578317936767566,0.443259142855734,-0.2297528849914846,0.2808486022264428,-0.13939743153862563,0.2033387351041118,0.05527366990957675,-0.32358794863465756,0.4548360957071909,0.23996572647857267,0.26287886825358364,0.37721178026701224,-0.06752839930379426,0.4580369025899783,-0.5107123213457272,-0.3755637474279284,-0.5083255266760661,-0.1910644722617953,-0.11077324991539503,-0.14189260158025843,0.282535101671325,-0.10483498240862116,-0.000596111654733833,0.07288413937930685,-0.37351495813976804,0.2398648485997759,-0.4409958799538555,0.4159893091117648,0.2937376834313592,-0.29300078737467616,-0.6674554205498211
HELLO,1.373055478386077,0.5368060114211172,0.2000649936351851,0.04642674240411163,-0.45419742140691166,-0.4926448429937497,-0.3754084464667402,0.3516578794085995,0.16287673670348263,0.33057847736240303,-0.40571569091136994,0.42652006644689067,0.34403205397302616,-0.33684271853427733,-0.37483810980103244,-0.2891702771543563,-0.26234126768991606,-0.15197569789485824,-0.13910681301607436,-0.2333213516969479,0.23356477454893326,-0.3997811353376674,-0.16690142418243986,-0.14710281542327386,0.05418239572666665,0.3777436722301303,-0.2062322094224467,-0.12448424393977661,0.10895249264164202,-0.39283449927024644,0.13806793690858485,-0.2785481702469621,-0.43028032667188226,0.38930280071521106,0.32986424227565925,0.2567517938245831,0.01886255906444209,-0.4411799800808699,0.02748180842489739,-0.0012355574020720822,-0.3095249644606096,0.09816286132344142,-0.4279331985882392,0.4769685232361382,-0.09400264761262381,0.10288440498901275,-0.26379698034448645,-0.0674989019864235,0.025448712423761,-0.2004717508884595,0.5118300971842573,0.314228179577852,0.29395430727101124,0.33937240424873527,-0.04895263181787782,0.5155738981688404,-0.2846557785172219,-0.2416517994016243,-0.5337155947486255,-0.05610786974747241,-0.1315831031125348,-0.32580771068631703,0.251585168782994,-0.1776592041537577,-0.21509920867384272,0.029788546226104967,-0.47208924847891953,0.39926229348889103,-0.43749782987517666,0.4297866280988652,0.3610689582552785,-0.39595681352715006,-0.6247890975623588
HELLO,1.4763391145752616,0.6020253343739432,0.1950262603192932,0.09498088356366499,-0.43571453671923577,-0.3435660756443259,-0.4799728089302963,0.35800587057213523,0.13385568275098822,0.12022093955357775,-0.508360412842803,0.3256073384197401,0.3040436580713587,-0.2951356149950838,-0.29985643878801316,-0.2974293669175095,-0.1234439369815138,-0.09841688990962776,-0.18695714375390776,-0.16645422489055645,-0.051264007438053816,-0.3458421223795587,-0.3022787866319734,-0.007812985432933794,-0.023893823164741874,0.26764347981596864,-0.202108547670506,-0.07083772211206446,0.02254179813501779,-0.554465973972411,0.03834171379351893,-0.32458662756331746,-0.39543225725522285,0.5257992720827367,0.31965410932250027,0.2946483091993978,-0.28403939332189343,-0.4187508533126642,0.37096611292232007,-0.036498565300397495,-0.3060045674633615,0.15203221188415392,-0.3754228194308009,0.3734872437038233,-0.34328658532557815,0.16011074279231388,-0.23370538664808388,-0.10189368175172313,0.06598427912643715,-0.29387464062972635,0.6111139637856214,0.24619177785416946,0.461908652681745,0.3415885172524316,0.1677535332665624,0.41190481132790646,-0.5053148266562999,-0.3050948833140674,-0.42353087928426186,-0.15424779824365062,-0.027650973070848434,-0.34449547798935926,0.261318101950734,-0.09206368676276774,-0.27708700854950497,0.06193378310466502,-0.5526553948181784,0.5194727065390703,-0.4470268388448161,0.5824034373995796,0.24529294324997813,-0.26810843616735663,-0.3751243111687758
HELLO,1.4678046003840333,0.4343579080350982,0.2211735957799097,0.17894380901169943,-0.1573218072147394,-0.32862286571187405,-0.28535129658846925,0.34686299294131867,0.17727184082399294,0.2961650387758284,-0.5122123460124194,0.410143605817863,0.42407377588420997,-0.33018544430116836,-0.38972302580693163,-0.3713122502904939,-0.23860682411449521,0.09328580000229204,-0.026851567495789215,-0.1515182002213268,0.14556327961022608,-0.40801335232768926,-0.15208712299212007,-0.03904185057788398,0.0028302415065806566,0.3211484339230816,-0.3616905783672944,0.03117980473156984,0.026795262506146347,-0.4554718159264506,-0.023676479236586917,-0.4600805485520759,-0.45023222221048287,0.40501036350717406,0.4741750085524932,0.29761586178725163,-0.1929709678498169,-0.3536392906050769,0.1471715100592903,-0.07740301119198774,-0.26156006733416803,-0.0045763597427276575,-0.4799483168548127,0.4159214180246372,-0.2541291682407455,0.105756500917724,-0.26813131088496667,-0.04100648603418958,0.11654381428494259,-0.36553796485194595,0.4571906596176564,0.33119172617174636,0.4172276478993108,0.445496255615141,-0.025363464583384218,0.41127290065976513,-0.4051958102201998,-0.3021660397330014,-0.5870062069165727,-0.0784206575222713,-0.17969654590823134,-0.20184799820510668,0.3293746517637158,-0.06294991140155651,-0.044066383962682726,-0.06053307560517841,-0.4109888855270373,0.31732438026116383,-0.5138776217244525,0.5494615452369781,0.3397145790692221,-0.2565283923862246,-0.4755513428063018
HELLO,1.484116821084945,0.3582642678764072,0.23721539743880937,0.03955425469861886,-0.27278805295235,-0.490672772824312,-0.4441630970792389,0.39299524074053105,0.025315640945306847,0.15797737521832017,-0.4781851871944291,0.5463175625173124,0.24981310251345745,-0.3563368845516987,-0.22812801110967185,-0.338433522140153,-0.25796088022806046,0.08305121540959111,-0.10711074113646399,-0.12657713697485617,0.05875526456400249,-0.37327370429395784,-0.13225761823368332,-0.15173902640020842,0.01655424998332764,0.2799321528505332,-0.14179087332963794,0.1397367267418395,-0.01383313213265737,-0.41177009278016147,0.042232533013355014,-0.31415532120929,-0.4294787566698996,0.3644545758859342,0.5503107965569853,0.3246615836019871,-0.218160873680436,-0.4373766719331037,0.19541518409345573,-0.027213504859255867,-0.38795982806388246,-0.2314246555508265,-0.46426022158538294,0.29400183714999983,-0.25797622365190914,0.05015714378841063,-0.30160873471694644,0.11887776693369306,0.021102920867728425,-0.3468785172602264,0.5081865516708459,0.2454855815153184,0.6078034289343819,0.37298576956956725,0.12711001176972597,0.4995495415332657,-0.2833272398995277,-0.363377628433466,-0.4882097913965535,-0.07270231921325447,-0.04651772598630269,-0.14263689337262742,0.21924114566715586,-0.01940669299248922,-0.2799780937754036,0.05807952140960014,-0.370933605232579,0.23191835383019405,-0.5384522173939095,0.3473790872698854,0.28176624178097537,-0.423309845684504,-0.5851831304833482
HELLO,1.357097248591505,0.23960962638912417,0.2943123187749252,-0.09413256917150803,-0.3501711508641853,-0.3428039415362542,-0.39887145021725584,0.3628416815837437,0.2625476488498679,0.22537792832152553,-0.39512651376470476,0.4120328274523713,0.34210318529557915,-0.16385528171940975,-0.33719064276807065,-0.3012167090109477,-0.11728948110946426,-0.034621929983092915,-0.2409798080234197,-0.18832496750496858,0.19094642827101968,-0.4686218005393159,-0.15423775968259476,-0.0794808457191453,-0.2258097165121884,0.2102728708004718,-0.33199252030017323,-0.00013548160520735972,0.03296382768060376,-0.5173098115665768,0.24126348319600574,-0.33808060686142116,-0.49055189982669967,0.4455919791003292,0.5085992997194508,0.31252745825335776,-0.21184443809286718,-0.4543292194872524,0.13126255887474897,-0.10767217717922746,-0.3508565970903622,-0.08435749728087279,-0.43414994100716386,0.5223599825289285,-0.2151634297749271,0.132955442040611,-0.2921390747149595,0.14631656581073194,-0.04689113270463334,-0.24726058171641313,0.5206660566121174,0.2561913351239898,0.4184606372617349,0.24797044850436717,0.12430517887609487,0.47146834161478124,-0.49863390723990486,-0.316482855527183,-0.45174375788874593,-0.12790385900077023,-0.111018464220663,-0.3587565165430308,0.2863424875949302,-0.12527661047528915,-0.1517432229494385,-0.006714845593291281,-0.1840637850612358,0.1506391352470825,-0.47054537032486127,0.4802442483210954,0.25618483621242827,-0.3998557048510142,-0.4586489430562541
HELLO,1.4042276429524763,0.4545512220884399,0.25854145087208635,0.06475637128119413,-0.47337039556624894,-0.40133666926797695,-0.42935202131904526,0.3791956989626469,0.10442533595007664,0.25196923923484804,-0.5259071893401989,0.4720443367308372,0.37821006307281546,-0.2944520748019121,-0.4176409470653873,-0.39351455971900917,-0.12928957109811295,0.13615420466764366,0.025967667268039688,-0.1901983838225953,0.015602286561044038,-0.3610142638897877,-0.08287494090874811,-0.08415908626979027,-0.06052821759767388,0.3354659800203109,-0.40187783437088864,-0.04141927181424456,0.005679257580256475,-0.41598384181212766,0.16467313187904578,-0.3417819584885778,-0.5047827811538858,0.44730560977056305,0.42670564182065474,0.24470369174096157,-0.1682667360018896,-0.46296726379511005,0.0589250478750295,-0.16737666388945366,-0.5062226025004971,0.014977863437366536,-0.4535790438306885,0.41736200963943504,-0.1942014862015877,0.2578789928433513,-0.23567024637659828,0.05258621935688426,-0.0796589612491905,-0.2048487647734049,0.369998128707106,0.21832633383787955,0.3916821804655417,0.27272567068987186,0.1005060250037701,0.43898654447923535,-0.42666059162660447,-0.42723694814334096,-0.29610181230132504,-0.13073120551660383,0.0994150531814787,-0.2930597074170075,0.4053680874060875,-0.08090476231487764,-0.2423114985604082,0.1555801552429864,-0.3915085756343396,0.2733256672000711,-0.7031637476752999,0.5196091808999282,0.1662039763620649,-0.3453420141214685,-0.5765754539759999
HELLO,1.3452415957019015,0.48622472482731105,0.2328852668553057,0.15542978743750116,-0.24273099671071297,-0.3735091545980242,-0.48020176719308966,0.44279435806789597,0.1840787948424032,0.26731984724428925,-0.5555898102433455,0.5037222574021226,0.34120028912420486,-0.20345857401375078,-0.3640047999559193,-0.4499243134385595,-0.14053881301004048,-0.17991303902833033,-0.12657605366959063,-0.29062650070742163,0.029458121049919725,-0.4204286570243658,-0.11046546588465145,-0.06799372318579847,-0.06406847034236449,0.37586583914173755,-0.38530999025495016,-0.08162823244616105,0.1615023016017697,-0.40717812893419053,0.07072377977477251,-0.42031274780855893,-0.31816985701168526,0.3112773331775078,0.4177579582470745,0.3266834703178929,-0.05121304615211367,-0.3716798690277585,0.2226573987532208,-0.10539820227224889,-0.33248334713325334,0.003601655781597138,-0.5926886421181863,0.47275519035823066,-0.16358854721223498,0.226791488259675,-0.18562268985732489,-0.056426129474160966,-0.1380244191595096,-0.3025812560423569,0.5561399925438265,0.35477542088776104,0.5047847690356969,0.38889047214369754,0.1848971127336049,0.49580718093158904,-0.44531818280580515,-0.249889296251587,-0.4976494427222053,-0.13146773070738188,-0.21525204185460337,-0.3264279129199378,0.41339407290744196,-0.06824186353002952,-0.16837656706655274,0.049733588842474905,-0.5503777295071692,0.2962069056975205,-0.38911470294504213,0.44410827679575,0.2152452338719984,-0.18573068741353227,-0.49930100218772655
HELLO,1.410923732418753,0.5126448233394654,0.15187897569099887,0.1141150780141721,-0.2384097999993795,-0.19846762499981965,-0.4387214760546253,0.3471406619871692,0.12263693719421147,0.22756354155824718,-0.36847486041370525,0.39019851702862896,0.31005279390714,-0.3770321954718447,-0.39914262365670555,-0.28646956893543624,-0.13096912970950014,-0.027194903867261776,-0.006287398239861075,-0.11984456723140063,0.2666293745970507,-0.3549263914406742,-0.2590365136603125,-0.21383591123477988,-0.13207347161655558,0.3851584175053021,-0.4215338452780923,0.11165431726570763,0.022939286521870564,-0.5083660831087548,0.09542041550063998,-0.38576824027802936,-0.3603900266179545,0.5939530534119553,0.4130374604703083,0.273818320983291,-0.2084518954093412,-0.3590433449142051,0.17195428419568837,0.05113308662380896,-0.286231851830267,-0.09966007817633782,-0.4239340256387953,0.5309475410635422,-0.28080249406133373,0.13898109461049746,-0.23053188373882547,-0.02049802806406964,-0.0867658448096042,-0.42141074059167705,0.4757825252635369,0.39622066133333683,0.3904300765627265,0.3434067661917642,0.23402166444474393,0.3332136380778379,-0.5444069509645942,-0.3702983724718548,-0.5077954693930112,-0.31446591601234086,-0.1215660468124869,-0.15277526023718124,0.22586112725474322,-0.13624041579012358,-0.18739063626247737,0.03602534113630502,-0.3442203678459526,0.31798316176165653,-0.49046759287370373,0.6067735423614667,0.37206531602275467,-0.2060914066865342,-0.4133838236328885
HELLO,1.2485417612927205,0.5247992966348735,0.2844420560153657,-0.024263404998466062,-0.36117418796956974,-0.3218620037177743,-0.30877101998182976,0.4241540544064759,0.03194975356094468,0.3437036544722025,-0.4759131246870864,0.44944256120974696,0.30627318507331674,-0.4175453083635745,-0.32695659309819075,-0.2767966695621136,-0.22658842324247955,0.05839262981204251,-0.13720626703101868,-0.22004509294416766,0.13717612085107003,-0.3453332691828845,-0.33629255864230556,-0.16875863277600658,0.09026701864204442,0.24578027544657216,-0.2990616143126931,0.007293978369696057,0.21787374957561456,-0.35032013750442864,0.17214733188694314,-0.4073352613825112,-0.4062137630793541,0.49432087669934377,0.409743646226875,0.23875597964864603,-0.05898509905006691,-0.42639215097097044,0.3134311720250488,0.019919994179164013,-0.34533162256519545,0.03137942502002896,-0.577645043711243,0.42586238446553537,-0.12785838536145297,0.2170294446088307,-0.17594198894543622,0.15702299684317322,0.03190702153041533,-0.3647099984762077,0.48189118105081913,0.3364502128100422,0.30207541389952824,0.4176168419068822,0.16272758005398996,0.40030290499936794,-0.3229503166438692,-0.2527222045879692,-0.2834620616085758,-0.23471790104323287,-0.044865922270830846,-0.31003688084989645,0.19950819304979125,-0.30608914073184057,-0.17599956852086512,0.05743591627377667,-0.3973998596141777,0.16031663403807062,-0.48068028641132327,0.4872143772145538,0.33569831864010524,-0.3026071784856377,-0.4743130554599754
HELLO,1.3444495283694315,0.5906522426120886,0.15053397026514687,0.042719426814226386,-0.38337000547704453,-0.30058912782565944,-0.525025171014751,0.37703363301877507,0.11430782321733339,0.15252394013737508,-0.453017148827649,0.3892847402629998,0.24307670940348206,-0.2796924288000086,-0.4509554796311444,-0.4881797063505852,-0.15313109297671823,0.10867402703953147,-0.10539923085328658,-0.26221651196977974,0.19229571280034424,-0.4521491967878718,-0.3169251614424745,-0.07702724280962929,-0.04320696086197949,0.37036610053623265,-0.4715474881438786,-0.09781948087587344,0.09356113364957498,-0.42013569140129936,0.17530461891659505,-0.31549045480800625,-0.421775994586035,0.4177334138109174,0.5929044254669208,0.22015547167882132,-0.1666646186221542,-0.4813525927606577,0.22701531017655766,-0.14280891181142003,-0.31845650927518454,0.0041453058572315515,-0.3260403450240871,0.38683883029705524,-0.20722272910017947,0.1001497819171252,-0.2113203644258926,0.02852797953335904,-0.07546731445443028,-0.42855545920925475,0.5175733717514102,0.2634458776385802,0.3920648189203474,0.33586845599430837,0.04202087515318964,0.4308782922237751,-0.37590462881878534,-0.47138571595087275,-0.3417459865478706,-0.06733360820137625,-0.29777509139426994,-0.14177683252028028,0.41315501725841275,-0.14321103377140712,-0.32283898006340933,0.12391433049145424,-0.3783742603290255,0.34610728825955617,-0.2479132545632869,0.5070338766504068,0.19889399395917245,-0.3281427980594053,-0.5576335116956767
HELLO,1.4092192962432444,0.3862289017099318,0.19416582802343363,-0.004095945755571387,-0.354548319999095,-0.3298650961996334,-0.6566994316011999,0.38694203069335287,0.09745899325546646,0.1468732218955553,-0.31712519176260767,0.5465879743703747,0.24473044190830961,-0.2206019389560326,-0.21861518671121477,-0.3060338163371616,-0.16684239408467624,0.05182416498596512,-0.23492025007174733,-0.22372042754999003,0.09273986736365718,-0.24609368842316792,-0.181157122379832,-0.1574470336756439,-0.051139995062244974,0.3670468079232057,-0.3150929909012655,-0.041621204233717124,0.07035839342837316,-0.3782938957741877,0.14723804434927326,-0.3259344384447794,-0.41962526305913406,0.40410613936569467,0.4501160810391471,0.25533300237449974,-0.2189685735706088,-0.29463362490348616,0.0980032816019817,-0.11494491957423189,-0.4783056741900813,-0.12249579046373768,-0.4805532320204049,0.35991166753471915,-0.10028490393660769,0.1398945606597585,-0.0851371748361871,0.0975085391730615,0.02999394692535852,-0.14633469790762313,0.49106734668174323,0.39617356464143366,0.5512266928906903,0.4279991892360314,0.1579904466355532,0.4717999482326749,-0.5030484124594171,-0.2994339092246135,-0.36883293237388914,-0.05257476384780273,-0.16897388405707398,-0.1863444640810625,0.3408071262141321,-0.15267659847293838,-0.19058527997461713,0.060135876011539455,-0.31576316951543026,0.41753432163004384,-0.3627191490510531,0.5117342373103335,0.4214147738425037,-0.21248995079540073,-0.5018697579646655
YES,0.11902747976986655,1.3207082975408493,-0.19143115391263232,-0.15522851012044825,-0.1712209379922892,-0.12410572730754293,0.006747606556645455,0.4277832015348724,0.09066672466549856,-0.30048859253692567,-0.4211160871563295,0.16804300628082663,0.007871833142956475,0.2563566533099991,0.28210018661501945,0.3362305804405982,-0.33999845456570654,0.22177086590037184,-0.40394013591841116,0.48910912079677443,0.20719280017249367,-0.2228766762768222,-0.22060432203128078,-0.1527408202283336,0.15418122255277286,-0.36599699396660074,0.21383633812449696,-0.07835799783217906,0.16226459854169636,0.3958567713732077,0.38534331638712366,0.201452592327711,-0.3511020611371774,-0.3131450919631025,0.3337499707840663,-0.0866223173917003,-0.13803892187681704,-0.30988601827065365,-0.28290122254990796,-0.4931346186192521,0.40657279936041735,-0.13227048312428757,0.12565524769718595,-0.42783143930991674,0.20391047371510657,-0.17349148075442886,0.4425703481191463,0.18575338271849157,-0.1984379783638361,0.42026665048381034,0.40407654680921823,0.35632152954887286,0.32851365007633926,-0.1105532080256709,0.20254397687494483,-0.47000853156208516,-0.4171490801036659,0.4929768067846192,-0.2094935086668589,0.26378591077109653,0.24600248751580925,0.2675740442122271,0.547445195314178,-0.2081411480053873,-0.5239944339130997,-0.017180047544406052,-0.42044554850427956,-0.45732089179490637,-0.07394565184951742,0.28104924589893937,0.10255996419636162,-0.2285363823006517,0.13862467881847193
YES,0.19992835748767174,1.2112164305931463,-0.31188775252472767,-0.31006265568468416,-0.29779167177853494,-0.3078774024331778,-0.09564353733154346,0.3885187182138718,0.0021185107499079696,-0.27372429773779183,-0.3530669646885241,0.14417492699006385,-0.21345730399474372,0.23846739360591102,0.12053453494517602,0.26808774511604777,-0.2896536458773478,0.08866958932106657,-0.27242768150421626,0.4535826090594093,0.18397663880021956,-0.2200820440733236,-0.2635279634792021,-0.3832092796361414,0.19212582526374566,-0.3491586777373379,0.14115349098678506,-0.37823429242937157,0.1331985709976716,0.33902831567587854,0.2927320044504535,0.47629402404922144,-0.2842935923423153,-0.49193942076284214,0.19131168872025975,-0.2737524928829648,-0.07410175354039357,-0.5354953917666696,-0.16719232868013786,-0.5102868180931788,0.3698444993376279,-0.3074479440938218,0.19644527772127457,-0.4867201006283025,0.31345195478399424,-0.11184051327644481,0.4364845251444967,0.4176168407194374,-0.1432055977809521,0.24674708934281908,0.4738470019667183,0.3930283018186938,0.3409595730773005,-0.3634064516351961,0.07251004281155876,-0.29641564473219284,-0.3053307259355527,0.49393229128400806,-0.09724480840944213,0.21886335041940222,0.17035532608067894,0.2840659919568648,0.6226593988828124,-0.28042296128947647,-0.47911989149030176,-0.11279553770740447,-0.21758840300521248,-0.3474973976089798,0.03792924581733681,0.2710146342432323,0.08983065032483847,-0.3085534147433092,0.27249675958218167
YES,0.12297474785666417,1.2882847434173756,-0.3855300216860926,-0.23328253791468012,-0.3254803664911426,-0.3337173838176696,-0.11827897338383134,0.36397701028952795,0.07372635968114286,-0.4004686426296786,-0.40538501645801656,0.29359287732236994,-0.15825694472468385,0.2643974353255511,0.1410687986263501,0.39061946721022534,-0.21252535010528265,0.14986177889245023,-0.19722788321123805,0.35088510746337775,0.1908830423688102,-0.1427996152085165,-0.25511281539883807,-0.376160278804135,0.1237064851110512,-0.2384990000943999,0.193621706126614,-0.2863495928369462,0.19863988107798733,0.1479775670523737,0.23125582469207717,0.2583666163011096,-0.38505226766629463,-0.486535562998649,0.1455264639698747,-0.10827736793953883,-0.08264009506916267,-0.6479094058726067,-0.4100795629357561,-0.51487281035411,0.4158006994855318,-0.4764037041994883,0.017358755480877598,-0.5031205078602633,0.27791441356233393,-0.20777439918293522,0.4285583057369401,0.3994187601410329,-0.3451547000228283,0.4624174730210069,0.5133893939352818,0.36607715529791524,0.6589703642701351,-0.41772029905079716,0.214678130838645,-0.4557398875846606,-0.38209575082608954,0.49525163240919123,-0.20729965724593255,0.20259727778974568,0.3330257518726572,0.23664937527349486,0.5576746308038978,-0.2917990671339525,-0.5500547202635289,-0.12480951064507911,-0.2693473928220472,-0.5204009177992427,-0.11089688340174428,0.22526174901799856,0.12681443921896043,-0.13238139168642962,0.3022307121564326
YES,0.20235199631816173,1.324435082696998,-0.28990041631234953,-0.08250344922654329,-0.316005963015865,-0.22548693793342167,-0.09072494082124759,0.4027034597148543,0.014399845494588113,-0.29190038747054275,-0.4323266540688826,0.21333319979156734,0.009048209041362582,0.4006669214345767,0.2290431360405219,0.25979828845945885,-0.2991932268398172,0.2687829671200783,-0.16585427190389768,0.5568821335103702,0.08805583145583602,-0.19385209225348568,-0.3616468707097621,-0.34047110341322634,0.2743665997400836,-0.31860401734032856,0.14654164954355497,-0.25060522155446757,0.18789350705159344,0.22312441735528582,0.28484199911536523,0.021560453258723855,-0.32722928696070674,-0.5420529125126925,0.2954283898111309,-0.06946019798448778,-0.030320095039366217,-0.34717040903385854,-0.3163368723909378,-0.32653454029229134,0.4537610977420784,-0.2755277397589852,0.14818678134764357,-0.5495241603318003,0.10088625838344419,-0.22565983210508217,0.3556009703125446,0.3035935775132156,-0.07686273627062623,0.38025254366088135,0.5243580709673292,0.2797875548108536,0.19922308371134761,-0.22938667521959633,-0.07627799917582584,-0.43823480971946965,-0.5145472662849552,0.6578746919717553,-0.10045173280011133,0.2566442153505648,0.40776158723919,0.29031799280997034,0.541106647695764,-0.24251868004563507,-0.4385275666336067,0.012979798003127402,-0.31131996194866884,-0.45447621781194303,-0.27196416775677756,0.2069345474528793,0.05636397653741293,-0.17975222084751385,0.06392570751880579
YES,0.40933124600437265,1.3922542227366512,-0.2495763538440664,-0.18041024287288487,-0.2754760895992587,-0.361240839765383,-0.06895071565040406,0.42845871709495414,-0.09228119929981167,-0.28534550580508516,-0.43544905452510585,0.043531540507733946,-0.18603203642597232,0.2887425039116277,0.3105257812279854,0.3407657005040692,-0.3348924861095426,0.2312418256144691,-0.3597223344213505,0.5256837637612575,0.09868430938794409,-0.18297909492379158,-0.12442440590435215,-0.4120465004150965,0.08287150408468849,-0.3279723331097531,0.1783735740090344,-0.35691265911279,-0.06460350305497692,0.2788470198678193,0.3221645071375268,0.35687227090988805,-0.3493305032745799,-0.4445291815847615,0.2912608872278454,-0.28123212218128235,-0.09873543561129344,-0.4536169960126043,-0.20448605302214806,-0.5071081315808066,0.38194105353771496,-0.45566950505450865,0.0046772965863001795,-0.4247399823345122,0.0882638685652837,-0.17225391651873834,0.43366898702188167,0.36071425286541464,-0.16107227995852655,0.3239422904676989,0.4796287711230951,0.3742329576910859,0.35742918463270373,-0.29791376545602494,0.09463971120101976,-0.3755753027817027,-0.5690773654645285,0.5916185372297624,-0.20026112966857482,0.28222310670806483,0.4024448069184347,0.2482893752287919,0.4408730172079528,-0.2815874104131885,-0.5223494548302545,0.04998644406153066,-0.4384610976771965,-0.5220178531968942,-0.12322205033027575,0.18756628898914932,0.03452623428456976,-0.16182574988963194,0.1277131731421188
YES,0.2089261632461031,1.2285961293204957,-0.4189034442099264,-0.16044573486844535,-0.11810472627538723,-0.2836152325009291,-0.057128027752109095,0.4632563342928828,-0.09448679298501765,-0.17587844653430854,-0.40684202690530175,0.32670469706505395,-0.17584387520553132,0.46727590038998523,0.22152320816355284,0.3404846574095572,-0.20933200423329942,0.1724766330151022,-0.13989548262837143,0.45029726903813533,-0.02099129475359779,-0.2648631167612181,-0.24535579788314715,-0.2842734962751121,0.19011387978173613,-0.18376672381857964,-0.060784883195600936,-0.22387793815422985,0.016530606762896194,0.37571671217927266,0.27046854598929293,0.29442012869271117,-0.3813882311549292,-0.3092578584828612,0.28228680161209374,-0.08496924196469768,-0.07801515334572796,-0.42246232438299836,-0.2969749561639387,-0.397879143403879,0.5111442441471613,-0.17095447198313463,-0.0010310280115847087,-0.43210729395702135,0.06339606780496625,-0.13118142935185206,0.4339674599866689,0.2385328817714627,-0.26765208915124133,0.37830978395096654,0.4720888937275127,0.22865750929044365,0.3759896461034037,-0.2308733751756691,0.06116086829947477,-0.49320740604530117,-0.3211854930650052,0.6313251810803542,-0.21204566928181204,0.1992105586764607,0.34596166625977615,0.3293809206274703,0.4864765213490978,-0.19933126260515843,-0.6123976601408837,0.016655703982799516,-0.36410488822470577,-0.5104935624029193,-0.1467119051962298,0.2807325994768779,-0.07231541305052316,-0.06762695259338708,0.15764805607436919
YES,0.251837282393889,1.3470666799622888,-0.37943881608028907,-0.14829543985276616,-0.27991065927907005,-0.21734570094628464,-0.2453273507600327,0.3999109698642326,-0.041166005723998644,-0.27749858313394454,-0.38542479562966975,0.13954607355216314,-0.17417514469769566,0.31297771710077293,0.08777939045555352,0.36360014617753866,-0.25759053661734693,-0.04020013508467318,-0.2659237798360257,0.35598497378277383,0.005872216296498756,-0.2744823308824637,-0.22173545996108976,-0.202782148668498,0.21969571680292618,-0.3298046580593319,0.13177560154114526,-0.272092197892162,0.10640091526081702,0.22259071508190043,0.1378789386045156,0.2296574344060261,-0.2996333151141374,-0.4193449466166725,0.1656714742515969,-0.20731247106139117,-0.018994078261855216,-0.5742214608023357,-0.1783413176174728,-0.546500957639674,0.31899095361300484,-0.3739461320307237,0.01722499782215712,-0.3829956826606313,0.2080976383811746,-0.09869888528366333,0.4396905906323807,0.29982460265160626,-0.2011725195844568,0.33854496536107087,0.6026036658219021,0.22967257240984312,0.4163671629063579,-0.17955495428220855,0.22307201499504328,-0.46551901344299196,-0.3480962904119173,0.681424758956398,-0.2227720847287848,0.12538069224625759,0.15626425031419536,0.4150402333161357,0.3469762807574698,-0.288289038978166,-0.4246641181771834,-0.0739944390590209,-0.33588374103631924,-0.45979092237387653,-0.037263907793442436,0.20755294061613266,0.01202108014838836,-0.24903476641131186,0.2207573504417285
YES,0.28842899902970404,1.307040723861846,-0.20306632612427084,-0.2804164611656949,-0.12512144308307557,-0.16322827322662348,-0.016299397352253317,0.5503824265852189,-0.1254702098755036,-0.35403547008568914,-0.4818526074736821,0.2538744910385127,-0.20121249473178382,0.38243055853235813,0.26915366016050724,0.35185768254808847,-0.20535387868863117,0.11332905518899819,-0.3036860925963104,0.5390379918740249,0.19872220184580097,-0.17860976137486143,-0.2639209013689986,-0.4711380447772666,0.10897276539897269,-0.12837086003089482,-0.007133179752708288,-0.2202065873769562,0.24256446264948447,0.2145459151003558,0.29280208112713985,0.3358845739316341,-0.31127764855516793,-0.18214280856213982,0.06546088777712997,-0.046954503814938375,-0.08147791258836985,-0.40709729481967494,-0.20511897858901113,-0.5249760918943357,0.39750548399799485,-0.4052354328933325,0.10559696961871956,-0.4371680020596275,0.21794020479710624,-0.09232318823893412,0.4273287741744427,0.39996534251789795,-0.2451948485711556,0.3439832345985438,0.5910964431129653,0.4403224965804263,0.32582251285026465,-0.24731104411064816,0.004333248858255034,-0.33892353841123657,-0.351848717282988,0.6541900069503905,-0.24362659674846818,0.217943280127389,0.32518072682886223,0.40974243402529087,0.4803748863983459,-0.3283404019794282,-0.3891365708264146,-0.03111765300176749,-0.44322125821615105,-0.36913868674950523,-0.04595727612278559,0.29448197085505984,0.07254852021515378,-0.1428973891003734,0.08540575987221904
YES,0.21879963029122554,1.098752014747631,-0.22762936783523025,-0.3110926495709332,-0.1382257857328466,-0.3114969704809202,-0.09208251568640721,0.35761980139677363,-0.015983463175047827,-0.19859711157283405,-0.6220530231419323,0.29831337602498026,-0.09015935707547551,0.22526921475678202,0.07348577719683115,0.4303528927180248,-0.30369451097696976,0.10009088161338137,-0.1449528519171029,0.46615270955316473,0.061340235410462476,-0.1581582017922884,-0.3125483523989495,-0.2210077030545481,0.27955063608357844,-0.23872389109631725,0.12423615082725038,-0.09446992308525276,0.1619438509849266,0.22038979850687512,0.31398315617123773,0.42773509489375083,-0.3934583537626161,-0.44053207435100017,0.23226451153550182,-0.1359651741261078,-0.14623806002683787,-0.37910227870817126,-0.05482029296357005,-0.4506330794036234,0.30686030942236764,-0.3805201587857475,0.07797524807070252,-0.37271049187356897,0.20486081102528858,-0.17716496151941444,0.35077745481452133,0.30074509831658863,-0.10792927553226166,0.4740626254013147,0.37249929056352016,0.4526027823784028,0.3907970454267491,-0.1390236922792466,-0.030667821021052893,-0.5420100184658673,-0.416999607959714,0.5391153661849062,-0.029651884739931966,0.3046702251540569,0.2872505508818538,0.27591373439395783,0.5960283432196886,-0.33567994880318935,-0.3293716887585145,-0.11155925397393476,-0.24267276436162502,-0.4232596076332026,-0.15053281201391056,0.2421865413291463,0.03890806103738448,-0.15295667539962696,0.16051452519013704
YES,0.16889219931260255,1.2576921854909549,-0.2914596570979331,-0.3564719193287694,-0.22184592282407065,-0.3634650609409487,-0.16741574938837267,0.2728509661146773,-0.13645175309071295,-0.4205154194336601,-0.4797500072295652,0.3524168761400507,-0.1592716096352285,0.3360509550868018,0.1915492795612765,0.3067266654386364,-0.23424943743963075,0.09673542137311855,-0.11986381144394427,0.5836442109413225,0.0017615860035595232,-0.25741048709556824,-0.25287296509788787,-0.3862364385211718,0.235118203170197,-0.33954616319460174,0.26850775135201727,-0.14012108552715496,0.17897486724444578,0.39709862960611775,0.36649727709323787,0.21573553188612227,-0.3775749738711051,-0.4053636079779095,0.26787971844722114,-0.12052795431337528,-0.19381349217193247,-0.5330768627226763,-0.24634137981250104,-0.4723768444716024,0.5369891467444323,-0.36748235217338937,0.09778430891987802,-0.3418916306726064,0.34856337093948175,-0.20932444810062303,0.4372335431752818,0.43369901750992756,-0.15907084311398895,0.3930532795913234,0.5310357046587825,0.12283597730637325,0.3994369069602395,-0.24089703159795273,0.058904407115495085,-0.2689951103750675,-0.4590767846815745,0.46664653290808816,-0.014036486397710324,0.18161900766085784,0.26265583039189333,0.3462612371327612,0.5648870559725204,-0.24187931415486708,-0.5630592009124813,-0.1313819670555892,-0.41850768482802997,-0.48375179445578853,-0.10550568016812756,0.3171947115462742,-0.0759002490988013,-0.10210673178477747,0.1745475131724496
YES,0.32715967576561145,1.306478564499619,-0.20963998285660412,-0.1488495668595743,-0.1508013115109467,-0.24330731208218187,-0.08298237684734538,0.5896332915192847,0.07818261652110965,-0.26618006550432394,-0.5251326839421928,0.09309153574084221,-0.0937839969922639,0.3334726424068185,0.1103809634401049,0.3075200665103333,-0.1009638063380636,0.24799112042508203,-0.3272186960865003,0.4301477732788561,0.07197696306516951,-0.2065041931373428,-0.2635773909580988,-0.34728506153667693,0.0942301291358562,-0.29149676152352794,0.05045465497970426,-0.46972086827482407,0.32620670675400165,0.40204130087787293,0.24792118515065348,0.2623568549100296,-0.4060099420931529,-0.2759572227906121,0.35073192406923454,-0.11911728794592671,0.01422867793817488,-0.45482796489189503,-0.34736158583502524,-0.4992694656426286,0.38974000994300423,-0.29296713428094506,0.039844907378205174,-0.4683326439395987,0.16037711147642117,-0.1727919750061075,0.3130707816459377,0.33075689700380095,-0.2774761228942498,0.47918613966536394,0.3277059181515528,0.41770289158930207,0.45577929953625645,-0.2751657108495198,-0.13154856816842758,-0.46164893099001536,-0.41021679608143585,0.41804475443897754,-0.2145782220787485,0.3705995279579145,0.35985922601095577,0.2840581418569812,0.369820363834522,-0.28466490015191387,-0.47672571548833537,-0.04911254701634872,-0.4127446671764658,-0.43665414480899595,0.015239150346304436,0.34897833287077745,0.06233361063860906,-0.20187404847390952,0.12580815475833002
YES,0.31084838495427053,1.2207576226402612,-0.29412800275546647,-0.1820773596250976,-0.29864210743208913,-0.39488460679433224,-0.0493111968424996,0.4029581961351034,0.047078884293643875,-0.35476764369981034,-0.3253626267140821,0.12601424264097766,0.01976198715781924,0.18202002579909835,0.1942923738053215,0.3342759051434984,-0.29169852601682184,0.22631043748993912,-0.13357652172546852,0.2617229723019664,0.17659386613263955,-0.3749498654510641,-0.30774132198958404,-0.17874010573628088,0.14809839622236348,-0.3751947841547905,0.0794682476087145,-0.06993246602155848,0.015434365017386487,0.23083493560939164,0.3978197777990233,0.40946751841380036,-0.32055209225097064,-0.5107392692176127,0.36661630863211836,-0.00409739486571295,-0.013338014575674066,-0.5338430951216026,-0.24434589799199374,-0.47915240260912245,0.4056538769704939,-0.14052320173096264,0.1276905328640003,-0.5472107654976502,0.27696710730722107,-0.15192208304485372,0.4528844506263791,0.5054414576763241,-0.2636358015993363,0.39809484939395084,0.4536413093900416,0.1999869100947116,0.3726081459636226,-0.05006673976415621,-0.07050382070270392,-0.4353265349165898,-0.3538386283723484,0.5087388681657851,-0.1824109947753483,0.14424660297318043,0.32528799246202955,0.2974821528459551,0.32243456100387224,-0.1629361371020337,-0.3829783075529369,-0.08467560385732764,-0.35159335511459683,-0.3916286698207,-0.12162600031626729,0.3560596554561416,0.04238211515516285,-0.08226331170373023,0.18000486356733442
YES,0.23192126744656888,1.1693378112194028,-0.2747893511313284,-0.25272958517514055,-0.3095619901294461,-0.35031741322889387,-0.16044795168385106,0.577820226124891,0.11356677169779053,-0.15845021901313608,-0.5208599321835711,0.20185644513079662,-0.22068184557993983,0.26617535640959417,0.08606060996744419,0.39540817105669346,-0.25975233482969207,0.27782926915657946,-0.1876083441391998,0.6233595796186747,0.01801874368219647,-0.07474954064171399,-0.13877286807566913,-0.3869437219705193,0.27521162581158054,-0.2543927899599744,0.07710516513121643,-0.3012798120324026,0.10444018867793371,0.47892469620341327,0.2780798686612518,0.32342173105329847,-0.3755495448411522,-0.4740032887132124,0.285507613227381,-0.23961888312977125,-0.10087087502907442,-0.46612871432083036,-0.23151374257774662,-0.48065105892682847,0.4108513550889215,-0.2011748563160446,0.11610817320975444,-0.5398849840322957,0.1441149834713543,-0.08139162529575111,0.4694909619635756,0.27828943281555074,-0.1465909896100761,0.24270287574048308,0.49991246566360836,0.47723702546362623,0.2690399303737101,-0.31773710753023665,0.13782478138358506,-0.5561682072494039,-0.4557024655691334,0.5466079030398309,-0.2241036183892413,0.22930631307196864,0.3661999098520192,0.3917469576901541,0.5189737691057886,-0.2856332970847353,-0.43004428391878385,-0.09870709641339455,-0.33329488137699026,-0.5173286728473832,-0.1541786908088772,0.2045416276710753,0.06338008242457199,-0.25210207987995353,0.06521828947976023
YES,0.23709000378653,1.2879618803849782,-0.23511592067957926,-0.22066323734159238,-0.2258551442602261,-0.2410235571817111,-0.039567252505385474,0.3417862192593627,0.019008725320413394,-0.28294839550030404,-0.42245405326649055,0.029237932468238442,-0.10436206564573376,0.4988334297371386,0.13070762714021156,0.23799528271294285,-0.1981860758046394,0.21734917929838388,-0.14051920207296809,0.33843902697758055,0.19488470173937378,-0.12825443492454083,-0.24185986066297105,-0.2819784294946213,0.2769975574215964,-0.21149915659979668,0.0038617209615907644,-0.16975231813420388,0.1567938563912671,0.32076965638178045,0.2838810024247887,0.24883189182692092,-0.21694099453918275,-0.41831248980341823,0.1093851382167321,-0.163135174683227,-0.05335819625181465,-0.3705137244628449,-0.19217597592904412,-0.5343664184252995,0.5780009659355589,-0.23542129190323116,0.15936842861292924,-0.4731578340250479,0.20951613088209403,-0.10981517388443375,0.4953747638980063,0.4727076533642938,-0.104933621632414,0.3757539571949392,0.4504179901422939,0.35202426494988387,0.4195215935425145,-0.2688089199530386,0.16191615611490723,-0.3165347463937378,-0.47838773670420387,0.4319389557295882,-0.18459075528651597,0.2727929255039821,0.2646996919254524,0.4661994853166007,0.5315536463236327,-0.255347750883873,-0.5745219350497826,-0.19407374731961458,-0.34743859014850853,-0.6481817609303318,-0.058562180086988144,0.2710859435254508,0.3256281287926495,-0.002588710740357103,0.13982607995291838
YES,0.20789015175559378,1.3505892194365279,-0.16149201068202204,-0.3172155163704658,-0.40140940923554147,-0.33485014740795466,-0.028530150478003904,0.4475884011241419,0.0926413631374263,-0.4080554214539016,-0.608319839656636,0.26479728076209685,-0.18345693740083094,0.16035191743426824,0.1711158683175207,0.3596955055988627,-0.23781853115125343,0.155731051566459,-0.24868699387795376,0.409421858458229,0.028530512578161013,-0.23266265398389246,-0.1887857453066222,-0.2833391316182365,0.2080857433710734,-0.36089626555034304,0.08078301295663569,-0.40953017679007103,0.17624707790469976,0.4292483451656246,0.16009467258128468,0.2139771170653613,-0.28594905201093757,-0.31138764226128257,0.16309085918337363,-0.1870328125469204,-0.22516762498993936,-0.46057585686196045,-0.07705746751345127,-0.4441349191683619,0.3774034542665506,-0.2308367319201107,0.056449809257119885,-0.52606182911968,0.2327097845598745,-0.1589117323969658,0.3993282471123584,0.3100889067517758,-0.0704287470834715,0.4541371153171167,0.4519240065093947,0.40556165241850306,0.3050656806844124,-0.313551543291793,0.01592614945933335,-0.5744295702796794,-0.3673586727448738,0.35240102176622257,-0.2716362570753501,0.08213687132256373,0.299779477603545,0.3459976341854794,0.4714926003472474,-0.3419097303167783,-0.5534278734152315,-0.05165889292168809,-0.4139634847077321,-0.4522654451150533,-0.21039306774845168,0.298223270496923,0.17044293421035595,-0.1403287467582233,0.12134890003540127
YES,0.23697302958657315,1.2516894843539483,-0.29711540469988684,-0.21222207594746473,-0.2716461884779978,-0.2681198947176701,-0.1546178530984691,0.3265682077243358,-0.1040237575677786,-0.4401013075449738,-0.5204109459967643,0.20891314568225555,-0.18862423680296292,0.362920103723847,0.16228786854097513,0.13876111346632422,-0.17565591384381607,0.2572228141083949,-0.3154470292930695,0.47268380288189094,0.06785442254063846,-0.16767456968479108,-0.3316480102641246,-0.4525219311311226,0.1640155837246903,-0.2911827027040596,0.06348889043832073,-0.33008741773244743,0.12997701982337762,0.33648330874699794,0.2744338007348502,0.2754514133787188,-0.36588681034408654,-0.3178776198381885,0.10485496156300314,-0.0926479624387112,0.02689751384014423,-0.4303782597866973,-0.2566254888901372,-0.5085873598585743,0.4620727846849481,-0.3704413108024034,-0.020272771257363445,-0.4928253005782073,0.2658596919066179,-0.14659124336263446,0.32047552627684617,0.3632935725032435,-0.2238552331659558,0.3441777763117851,0.5744688381833212,0.2156762137828676,0.47357381621397887,-0.18473288867614027,0.16397133250605217,-0.4697792469946528,-0.417077320704659,0.38424046687131364,-0.21533374313943332,0.28767629986029847,0.41035009796932814,0.2694507256630331,0.46838782244333527,-0.27060745236173395,-0.5713123093156991,-0.041500542664742,-0.4278385567104618,-0.4932053389321068,-0.17572912261146412,0.22059117061766248,0.06561709238662648,-0.20447077707508773,0.12459337491042646
YES,0.15812018222367152,1.2965046719790019,-0.16545643799608228,-0.17498221314845425,-0.17880991481427622,-0.39630511697588117,-0.0625282419884115,0.3200490483658488,-0.11109434746383383,-0.3712293317813999,-0.3276763838660401,0.27215741143149685,-0.09776085779926019,0.1992149017941648,0.14380831652973525,0.32037745125350736,-0.21401106221526342,0.04485543578259846,-0.307163443147871,0.4339422583183943,0.1792775542947496,-0.35117842551265366,-0.24345805574611604,-0.29762951333804033,0.26260991797502486,-0.22585578026307776,0.14190897143219347,-0.2993602136107974,0.009328773824003989,0.2834955079756271,0.35815578916133795,0.3723276931327362,-0.2554336661239251,-0.3772677871913425,0.22932000035826283,-0.17614228594651113,-0.0780585970809423,-0.33532534514050244,-0.3158281911883009,-0.33714129286874783,0.35342352024188295,-0.15056874805386325,-0.055208031186795015,-0.41414834324569766,0.1079057804298483,-0.29019402959984114,0.41540191035054147,0.4688759320217133,-0.24230469672573193,0.2810396188537958,0.4888100923519824,0.3184208378217736,0.38873691795958887,-0.175023698181751,0.07194918435595679,-0.2843038208490911,-0.38714328361550693,0.4711784915527386,-0.3022861393023153,0.22717115042355296,0.27975409739392554,0.43484765470974684,0.5346269873275049,-0.35285304447374155,-0.4458688222274173,-0.03508598826708975,-0.24767682142002645,-0.40657379344482014,-0.07870544051359567,0.28854513064444953,0.09724565165894683,-0.08726161873315326,0.04771981369434772
YES,0.1884419657807425,1.209137198415866,-0.26741356997737514,-0.08775541772352144,-0.3062573149448525,-0.4763117123611592,-0.10812681673387067,0.4809164124449266,0.05007003897470866,-0.2778247193598309,-0.4454277947690843,0.09383368624034231,-0.07597768983365477,0.2550884017825893,0.3342385073112067,0.3418820272097298,-0.2745058247858673,0.14344810266996788,-0.2433735518353683,0.41990832568855163,0.22572098357577072,-0.1605749062451342,-0.2890186768204096,-0.15783816011589388,0.1985856254153456,-0.21977721292456096,0.04664514533190831,-0.2063157228550808,0.1868577440853242,0.16376778517284696,0.4392472519815044,0.3641028878045855,-0.3440532195994269,-0.4997966322519497,0.22675375759166977,-0.12471697025249696,-0.03920025771159435,-0.45352471551108176,-0.1999242715804767,-0.35053914017419147,0.42463402901153935,-0.3405757566942648,0.1663421977900042,-0.3297715142598066,0.41901193006662485,-0.26685217690507396,0.4173497480096878,0.22155029267891685,-0.1304574491279155,0.3571048718371261,0.6500333370847751,0.2634464665224615,0.20973670471784805,-0.28869236314711166,-0.08133662283961468,-0.3726561296720473,-0.5702887068788359,0.5011692185279433,-0.3395856961625848,0.222560087685915,0.4381353054911792,0.38687510232209277,0.42854880900496184,-0.2609997938582589,-0.4582078233767446,-0.05099805433794157,-0.47926799923351915,-0.43016872893015845,-0.3559245033867359,0.2333474868861316,0.027118783828947293,-0.13655586470394687,0.15615247370686924
YES,0.10395206764959602,1.1921432482510042,-0.2818514187116725,-0.19249857912474894,-0.3048293007780263,-0.3235540661245625,-0.019455717359169934,0.3664231080539969,1.2347216392420701e-05,-0.13848469213823356,-0.5369229415698398,0.048008726611952546,-0.05451406237972363,0.267539501681831,0.13405176642136057,0.2337489402908794,-0.24883797184295225,0.3202419714287654,-0.17176773861683167,0.5080463604012497,0.023076117069962737,-0.26758049874888745,-0.45761443046656153,-0.37382388061497684,0.2711772138045805,-0.23992866574220303,0.07758220489131915,-0.2371489957720869,0.10685810138783614,0.33132043913268194,0.33929550550310233,0.1315803879379439,-0.28830577928076007,-0.3370202633391079,0.16574080537031605,-0.07559673723600199,0.15751858196115154,-0.4771983306455603,-0.20895898672452493,-0.5253681628184473,0.39368586560941166,-0.21978158678288523,0.0729245567946191,-0.5425963049155781,0.18335633301169413,-0.05999697914849518,0.433810048118828,0.4650771640597831,-0.19367033923926244,0.46095291484436474,0.5184991005561009,0.2493428057489695,0.37035302813913895,-0.33032699696613493,0.026071976866972962,-0.41759782144924223,-0.38130252130792036,0.40375401482712026,-0.08904188887945896,0.2939444143128842,0.25028677817794576,0.23501648729129515,0.486035931075642,-0.294179011852025,-0.45059793657605846,-0.11785781489785935,-0.5305158790306539,-0.5086418659020375,-0.16402270174397893,0.3344311330571611,0.010324717256186888,-0.05292803691984066,0.001410761440579139
YES,0.32129051178230894,1.252997180646117,-0.22897902968798056,-0.1797890730508858,-0.167334929125129,-0.31607632012782905,-0.16303879114613803,0.5214788568652191,-0.0020188049318530105,-0.2943549412947401,-0.3242481774955423,0.11359972577037043,-0.06956196375247159,0.274639366068328,0.14893722018922043,0.30202376777211165,-0.34807170949730615,0.13005195903542333,-0.12785218391323008,0.5099637745370752,0.1313631153471956,-0.15603832314362645,-0.254027538158644,-0.20054674406211792,0.17861275267019466,-0.2627370196312849,0.18698567745885425,-0.2975546918623152,0.2866720795536201,0.19250281576106903,0.4083966136336771,0.23103728421462374,-0.3316934941337705,-0.5628158667101167,0.16256525109717018,-0.21483730868779943,-0.11626548122653052,-0.4798357844697193,-0.16380022156711838,-0.4497153280134859,0.4037999048733367,-0.3442448678891145,-0.013123157595210364,-0.31712267787076465,0.10803130852459833,-0.044475994081322495,0.3784742910471965,0.38830122382551613,-0.08908016881985784,0.5027122894455605,0.4872926686764518,0.29435621984222493,0.3403977118734519,-0.22395466163234062,0.14800669380733678,-0.4324056973131,-0.355571159336478,0.6299613906149659,-0.1428559815929063,0.27311614052922867,0.18515218701961103,0.1475648600609041,0.52869835574057,-0.26608945324560196,-0.5008317871334796,-0.06932606567050645,-0.3747516285068057,-0.38735169078723297,-0.13268430339779566,0.22398438826962302,0.145393990341814,-0.20459249678534216,0.1964649401865043
YES,0.17820425546267493,1.2189565474765705,-0.2910123610606094,-0.18514690029208963,-0.2201132091778199,-0.30657902322838354,-0.22205793983354485,0.373216603196463,0.07056512411022353,-0.3358697055241255,-0.4427390028202898,0.2750662656104002,-0.17415909374432598,0.1984066891259273,0.14666027907873064,0.25750753444146957,-0.3053536661618116,0.17832864598916287,-0.19661756352653853,0.43832539452486635,0.16093276734827341,-0.030415583943424057,-0.2579184466323325,-0.28680552415678295,0.15390388988579703,-0.34899316459303054,0.04851065365406747,-0.2736656587963777,0.19072700859763864,0.5028657914765998,0.22074176824258593,0.22752130648154473,-0.3173274353566478,-0.37995114511870154,0.2200328934437684,-0.0289251226897993,-0.26176513923946937,-0.6598052968222627,-0.28009380448576277,-0.3785395811220393,0.25393393007279996,-0.49721390395697007,0.10303152207054475,-0.4415281014426524,0.07963071876170369,-0.2558158223035805,0.32033968938689183,0.396961014331951,-0.22481460373289278,0.44048600920850944,0.2677875404664275,0.2568675149137241,0.25478703088234494,-0.27149851816070947,0.033658578178545236,-0.3689165836409708,-0.553829004911135,0.5025319301397507,-0.12869383671715262,0.39671570697380276,0.26812377533933845,0.38397995935543056,0.35331927399716734,-0.4498600110881741,-0.3920672230777643,-0.08925330549725967,-0.2756383149871792,-0.5874463419555248,-0.09798100169621368,0.43324367831874466,0.09975713989365215,-0.16509549034236204,0.1550264919586677
YES,0.090726595388026,1.3793885331731932,-0.34661443065987035,-0.1458145312649431,-0.38354211653286685,-0.37944413612422656,0.03965783480586578,0.38005433076690665,0.12332168482212186,-0.3183380719093584,-0.5703801524557546,0.26752155311646286,-0.1643926209840608,0.37772605166672274,0.16152763804397674,0.1727919923059389,-0.21491037935190574,0.36805677383328206,-0.1964990986251245,0.43446705920985457,0.2224017536899262,-0.15863472260840905,-0.2137253992867038,-0.3964034287010847,0.21334880095689565,-0.19844891368871712,0.02841829375948708,-0.12140530737488685,0.1546324628622585,0.24391816761745594,0.35783580929827274,0.2379077920717202,-0.25151640330885927,-0.4349557435961643,0.1941627370049933,-0.09216796985890535,-0.04438200898945223,-0.628493449642748,-0.33012304993250213,-0.39197079734227075,0.3686148454891239,-0.2985018210031833,-0.051348751647589896,-0.5473995850409374,0.00510350010870228,-0.18507511174202876,0.3500441805111821,0.3107911576552106,-0.18015925565168847,0.43007854615868696,0.6636135080755744,0.20446499055889097,0.4376218312192708,-0.17314313900970435,0.014374979707620271,-0.41648520966574964,-0.4416927231253395,0.5137476984667897,-0.052630269501725016,0.2966324106593514,0.3473537228854918,0.3235985254108578,0.3789037642082097,-0.2751809715863648,-0.36312052075118706,-0.21098191053258583,-0.4543264796251887,-0.4674726919392194,-0.21834555564629488,0.2203363753060194,0.032292804686816695,-0.2964714031248579,0.07641225779541023
YES,0.27267134530108367,1.1663531157378884,-0.4255755902350521,-0.236575190138296,-0.1999429318063789,-0.3008411076033553,-0.11231564338116252,0.41138721768478265,-0.13259694789005388,-0.2725031668826744,-0.3923535281068344,0.16341146721026753,-0.036727274619898845,0.23163125866911616,0.24974348810105573,0.3086009437889886,-0.2549781677718051,0.1907690316315932,-0.24451919657115656,0.5366911111637089,0.05023995133569331,-0.23648973895638575,-0.14758390634192897,-0.3567162097430652,0.2666836050802551,-0.14532950836137593,0.06315966377215837,-0.18085598694861824,0.06967356228667991,0.37531839238596393,0.29397916202359453,0.29869439350359894,-0.3639233600705795,-0.5445017262608551,0.239208993667346,-0.29672503840400505,-0.09304181297605549,-0.39355635789301135,-0.22507173185510793,-0.3104561845423509,0.4611945048077895,-0.30891518784751565,0.059522239961123144,-0.46481033554242446,0.04027325023796788,-0.25220456756465437,0.353058314399277,0.22522054870556088,-0.1709099041781208,0.38103514811822464,0.3623261613938529,0.35775269334613463,0.40214116733050576,-0.23282850558171897,0.0507769448410387,-0.38542871389248373,-0.350664434340195,0.5234848976108657,-0.23932973060886994,0.2703119732897408,0.4023035050928548,0.3102929463182908,0.665463444532751,-0.30055398946196293,-0.4570566120730894,-0.14260732968592094,-0.35205766329743216,-0.6169518462487669,-0.1832565167638516,0.19636855504735107,0.07700775905645414,-0.10766622074893337,0.2060225004618838
YES,0.026664363089387577,1.4343082705505958,-0.2741234242257956,-0.24829312301502449,-0.24592913848789127,-0.27099217716338875,-0.12849705448803816,0.4236718472709001,-0.0415381362709063,-0.3444285785998788,-0.47793066147953267,0.08154244195875301,-0.10553431794638146,0.3686549015066663,0.20070145632687997,0.36183547075218725,-0.2021067437803618,0.14974088260370583,-0.16876490615178613,0.3304670762629368,0.06432057093237598,-0.2526242055385175,-0.14408365297658254,-0.23365033379715044,0.23362537785732737,-0.19552999778512892,0.024960643334530005,-0.20747736348576423,0.15195499052321546,0.3826902968513323,0.26880730454047735,0.23005589985797523,-0.26900491282286876,-0.3415215196401827,0.14548121289964147,-0.13653883991383878,-0.15232902428798492,-0.6686957886060441,-0.2243867802118525,-0.4176111676251654,0.4001511173281857,-0.41256825420181886,0.029269215166890086,-0.6384885001429561,0.2764234799179929,-0.263857020815353,0.49835147571445754,0.46378776042876746,-0.24675660984113718,0.3103380995890483,0.5241872908096858,0.2578697411493024,0.3530701191278856,-0.28961747115546355,-0.06579027429949436,-0.6111815275625889,-0.3869473232987625,0.4539679923268406,-0.21760793592721964,0.3038530191763492,0.40054043515741206,0.33621969329828444,0.4703804008493676,-0.21849207209402144,-0.5682040187162664,-0.07095623762559826,-0.32576845242528074,-0.4231556941645345,-0.29451338905871105,0.22282982949052116,-0.004080369000806466,-0.17923105443690893,0.19280157187415842
YES,0.3361339445537775,1.2313454598869196,-0.33755161934020217,-0.09419943026528468,-0.23477321692474215,-0.18367524206856622,-0.05205091689112615,0.31526918438647245,-0.09959062164350624,-0.4362005991093913,-0.3700641838384481,0.2912438909848859,0.030747735747298305,0.38927937317121847,0.25253785484356905,0.24984014392907375,-0.3205672259210598,0.2603652690544624,-0.20252355512712916,0.447664029397563,0.16736399998401358,-0.14963336122800144,-0.12778278891944245,-0.20547456814300002,0.23817858708095554,-0.21362015719703845,0.13642827012147113,-0.2722585516374122,0.2224941187869198,0.20338012303179825,0.3623365673283238,0.16528949574949892,-0.2894133313641693,-0.479227369689574,0.24321994713333975,-0.1343668042798814,-0.1952342502497193,-0.43519493672513065,-0.28665721287156765,-0.3958318584604664,0.3792918277000002,-0.22496963795042646,-0.019268346828208896,-0.5081672578530585,0.1301563004175713,-0.10843645582650167,0.5321093539821049,0.3237044487946057,-0.0885615300656378,0.22738670227241173,0.40062252141139565,0.24871338762900608,0.2366706525999712,-0.37767833507391646,0.10974231182878012,-0.44986950185086105,-0.3747296313699215,0.5541304269230116,-0.15211139112028638,0.30080496614087626,0.3011024701274349,0.2630637999427696,0.5822534318678202,-0.3056324853656223,-0.5344968770412943,-0.10304191206976587,-0.4429442037147741,-0.5109685413970995,-0.11204885913343657,0.31160559021492656,-0.005645714088979487,-0.22623844062554552,0.2402886458743392
YES,0.25610912137681424,1.4369479014642488,-0.20333556557614285,-0.09462974629078932,-0.3695288560436307,-0.22397853483293034,-0.0793977012676659,0.36375996960047413,0.020500873981320562,-0.2364626964157583,-0.382961803338789,0.12587824103056044,-0.05780452247620255,0.27082394321928216,0.17684541815791308,0.27197344514319777,-0.2455632607204013,0.2536583604642989,-0.319153512891553,0.5946840853924462,-0.009312604010185327,-0.22330161448504648,-0.20087118651238808,-0.2623282816135317,0.18660290124799137,-0.2858756432421961,0.1281472727536984,-0.25385053127125706,0.27342344542866104,0.3820876576790674,0.34785119122510394,0.18355879306114836,-0.31862866826020414,-0.4356523289131376,0.11850071843222834,-0.10283965148998733,-0.11066543421903802,-0.41641860081858995,-0.32603887575649737,-0.3288003470981903,0.3074791599138827,-0.23905912980543464,0.12068591440405346,-0.5066719137548786,0.23504488278029412,-0.27530734206993945,0.5140886028922707,0.3892501301312965,-0.2224222942757626,0.37702635389627315,0.5608712150501963,0.27865924077591303,0.28492273260140677,-0.26871419169760913,-0.017454570163841138,-0.2871005733972869,-0.4503936304755082,0.5654219549277228,-0.15660314388226726,0.16942118801028894,0.3061886762897981,0.42074349335208905,0.482567390595252,-0.16305447907504994,-0.3779279417177512,-0.015295293632747675,-0.4066918719528928,-0.5639615066604639,-0.18866018128753745,0.29943752632857407,0.10984362830765931,-0.36094772317048174,0.15369294936377967
YES,0.22904424998395373,1.2487391578111213,-0.19444391235419478,-0.15243078583551478,-0.15368401936069478,-0.3023642045916227,-0.00015095773135906376,0.5386438254457356,0.11199512268053118,-0.3994509466589756,-0.4433224168225164,0.16854296870194152,-0.07806087275750596,0.3767392309865219,0.09239935471871127,0.3016685316547235,-0.38964814715404217,0.3077145229252093,-0.2769279545604167,0.44353759463785136,0.11160230441432949,-0.08380599382358471,-0.4574886530195177,-0.3104022423144292,0.18617545829391197,-0.3175752980094073,0.23340138957833967,-0.30635132978310436,0.22371263897272148,0.3434399516370259,0.37894678334749443,0.20747620414858128,-0.3709151062376487,-0.3239294604172894,0.23297453315379443,-0.25524777393978937,-0.11079817475371434,-0.43794029489876407,-0.17340241300122367,-0.5206620483809724,0.14604529341589234,-0.21474546192250688,-0.040288485622510015,-0.6224077831886625,-0.0597386826930732,-0.11185418543008684,0.40820858299006313,0.3700656784770557,-0.06358743260123129,0.4519468703323137,0.6254616769165322,0.21399682635058836,0.3421072978389119,-0.38032833388675125,0.058351812309318934,-0.45263335433396634,-0.3549529721972846,0.5025377225246425,-0.12348817951169581,0.3044591226999579,0.4790593472174678,0.33279953858433925,0.4223464813488462,-0.23881682551781946,-0.5238315753114637,0.029748379469508854,-0.3925767732866717,-0.5228202202678641,-0.17727843055060333,0.3412116449529677,0.05356093256655205,-0.23855535640007655,0.2875701589026022
YES,0.14790352470515894,1.273787984239005,-0.24556132734664665,-0.3166800006089503,-0.22007853189469256,-0.3694959770020401,-0.009326534665192857,0.330826432930016,0.06248116928662713,-0.22361297388109996,-0.35411340856850154,0.21626147699697343,-0.13570531099798813,0.27571738047857175,0.2771935439061385,0.24028183292795707,-0.31101924646715096,0.2455884372636845,-0.29962895956120084,0.3630633996530014,0.02088594055979319,-0.21412098698149934,-0.23710533961944683,-0.2896260767155006,0.2707454584376865,-0.2391325531088092,0.08003348836323468,-0.25122062718502025,0.20278154230708326,0.4167453415748248,0.2881303791033092,0.223320862593949,-0.39170687439459156,-0.5272314741684594,0.2522504022508675,-0.08541450431448411,-0.021464691588119776,-0.4791436629147734,-0.12786877105361075,-0.5050530756923214,0.4556073115778241,-0.25970274838063295,0.008669108398661043,-0.41361825475344866,0.19961828080037758,-0.14841483350455204,0.40442146072216173,0.38508674239668933,0.016360377791382857,0.49570142730616173,0.5539838250976198,0.33435959678021915,0.42544392380296253,-0.20955168177959393,0.07879877907967917,-0.45702923205390533,-0.4115554501913453,0.24525855316304612,-0.15651268343027772,0.20910582564001762,0.4340786528894472,0.3595707966721695,0.40251122383935956,-0.2624939270733816,-0.5433388599453006,-0.05093588874841671,-0.3466435410238942,-0.40094694034928346,-0.20284371619407912,0.2864588987734882,-0.04302105240905996,-0.1311024282356688,0.19585169992792947
YES,0.2560615136403046,1.2710722208249208,-0.2645639882123618,-0.05782606311089675,-0.28130691257052765,-0.2739957482667974,-0.16203926106642585,0.33837763695566747,0.014884710186182875,-0.22376493544852438,-0.4435307965592517,0.17728282279295532,-0.14975205512396214,0.2790504129178134,0.1831084850974759,0.17646083892707695,-0.12557879444821304,0.13912513861070128,-0.1781857364712299,0.3374685916587815,0.18988149197707183,-0.1217326311994981,-0.19975197194725564,-0.3886276966723399,0.21460481406157395,-0.37592888178082384,0.07508220551979422,-0.1530119249982166,0.22570509895952795,0.31615436394377383,0.2000407170708258,0.3124983479047172,-0.3107270952919059,-0.5972403008739151,0.26155921459270703,-0.13359141291522406,0.028542326241993085,-0.5564725487140333,-0.4945598557806309,-0.44399688745792115,0.40251086673580544,-0.3918570469899857,-0.020942794096320466,-0.24060325984127745,0.1423985421733538,-0.11849593613580885,0.34586640076819514,0.2208939570257833,-0.18833004138192466,0.3797125308675795,0.4641674144053091,0.3162443972834367,0.3660128094868799,-0.2630006199912146,-0.02441809457803279,-0.39384930270767704,-0.5610318036041242,0.33486401545055455,-0.11422631099796363,0.28874553381967494,0.3020734238208936,0.24638739062682344,0.4409954221482305,-0.2795232545580525,-0.5873206906262294,-0.14793077464727267,-0.31773290311691865,-0.36338968169480756,-0.17312795307119794,0.3442573194205243,-0.08694411442192651,-0.13446591150055703,0.09002613231452122
YES,0.24098476129473656,1.2511225048571886,-0.19211269869275835,-0.2561280436427779,-0.20829086820222006,-0.3074479600273268,-0.08781359537268615,0.3931302024307973,-0.06059420162081075,-0.3132075364572107,-0.42804018838887165,0.21545536501046358,-0.11044082390818316,0.38567051055433815,0.23339145792455968,0.21219158479514444,-0.15855216053428955,0.09745200829226977,-0.1889095442552624,0.4886475822265211,-0.01653106979962593,-0.16804986010230513,-0.2679678267765526,-0.3697746355631865,0.3027091453496482,-0.33357871825306623,0.03079311159804507,-0.2293093778742352,0.2168161244977419,0.30360784165972904,0.3713348867981933,0.303329383887909,-0.48653449988626235,-0.45397241009604195,0.15400146053924968,-0.09330390993129489,-0.27763913810658164,-0.2649301305091911,-0.197941463133414,-0.4544134518121207,0.47371118991477934,-0.06911099255645953,0.12699690114008033,-0.38511563162114,0.17730259326280864,-0.188294714515262,0.3598555514372737,0.32202922959687247,-0.229670509614212,0.29291641854302924,0.49008795744397693,0.1906422579458371,0.3601446696867258,-0.25389771253429744,0.08845722272869133,-0.47451461163423153,-0.15893323356389,0.6077018840477156,-0.2729241505808669,0.26681335904299824,0.25802456159183057,0.2768648928706361,0.3904225317122417,-0.22392617948239185,-0.5141595919458662,-0.011382400083397692,-0.2904167530086179,-0.3676609600210289,-0.20776411414444218,0.3217674999305972,0.11677702855645494,-0.22515626479796313,0.0926002489012897
YES,0.3451587652201768,1.2891423683749297,-0.24686839941852604,-0.25193927272181865,-0.3560421293289421,-0.330643344922973,-0.08507086812311282,0.3227009133381462,0.0062720620466876435,-0.447160034230157,-0.5126321244167157,0.24982904500007524,-0.06889799394138063,0.29048080535440995,0.07808962391461394,0.21404916641928765,-0.2579154202568564,0.24392040179268143,-0.16167835999873525,0.39934594061173406,0.04409488745459168,-0.15406070879535125,-0.29637093535779535,-0.3505336260372527,0.30066304612869077,-0.21511515271681125,0.1079412109076052,-0.3371184931636605,0.1788806701915213,0.3999523118035413,0.2479745498834103,0.36894045812971893,-0.20885797114629137,-0.27851642644400343,0.22336827860989383,-0.08466145022116771,0.0454812094698345,-0.4330593922410909,-0.2805222793481678,-0.5022070230477649,0.39827016890314676,-0.359848230537167,0.04587645634387264,-0.3732969098804493,-0.008452916787564407,-0.05421408610234493,0.48770912445391856,0.3513370196675977,-0.13123811540850747,0.401212713842974,0.5945569029738734,0.40403031554554336,0.23286568990058826,-0.20401027081377596,0.060252170566296503,-0.42611748039118413,-0.46333581525591555,0.6387435775629574,-0.09015580498188298,0.189002218931009,0.19989620447399786,0.3271694605290013,0.532388509089461,-0.23928704722743432,-0.3593985471588408,-0.02561490423094584,-0.2923538081108205,-0.4514256787891099,-0.2507170712753931,0.26808236858348433,0.15098787041776413,-0.19134384507161764,0.19458923498261943
YES,0.1908972467384083,1.1885577504330178,-0.3076133445991539,-0.16144939633297212,-0.31095438956408206,-0.30394426255213763,-0.15030621649079168,0.4973781072886618,-0.016496813868324436,-0.19585917557458232,-0.30072850257585326,0.18967246796018572,-0.19787713416740016,0.1549591163666923,0.04174780279862686,0.18633466454947573,-0.11777639038463088,0.2016248894392138,-0.2047696533789222,0.2614347987354815,0.04053696719599345,-0.10452181770895495,-0.20754620871712046,-0.32084983722320426,0.2398283475817376,-0.1504205625112075,0.07761986884452501,-0.2298153888619971,0.177376698292373,0.5063084993624586,0.1100767419911311,0.31550917211388635,-0.32146177420847305,-0.36627331492074694,0.14635902416780766,-0.1355699886743247,-0.01074092723941309,-0.21981809112310166,-0.1757806555727851,-0.5341688439679767,0.34528499803943136,-0.29287644545217784,-0.08631428423739315,-0.4874278946749846,0.22547371785139766,-0.27891122377204974,0.4817977990417132,0.4271401746207829,-0.23344804739593525,0.38963852470344007,0.6240234181100615,0.38409948920441733,0.3455740401470808,-0.2700059292477888,0.08283112449388909,-0.4736851706680164,-0.5734620236358514,0.6622668448760691,-0.16093475063813695,0.28003569325864935,0.30203243303666377,0.29921392694926213,0.48275433892625486,-0.3864550957186771,-0.27748225329603593,-0.1875694418792057,-0.45247663287882744,-0.5127948471888569,-0.03652711487032369,0.2848989710162488,-0.03271017245736613,-0.08687494192905879,0.21282205563555823
YES,0.25947190853541513,1.3282014376100326,-0.10619686742886902,-0.011365600172695473,-0.3134365994474302,-0.15517656353871195,-0.04449570195120103,0.447766179174554,-0.12832201979274802,-0.32571048041573264,-0.48805421784605113,0.26240085032939,-0.031514795531387765,0.15587203850405434,0.15774797952042854,0.38599037092490873,-0.24298827756662686,0.2506840140612473,-0.2078447778961145,0.4664012980065017,0.11466908328791059,-0.2728146641555147,-0.32021054950172956,-0.2523252137719311,0.19619761933523844,-0.29236536657065065,0.06139206254170085,-0.2597800807131028,0.24572188835291975,0.28812020199109706,0.17074006608052766,0.32034347297399557,-0.3286677274169253,-0.40910338377285915,0.32755509299934643,-0.13329763079368925,-0.044519079747154675,-0.563164786510475,-0.25799710691302763,-0.4175615125088479,0.25475587389394827,-0.24053570933221274,0.06540045538459255,-0.4577176828918744,0.24982010319831752,-0.1502175730580244,0.5161649388261813,0.30863102768651296,-0.16383541626078438,0.4077182386016637,0.4106173139983724,0.40191926429125574,0.5308452122234544,-0.25235174984961656,0.11710408591965767,-0.42598260796740595,-0.46216883677090437,0.3532317898091293,-0.22982262922171828,0.13682724157270787,0.4429932192715459,0.34881449549337007,0.46995475107838286,-0.18737120876010768,-0.5493892613687713,-0.15015760504577821,-0.3644735486311634,-0.39527259152406646,-0.09943836924501084,0.303604262476507,0.07243011004395217,-0.15520314234750393,0.17047423790306007
YES,0.1339993299759441,1.2746290360470176,-0.3836409121888853,-0.17968658834351856,-0.2969512073262259,-0.08193683314097525,-0.07834070783205001,0.29549934858260696,-0.003674770115435681,-0.27053091953364594,-0.28915921492692404,0.14899995314282777,-0.24379547348550337,0.38717790749983777,0.049062872168798094,0.2613490152207697,-0.24866359942243077,0.18678824619704948,-0.18080485874033436,0.3843777368673806,0.11447594136003353,-0.17662982806060898,-0.2185203011062243,-0.3012472409517227,0.22952142091153416,-0.2137772262307337,0.1267139951795665,-0.1990781311939052,0.03539109145415037,0.3189579444737936,0.31638584698478184,0.31916662649641775,-0.3676656562464515,-0.4643381950065729,0.15302077446469772,-0.08873967421434122,0.01505671079728399,-0.5014477157899371,-0.1677865656347869,-0.45644521139236843,0.36924291042825275,-0.273514055166907,0.11706607874118063,-0.43497445399590395,0.34891342551746907,-0.24515062568569207,0.4393673231200639,0.3457821081491148,-0.24425234059734374,0.4000915247276701,0.5071458718513417,0.5588695485287555,0.3301396825005728,-0.34140556224968477,0.09854325625730717,-0.5987152890363416,-0.4124386057866716,0.5001746346169035,-0.10979271993847214,0.3260736920030741,0.26637948351419904,0.34597414983683455,0.43633863095330283,-0.3487485191277477,-0.43485759078984954,-0.19069532589314198,-0.4030894822168021,-0.5571880276298838,-0.09559851795529312,0.42785265901655545,-0.03794634739919564,-0.3354634894214515,0.14435105466471432
YES,0.21765293563471963,1.2884354428569493,-0.33345146069421266,-0.202224335681619,-0.22909853916391837,-0.20185289155201702,-0.2315530587573757,0.37832335876101714,0.024164350254003354,-0.38551770755353587,-0.2845347600777419,0.14532335471962626,-0.1205046505241948,0.36631271433274254,0.11220798553661862,0.14851560671701516,-0.2623463227348739,0.2747141669352214,-0.26288962544909233,0.3713537353335733,0.21042805829359212,-0.20195019150650212,-0.27130100279974473,-0.29711692775529175,0.2563009756632308,-0.09074730446346901,0.1614821545400829,-0.1425777757635751,0.12149164887484015,0.2328702800629811,0.283011751114183,0.2694249241515494,-0.3985586136169157,-0.42563861540780235,0.23089423662491607,-0.10282131460420227,-0.027310745325910907,-0.4455737287956135,-0.28098424346655526,-0.5074356462574434,0.28326966076173754,-0.11382131364666193,0.05841319874255149,-0.47900892380245774,0.09254402478946136,0.05787997794031613,0.31205294437983416,0.35381035488554996,-0.14144243473536738,0.4489779329500101,0.5727922379160335,0.47002434474548915,0.38536396019208596,-0.3354737278882435,0.056146788848013794,-0.4081174962315213,-0.23962397985786438,0.3870681737593468,-0.07715463015607085,0.2625770616125597,0.3736914958451749,0.3498636936763546,0.43023368699205045,-0.1984336923910256,-0.4072946909718506,-0.011043924746236278,-0.37098370100134387,-0.5255598727035329,-0.26427613246042125,0.3492881125263889,0.10009184982058975,-0.2644846214187627,0.11125611162898977
NO,-0.2750446301677832,0.027686490585160886,1.1724355648873395,-0.21553405645786336,-0.3126610537105068,-0.19637053204758928,0.0862978104867214,-0.13536839907690065,-0.1590079164922886,0.33697840498027587,0.26474829274683953,0.20100449084647484,-0.31324262824434773,0.28740022359305295,-0.24998217390079125,-0.3843548108920725,-0.23481456412506485,0.22960265292769416,-0.27741632938751754,-0.46081635473264243,-0.2953439225125753,0.3052348857741391,0.1685895518021564,-0.27123643896985283,-0.004284731091005647,0.0011495373580721925,0.18235904899033967,-0.1936177743878475,0.3442451322217185,-0.28694648838380876,0.2741088382374721,-0.5557289042799543,-0.10647701669165015,-0.15027679545749206,0.030798821195316968,-0.466221842237844,0.3397432761593454,-0.5687842068314324,0.26795545555137323,0.23021150129257037,0.09451350902156497,0.2692852561567798,0.263858502776671,-0.12865027200494686,0.24252980458284168,-0.33367902914734954,0.04330866536167921,0.0887437048308985,-0.17132294669235285,-0.22064284200899137,-0.09584726806949125,0.3213053869383466,0.4110334422721281,0.01886848955358759,-0.032465844039332614,0.2996972077840702,-0.35004061003866754,-0.20358092029803943,0.061797868813262796,0.25856700741356914,0.4427862577385081,-0.14233592821747934,-0.4195793606781421,0.05312590362089255,-0.2981915947084177,-0.2491810978183451,0.25970462159009544,-0.2762000501421269,0.3632773643838605,-0.0708043839534495,0.0541151346460684,-0.36724241450983114,-0.1098649400482565
NO,-0.34648444441599124,-0.02710123663042014,1.2390998216745928,-0.17744852321321242,-0.4357646341674234,-0.2358217966673143,-0.01012756667582515,-0.14440374551824012,-0.12311402112994646,0.2180428036216653,0.2895389578043246,0.4309534347014671,-0.25797170102759576,0.3318104047191004,-0.4661369088556929,-0.33316182509528547,-0.17441779245333636,0.25737783053538466,-0.23791236685644165,-0.4317658025949738,-0.4332876794882085,0.29012585806662017,0.007870147787735537,-0.22235368588145923,-0.04500856083981934,0.02789761894672499,0.20283421717031858,-0.2501680430324593,0.306552483353017,-0.11792644501198964,0.16149393572813664,-0.5906082143481844,-0.15004107046211498,-0.10134639180241362,-0.010468716569795665,-0.3570091450251791,0.22850528850869625,-0.33295625372727367,0.09335149361374999,0.35790888619673555,0.05761755063437693,0.16250225090246756,0.13016348483251725,-0.39016228187991464,0.37109632811089677,-0.21895836127433663,-0.1212861343292746,0.12886322383561294,-0.15477161519210064,-0.30236605311096193,0.02281395606770739,0.35144932522844596,0.4586846386270943,-0.16326434195728623,0.11942953218710034,0.34746430619018964,-0.4777775049154246,-0.3011354446269319,0.11880094968469743,0.3409621205483171,0.41835313667759966,-0.030462124071173678,-0.4216929978450516,0.09772065300630012,-0.17806740063290544,-0.21692820129717996,0.2336857800213845,-0.3174307409515595,0.4081876721017208,-0.1851650904817693,0.18292963663889472,-0.4226976515422353,-0.23151384409018905
NO,-0.4189666323972067,-0.10354478756193704,1.250213797786873,-0.052446201654683555,-0.28844280930846306,-0.2504541721510843,0.10343120607958012,0.00795366190488983,-0.14640464772271158,0.19947979613461767,0.3509361748938422,0.2876270685389532,-0.13496085264031707,0.2210057985764701,-0.5575519939302159,-0.47292383009201233,-0.10479784923487208,0.13723532925558696,-0.15891727144832096,-0.3538540102102401,-0.3650027542389885,0.40657945126786876,0.1760852590159985,-0.25614868689932035,-0.05461530407890426,0.1049614604302853,0.2680143793513521,-0.36349968751777106,0.2515025867808217,-0.20157519030057441,0.1440336863253209,-0.47227941441134835,-0.03070334691702184,-0.32794381710299136,0.16998618471254687,-0.4597972135729571,0.33107369201814785,-0.2327211311840742,0.23586510721783388,0.3081647715664929,0.08552180438445278,0.26400497077041774,0.11143768815264973,-0.28511461816296824,0.2113236728123497,-0.21363766847431478,0.008268385199806369,0.1826380533503767,0.02289599346740323,-0.1285208086497851,-0.06082006709997515,0.37172629000158897,0.3963002746983927,0.05394128759480987,0.19679649719716513,0.36986514481716387,-0.4562731923900253,-0.17000687665635464,0.25802904362743095,0.14337559164888228,0.3035781539280491,-0.1473946231206189,-0.460351144813125,0.006773660400331533,-0.2677289323526509,-0.31997391867181946,0.24161036988081655,-0.38113390216481796,0.3100096162380018,-0.12390499026891025,0.12256147339967735,-0.28089236960919484,-0.12572693500603888
NO,-0.15655484261541774,-0.12824062941530517,1.2505230357145423,-0.18171657274635555,-0.35552718720294263,-0.1685816659305282,-0.0012337151423810894,-0.006359677067857769,-0.2835121138805062,0.13959159585657943,0.5643600594871763,0.21597956374408694,-0.10963774980342464,0.38030539923171014,-0.5331763038282269,-0.2795823174962523,-0.10245747446309938,0.4389341515187002,-0.3481736056908683,-0.3206462185449514,-0.42744361932186015,0.4431271936717127,0.13090160188693242,-0.18513733211521224,0.05920535999259358,-0.11957250430958793,-0.0942075433948425,-0.2500192028597044,0.34330418418388986,-0.15877376180636366,0.1739593767087509,-0.3224291630103595,-0.10889989987958841,-0.18404600024780493,0.07047347389076378,-0.46155772197330797,0.2975657924552273,-0.3796176132112982,0.17635099873324178,0.2649839315612792,-0.027941973787981245,0.39894207616779687,0.07516148261979222,-0.1439130649726374,0.24463389623766474,-0.18153547244408202,-0.030737893005996234,0.31262628505638357,0.0418484047212149,-0.26439553135062854,0.05670351918732838,0.2874131467974984,0.5503850528317517,0.22016333174756944,0.14276980438697515,0.28165233576734205,-0.3256063975921704,-0.24996804549830567,0.24904329967379374,0.29655685856475045,0.286269602837722,0.007935031332290537,-0.38507689814365054,-0.17770308543507812,-0.21431539193671473,-0.16991005716605578,0.24624364289162068,-0.2948878552347274,0.27812736449292097,-0.08584983402821826,0.15755577813805094,-0.4042067327378633,-0.2733947739913953
NO,-0.2459262138184793,-0.11518267534333154,1.3197517041977682,-0.16733494646388977,-0.3574609016845666,-0.2876833275385256,0.05388178990888073,0.019461795612076227,-0.21540414632739852,0.24384811101009685,0.3185942872613971,0.16208181161826352,-0.17478802148146902,0.2583462610277408,-0.1885107823873412,-0.4061188426164058,-0.15838650437455165,0.20769648760638304,-0.20467255156514502,-0.40489900875305795,-0.24921889057833063,0.44767474065027685,0.16189581825467025,-0.2844045565971194,0.07166930035938616,0.01869854545480951,0.23170778109969964,-0.20071392638138624,0.34068975170201726,-0.3075909403061374,0.30080263799387086,-0.4373254370819287,-0.15290207575166628,-0.10486031419289804,0.04947333308301682,-0.3217743041252456,0.13574895518170615,-0.31399447555350607,0.3049621761203053,0.3482679955214782,0.20368548970664976,0.14313863926890835,0.2476360494900845,-0.06349224897168576,0.17432025620725858,-0.22893881327711874,0.06269058933599052,0.11583325684014706,-0.14301227630912752,-0.1273777411202865,-0.07192783458915648,0.3373341468030757,0.4498713857638769,0.04411193996878885,0.10505164340161756,0.455978740229626,-0.5284158495091369,-0.2672343710531804,0.3197389134930295,0.28795460192500244,0.29884333061039575,-0.026851532043037196,-0.3975855568611626,-0.002582740135825483,-0.26618553093732444,-0.3998669410634702,0.3666606296715617,-0.2588708033758511,0.43030449802760506,-0.3554395321814117,0.1321509881010404,-0.4476874336103247,-0.2493804219316571
NO,-0.2508115907268918,-0.09394727557809059,1.2918846289468544,-0.17490599883906463,-0.4546864824794761,-0.24995137658043914,0.01324713003599988,-0.19546494604849174,-0.2630128102803995,0.22956663526629845,0.5074102974179002,0.21394465652649344,-0.228593759862544,0.1499392233037276,-0.34557689792632074,-0.275341265139899,0.005841658348846285,0.330534319181792,-0.24245225334678336,-0.4802244396816039,-0.3984157945129258,0.4090789758136364,0.10859325818224128,-0.25978143240341645,0.05326804334814739,-0.019686626447247696,0.14943763771445714,-0.4283649358816478,0.40830985783587465,-0.002489690802222777,0.14996816476319158,-0.45396838202765155,-0.059216764486157994,-0.04587296022379479,0.02233870948380014,-0.571529118517901,0.3115099297940093,-0.2719289029800773,0.14938450490792998,0.29253115341334596,0.07337139184293162,0.2698241660902935,0.18744508903419893,-0.1618850556080827,0.3396008458324414,-0.22810109797646097,0.12257495787434275,0.19520231230341945,-0.1151994348155274,-0.3271314789519533,-0.07024682738374904,0.3633625920395519,0.3472229738090193,0.019475374751883455,-0.030939358669164918,0.293827693556355,-0.48997111307616975,-0.25978133807210385,0.23557272724299946,0.3192600166370839,0.3264215576995877,-0.11522096301296719,-0.35337643778489364,-0.04519293494973585,-0.29598105749737524,-0.10533958538407512,0.42826556011719386,-0.5241323099928068,0.36938202309754303,0.17486025443907988,0.11848037438461062,-0.4011123578711789,-0.16709963683420945
NO,-0.22141564225869434,-0.021639558662122298,1.1516106546709326,-0.18155110424660725,-0.5465813430881507,-0.22056856377072148,6.872703623533871e-05,-0.031012085578097315,-0.2857916809353709,0.2054667440203864,0.4708335114349669,0.202682570786857,-0.3203941600757517,0.26504482008787245,-0.39494213697335967,-0.3845528467945408,-0.21276252988084846,0.46565410860245937,-0.3782975716259792,-0.21006694214977858,-0.3995413872537531,0.373420694627031,0.08779957133892892,-0.29612952141845966,-0.007490566946429314,0.07568025938884124,0.04257200295049676,-0.23768376203897018,0.18964356839025295,-0.16874913622864607,0.2620630624508122,-0.5858368822123746,-0.07304346196835326,-0.144179349191246,0.17135854501164166,-0.4956802488076907,0.5154102460239267,-0.4734817705784505,0.15067751083112013,0.16732654639425854,0.20996129038949443,0.21994712721671855,0.1481255060254629,-0.10901115500117536,0.3084741241273823,-0.2527995546265788,-0.02931886229880669,0.25887881132821383,-0.09073739957233413,-0.1416022134704366,0.11236415819734452,0.14406198199603423,0.4245043873574484,0.14042243972560436,0.1515044113685427,0.21621982594345254,-0.5047363145750513,-0.24163583415964943,0.23227578984224972,0.37754603777958134,0.29454831284672317,-0.06410216435152359,-0.48632916233983914,-0.0414218832088848,-0.26500843402466306,-0.2744723466164082,0.39692224729852077,-0.5609237899871041,0.31625153883985996,-0.13976335932177575,0.24280009396909702,-0.3624759281546875,-0.21458575167235155
NO,-0.28300738680358345,0.0668690979323294,1.1754899540660646,-0.32058826776194566,-0.3417409649312528,-0.17873200504837586,0.12556658041318997,-0.004336231039179857,-0.011624786705384887,0.10900112962703112,0.2972857158216913,0.309765489618092,-0.25644933801947606,0.1279151299768046,-0.19875225334312713,-0.49927738244185205,-0.1824747259326927,0.30295297294554463,-0.14892082140063595,-0.586250835763918,-0.335052452673145,0.2875148038687739,0.18399218175468365,-0.31934345471217207,0.1810803258230435,-0.044497979048750025,-0.041522398030532065,-0.32992038555768777,0.3434989783488861,-0.10404312806700246,0.09345846753104323,-0.5829670437969112,-0.050496637809134035,-0.2583081914781682,0.029165753271679223,-0.4399558329003245,0.3075377366335453,-0.3422070550630395,0.10287826394804517,0.3300036785842766,-0.00980271201206974,0.1320856715124515,0.26008431124314035,-0.10542257233765781,0.4502587306947925,-0.14258121801711635,-0.030238574379002695,0.25310727834633917,-0.2022943505649521,-0.3293611601200377,-0.07642994127277594,0.3964861243730833,0.45191478000866536,-0.06618811764081153,0.12287887930663291,0.3918442954115558,-0.5365821449047252,-0.210867632913946,0.1906012041508823,0.21249687303773507,0.2412551408312925,0.003160292448661464,-0.4411251402797907,0.033009639616132846,-0.143492971400729,-0.12700768317490188,0.22959301710810653,-0.6243006835394955,0.3526209218434884,0.09499519540645293,0.09323272484668907,-0.5695330102682528,-0.21663120135712977
NO,-0.27532882563929806,-0.1698705773796967,1.046075687166076,-0.18726047560071096,-0.42781161363696807,-0.062007901569008234,0.08036649358062486,-0.020579980157064706,-0.16280813024377358,0.25395079311102225,0.2613260283243464,0.1735759184846939,-0.08091012177677265,0.26119912541596946,-0.3799003709565499,-0.33078831259143915,-0.1139040101765936,0.46697393967959355,-0.24060644524685193,-0.5217471971421445,-0.37754618342689833,0.4073502186992903,0.21343600566158383,-0.3760013864002537,0.0755923628875264,-0.04420077177449892,0.11010542447110588,-0.19914527563891232,0.42410287034894956,-0.24488363481579187,0.18150429229303022,-0.5267618972374534,0.10399336909068863,-0.1260215287255627,-0.023674098718808698,-0.3214903665251134,0.39872828298077223,-0.13888554139054873,0.3440773094828178,0.35982931387338346,0.03388881673926289,0.22467386531363992,0.13849428808648206,-0.1767706322223145,0.40805348361665256,-0.20524095755959396,0.14892666693681367,0.2995190635240187,-0.2089364872372591,-0.33460652597155766,-0.13958702716198246,0.2838269849306905,0.44066801116709475,-0.006780613327660612,0.21771141706293998,0.3610588066855574,-0.38089655353234203,-0.25851488768088404,0.34765465359457337,0.24572518790427783,0.5337025556229543,-0.13244081136423577,-0.5178646489369979,-0.07957172193450311,-0.01005427790200164,-0.13718712620188583,0.3205046851128067,-0.3608579650427915,0.26601374032051756,-0.04624736406656219,0.09626411512596489,-0.2656224288727682,-0.17133593896965257
NO,-0.29089228722414634,-0.17521544377564272,1.2623931635545163,-0.15599626730199415,-0.4611485689795993,-0.1675701461161554,0.09093817644558985,0.02292936888176507,-0.056291789331936556,0.25399447234625633,0.3106007806627502,0.19033949645882545,-0.027029084835993533,0.2576813192873585,-0.2083275151618642,-0.3297936264297307,-0.0940741119895652,0.38280025834310977,-0.351502857910452,-0.41219053109231835,-0.46725037690260995,0.335951980699383,0.18499685563713164,-0.32882554787261953,0.10004281129039509,-0.09228989641191647,0.24690156435758676,-0.3199674201468115,0.282233593256895,-0.3054599111992736,0.1477833473492242,-0.6364842981843291,-0.17121480123451915,-0.0603312200145452,0.028387500603827776,-0.5214652274953347,0.30823243905161296,-0.27118753616243896,0.3335666118888675,0.36646980472732565,0.08632480641534072,0.3132885305907493,0.15110982676060053,-0.15050325732048836,0.4415737633080905,-0.33614495225977187,0.14864855880279232,0.23653442108651745,-0.14436324388776056,-0.24146406707807197,-0.028360068182042224,0.3144811370287803,0.3967455722075074,-0.011129206749441928,0.009039769127577035,0.3453693226907806,-0.4424367602879353,-0.2558229363604876,0.36594687702610285,0.2744679664312262,0.2751305600308043,-0.14205251044931524,-0.398392516299964,-0.015127685916678277,-0.21099779274738278,-0.14258690514463454,0.34980600384646376,-0.44678360497196673,0.4918324321799987,-0.10071239586853206,0.10481117720786781,-0.30668160302250563,-0.1173269194036991
NO,-0.43989790317977273,-0.0815806255623647,1.320149185091386,-0.2869100363458656,-0.304966090318039,-0.17261091923992522,0.166997453250111,-0.11350079769602733,-0.07360976551694924,0.2592207886491805,0.534793995717501,0.47967321792746304,-0.044932862758116615,0.28288366208621163,-0.1623394978410044,-0.32140376857527037,-0.22700862004565037,0.304560504487931,-0.192717977854098,-0.3706702586517153,-0.4583116559782577,0.27126238561280636,0.10647849705049976,-0.2040353475535281,0.10830082931857488,0.038884032353735234,0.08868167975924945,-0.12785701013683948,0.2786383422469545,-0.08644417833168624,0.2532375166522661,-0.38144876931804683,-0.1628975335396861,-0.15970251788832804,0.04788783316549797,-0.4653755590709247,0.30815205000571616,-0.15589204174673485,0.07329110710857235,0.25063518658720596,0.0006173307450126203,0.23332974575110169,0.15101821069669585,-0.08268503609273592,0.3115563872672753,-0.18106796797692784,0.10308876139247723,0.26503006403800444,-0.06477904527088504,-0.20701826295319456,0.09105548185882256,0.521293082086657,0.48642024112703036,0.06332270595661503,0.21143279006903137,0.3151909753682226,-0.3870447111898244,-0.32642739068972365,0.24969815963080885,0.2656357172741279,0.32944683270186625,-0.23465049558691162,-0.5045197529039466,-0.033828618465496355,-0.33877309605842065,-0.12370162630052971,0.19595642976444083,-0.3882125538712515,0.2666311671629614,-0.04149333217314885,-0.026719055227016078,-0.44660240681468566,-0.23033798446573917
NO,-0.18997155763323526,-0.045050494829776584,1.1525859202352284,-0.1956868729131714,-0.4268069413461847,-0.12780265893151807,0.17400574635431626,-0.17347790362980112,-0.08714500081357038,0.18058844331649723,0.37327662957577235,0.2593695612272736,-0.022670804797883,0.16413418967508286,-0.28123983971448463,-0.4634023645622785,-0.2536204497510998,0.3099794449175894,-0.2519133934785203,-0.6633320565788607,-0.2755227616436051,0.18761583857511205,0.1221082898582235,-0.1405896005015989,0.23203054266327564,-0.0014643666697359906,0.04080005175129424,-0.16356858751694703,0.43361551120401864,-0.22975082108626518,0.1448726573195004,-0.5412667267205397,-0.15490979296462346,-0.12300473064906124,-0.0017967380359272395,-0.4624301602677827,0.34143369527895434,-0.4008123295171413,0.14696295728892386,0.16913684171616505,0.07054995410974524,0.08573077407063551,0.2330611223611199,-0.24964119451135283,0.16705225380464897,-0.23438769378660143,0.20810150108568118,0.3022931354152656,-0.27482921862380966,-0.30468241379413824,-0.07230201968683385,0.49703174729082256,0.35480543130815534,-0.02938740663636541,0.2836605562740664,0.4188661986599042,-0.31721314640315834,-0.32608938534791215,0.20076913843325822,0.42899501088735925,0.3454417581917139,0.0049514326570496425,-0.37967871367337075,-0.1453888489738936,-0.27057078678062807,-0.13029282562137318,0.3258208521324566,-0.4276931458477794,0.17624406636298215,-0.21601023268860822,-0.03060051606957423,-0.4511831453056451,-0.1928103515381962
NO,-0.37866307574547553,-0.0002304684904316373,1.1500904784268238,-0.28907713734886176,-0.35796265361748203,-0.1259108248415432,0.2366721841270545,-0.011542687548681874,-0.026894861266199277,0.14948759671898904,0.5662891122461978,0.10787046685795795,-0.20830643819333527,0.28929436940385567,-0.4764371787816243,-0.4438460192627358,-0.2412467653070118,0.28288468846407827,-0.1399251242238842,-0.43540058579829555,-0.40533558033236633,0.12799901915532402,0.17112370113437395,-0.183597603911769,-0.0807057560966356,0.022221833647548657,0.17087663366722503,-0.1896443049940882,0.30642151053475974,-0.2606602668067709,0.15761187009876795,-0.3811203894055944,-0.043835234732039166,-0.1499978062149848,0.12506655075807754,-0.6167590347709762,0.35346371021359035,-0.3717204912575392,0.3183997744336792,0.21807254628943526,-0.006344016977178443,0.28587710513247977,0.21457664299748844,-0.1801767691493672,0.33857086178740775,-0.16566824488819307,0.1026620902361599,0.21303334573686783,-0.08062720826063717,-0.08472275998125545,-0.1386930681646834,0.2507586915058091,0.43210221373451113,-0.039414510393552496,0.017193906585471014,0.49072346030947067,-0.5797562098691575,-0.3001120379357818,0.2696155518322761,0.34508044507246544,0.3260490790522617,-0.17268798926786416,-0.3831506726562982,-0.14129007777772992,-0.24799080288748523,-0.19753013314459533,0.28435018956191666,-0.4756984147084664,0.49038194622748527,-0.04367438346620095,0.07376721716302331,-0.3892061229193767,-0.2245978531566652
NO,-0.29153452353618614,0.10932210258344846,1.1898015400890825,-0.18565423000465425,-0.4015099019083392,-0.28699394986698384,0.10597061375958566,-0.05522851777659933,-0.08039905404409463,0.3112983624835144,0.46556658891667757,0.18333295307431752,-0.11672243394607314,0.29766388834076124,-0.4297048573824973,-0.39517131128688826,-0.2708619306821585,0.3612721796344797,-0.20044995520218023,-0.322317567171852,-0.38659434541879256,0.39486253545468386,0.21280209282931228,-0.30711015891439863,-0.017181385977234606,-0.030251193660742796,0.12749234098424356,-0.33645679403007595,0.31001677039749975,-0.12015822439732753,0.18642392345669348,-0.45933948373503025,-0.1714002131553388,-0.19759941637577894,0.06632889974624626,-0.41717875198253107,0.35237030799075386,-0.17809175839211205,0.12172483853989782,0.37210688626519567,-0.0245075371739399,0.4067855013462482,0.09895598796393922,-0.08921975726745163,0.22187931193399205,-0.2174659010062159,0.1948715691237985,0.1799814069826537,0.055290803243405406,-0.1976544401512986,0.03740301321143598,0.35019906022944186,0.4664849683933741,-0.06900568451155822,0.12363798188540817,0.4989517392376105,-0.42899884472865735,-0.2568148555164099,0.08510623598205035,0.28073830663224014,0.44687217214109515,-0.18750317769922265,-0.35329377474844004,-0.04799627161358124,-0.2881418486748005,-0.2311975083891364,0.2329851809912668,-0.45663059173867016,0.4019604354655947,-0.10689441931541288,0.24067115687597967,-0.386385168520864,-0.20874187596498217
NO,-0.18276088745910452,-0.0321198165399868,1.1188578893862544,-0.262190122544904,-0.3742551380245509,-0.3305118691946173,0.23952620669973018,0.007632282654211259,-0.15434786652700577,0.2190356045680529,0.34553687904459796,0.09966665026472424,-0.30662919001397115,0.3965318263389623,-0.22213184638734199,-0.41574423230263235,-0.08173303046924447,0.3482160310438195,-0.2037087162257908,-0.5507608122613769,-0.5129446985960577,0.4533525172551713,-0.02456057949565879,-0.25865431994062454,0.025879639230758367,-0.009232454508762297,0.1805920442239138,-0.3210198399606598,0.3960618241916015,-0.17933900474469155,0.3620302423002709,-0.5947081049732355,-0.12500135139346663,-0.11378257405097064,0.022972224140430802,-0.5342297468538306,0.3906995961785239,-0.2552644518209073,0.07568607784788269,0.33830556024875397,0.19800224184574167,0.2379779320487119,0.16168329865736056,-0.01902980036452684,0.23122782049346502,-0.0670944667048175,0.14904580338097612,0.17146022202313826,-0.17450561017502164,-0.23921741907715813,-0.1873391269461445,0.33880123427482406,0.3596060028858365,0.06880751857439459,0.058190745297634516,0.4771146811904741,-0.3424430741766174,-0.32439174325865217,0.2376719388821517,0.3303781066570661,0.47561298722281087,-0.1674911405766572,-0.4228439359876649,-0.11347321363700194,-0.2656799540249328,-0.16614165678068837,0.22012296659160907,-0.45360141168525014,0.4048644813252911,0.0362550587782845,0.13554521391682536,-0.4213848166637737,-0.18128867532569232
NO,-0.21678005735977046,-0.06381013187372318,1.1192739375731628,-0.13364159539886875,-0.43386709708216287,-0.3171781471190537,-0.0611837765066969,-0.0754346416036016,-0.23460318773869704,0.06034320407797816,0.36483353084637304,0.21754355611152776,-0.17999138705499124,0.1941303315141635,-0.20167344444376653,-0.32829502833401786,-0.19434202885355925,0.302612222048268,-0.1404803393580703,-0.3602167661624811,-0.4799874099436475,0.2808017236634498,0.07123553482542039,-0.28197483270488805,0.007661969098097951,0.0303003628142366,0.2142936833221723,-0.19459962242778484,0.33825919976245444,-0.32140691942033883,0.11089885862649755,-0.5254573367981875,-0.22694562684596137,-0.05702146310506259,-0.050878856103443754,-0.37789869464398723,0.15558094532430525,-0.22964311012874716,0.16589631834860336,0.42421457942829727,-0.028648052282193276,0.19575402267305791,0.13222570410217035,-0.15667020846001736,0.28118007256136607,-0.231432915387191,0.043767914280664136,0.07970334853510219,-0.04157733005887096,0.0316585330281198,-0.016792301459098227,0.2271034265204901,0.3471586726778018,0.09413733301121557,0.1923037633915113,0.3805304133946471,-0.34118079891672276,-0.43303222587419427,0.26922497643007237,0.3427653550798911,0.27735318906791934,-0.19955873741552216,-0.400953915088483,0.050360528241040994,-0.28751286835270895,-0.277018346302003,0.287570617648406,-0.2788031691642352,0.36208520252579945,-0.02917875511907829,0.19388782197823956,-0.3725431768136152,-0.2251184982155327
NO,-0.4001953598097966,-0.15576374156837391,1.162813900196653,-0.12668776442259477,-0.3011536698204293,-0.18977746950376242,-0.02921154360545268,0.08478147000519962,-0.18657805587125592,0.29473060968123693,0.39745595832928265,0.27348230156239023,-0.122544577615089,0.18876055490947752,-0.2435876234247355,-0.4960424452756909,-0.2374574674467118,0.4110967189910236,-0.20645137186934043,-0.23351530328680573,-0.36282242930139447,0.49477931224630756,-0.014815017865784652,-0.3598800344857989,0.12693786832153925,-0.11164980362380844,0.13964656987990212,-0.17343571888661102,0.4044966883534911,-0.1897438202944208,0.15820305646989166,-0.46769728366042795,-0.08116300031581038,-0.20116172900008633,0.07322331082397827,-0.34098927868690665,0.27233312306211965,-0.2767693702211793,0.21574012160223244,0.3473188605312727,0.1321532420813883,0.15973321024342949,0.1195465120241807,-0.1838204982119647,0.23654556582055114,-0.34917174382309724,-0.18914539755229948,0.34103395608177794,-0.24535553054329584,-0.07191166224610229,0.018498769262139725,0.28550842396465337,0.4792355315308435,0.07909407259698786,0.07332425628846995,0.4020754003485437,-0.479840250390377,-0.2155911819601476,0.15168233010763144,0.31601409901656585,0.34584511480971797,-0.07516650310191683,-0.2776556912190114,-0.08149536932885354,-0.171831238434985,-0.1704037854565728,0.3857397605204324,-0.4515477767592987,0.38327211683826756,-0.07707235598385821,-0.14308751059246202,-0.497535255565959,-0.11605076596650024
NO,-0.21932897035555377,-0.1856296830769068,1.2688214085115075,-0.13917159586146052,-0.36779475950736645,-0.14551774342823057,0.11968823917630267,-0.06095777826131266,-0.19414722427321832,0.32985545622451473,0.4305629392236236,0.1462746106999732,-0.1503274853958098,0.152360191080935,-0.4251852521202828,-0.42183481473956,-0.1507831041110649,0.33766121525135984,-0.2863671038969999,-0.4659612004048192,-0.4085499572177794,0.4425460594965904,-0.09445219554068465,-0.27149302940400594,0.17889460895877063,0.06895802644754134,0.25678375768603123,-0.42955235433925754,0.2650230486768679,-0.14950758666506975,0.31818210143685033,-0.5751742509753633,-0.15836381272237457,-0.11617305069183212,-0.07271544318400129,-0.38552843745632487,0.07607660180320938,-0.24284004107524307,0.09743101745098279,0.2674043480027801,0.11402767207647055,0.2766633791613656,0.16122181586686915,-0.06694695871716441,0.1728444580240594,-0.18894548039435893,0.007999307282838541,0.3188402566359384,-0.06607872461660283,-0.13936453487345454,0.09097655678939348,0.40807129694395183,0.4173280564437919,0.044981984580890394,0.20954127578058998,0.4141675962187405,-0.3450392828342802,-0.44634705611567727,0.35936428775504775,0.32862674859680535,0.2272318018591731,-0.15799629127174913,-0.5810062618016709,-0.14943732911524016,-0.2806452840841291,-0.0876263760038236,0.30512152367108986,-0.4058440650169471,0.23677285578344517,-0.13828973862811184,0.03630971563081948,-0.46683805773920944,-0.19076387174260875
NO,-0.28271104859527213,-0.10915776187626078,1.1974860661829885,-0.16862816071852285,-0.39017469659769993,-0.3314686141387797,0.07503436032263598,-0.06748741173146217,-0.2796514349685029,0.19914801312139094,0.4412757762742266,0.16587322780954067,-0.26737362346060034,0.21845147807821458,-0.29818523594099167,-0.22485580465089341,-0.10165813457554636,0.39448858825654565,-0.22591594247756505,-0.4915558694727388,-0.3161535786658919,0.3518963246153305,0.16394599177352867,-0.3224812227381002,0.09261148939536581,0.017938966684078676,0.17393659821538796,-0.27361829956439426,0.34222673796706304,-0.15185617555051448,0.16164436366491178,-0.6109704040579923,-0.2772604761604484,-0.1335368564870335,0.007707003404706009,-0.5655916724173675,0.29865417109041076,-0.2897291626303002,0.1370687274241916,0.3229568686985614,0.16708447705013746,0.3436504642167966,0.1733614836636923,-0.15124703747702067,0.3214773556424998,-0.18057807549252416,0.049749063586872755,0.2593611839377877,-0.2469344558708362,-0.1907244817148338,-0.0025089022252088936,0.2787761389886411,0.4222839516027769,-0.04383701759619976,0.06144111868690677,0.42013882847564943,-0.4598181898460669,-0.4100674750599169,0.11995774232082708,0.24643413440893414,0.41899546814911726,-0.07056370223559001,-0.48038827356071717,-0.10923979509807286,-0.16429865650436815,-0.13391535018761974,0.18282272259895957,-0.331390845204007,0.32113091280471734,-0.008361984091331404,0.08299929470047453,-0.315481432864947,-0.25541057056590427
NO,-0.28106619816847495,0.015285290245816444,1.0597833527486862,-0.1831173263134582,-0.39650521951821294,-0.14905033599750186,0.15787688937487893,0.0002764136356210867,-0.13400121849230917,0.2496972927047428,0.3660931216749261,0.2735870326243675,-0.05122691151548006,0.17800118397535036,-0.38018633553587466,-0.3757228097140537,-0.07429834862818759,0.32556655620823344,-0.17497320111408288,-0.3540177918610323,-0.3209275187280465,0.2736254792043359,0.2666707976990248,-0.13380838294260722,0.060379029368368274,-0.08296199697333399,0.030596125810712707,-0.24646719545408685,0.3082629518239348,-0.32800656858881744,0.06778239802719674,-0.5214739594941857,-0.11174850420097451,-0.03583313795992556,0.08222209053076185,-0.45777610066051666,0.32052733833993224,-0.2589737913853388,0.23620143145768535,0.30001675415738405,0.14477277632248195,0.3068393507401843,0.16847631250609116,-0.15400815134926474,0.38243841735279943,-0.2623765755630351,-0.04931610857995433,0.12441389980681986,-0.18475404819465313,-0.14446020848039495,-0.07447789819596637,0.3343247745740517,0.39029807747517925,0.006094823581172866,0.07942911136275957,0.3959219722056591,-0.41546624744937416,-0.23490822027928923,0.23191581481251985,0.3079726714356266,0.23654192072576388,0.0007535342611948159,-0.41746364483117504,-0.05584710750886834,-0.1412258045280616,-0.13614577487569982,0.30798349274284426,-0.42465737696377914,0.3266495735739699,-0.05312175435808195,0.12861646916912564,-0.27343562830159024,0.035220364978304525
NO,-0.23740929922566972,-0.2542935777496036,1.1750524467411294,-0.03451266343375961,-0.3075293036678982,-0.1697395154614018,0.05893678162962031,-0.15326805664701482,-0.019058058384448656,0.1805953087391869,0.4518549167163802,0.15273308132206553,-0.18522719266858292,0.3238787382737908,-0.3679953513232923,-0.3991580019379913,-0.15352206149594658,0.20082213764926277,-0.37558350532137935,-0.3796076724858062,-0.4020672588430689,0.41526374937609667,0.22323792611934426,-0.15090742791038625,-0.07438483743792579,-0.028246720634961447,0.1984428030041657,-0.22257231182609152,0.5443579939301009,-0.2632405205786337,0.2875851260925647,-0.4540933848247019,-0.25856173943893035,-0.1921154009793193,0.0644866695688805,-0.5636130748865047,0.1242188933283766,-0.4231186045233629,0.19776850728875733,0.264438742545418,0.012280500456423676,0.19403345990872725,0.04793051928237049,-0.18098245747520098,0.16322669518781846,-0.1102873389657595,0.20659929540569458,0.05931264207040576,-0.15857446293341948,-0.22955330683335878,-0.05461275035653928,0.3980859282991056,0.3926249005701503,0.03802329584138717,0.3997906024277629,0.3943701896304896,-0.2601539597631051,-0.2277624095427283,0.16460328680551448,0.2660857429382652,0.3564472207306014,-0.17501067312479202,-0.47976937501978917,-0.09606337078244245,-0.24579792643876788,-0.0627237680640921,0.2334712026936448,-0.38755147026386405,0.197349389754138,0.01249217709515442,-0.04167067489356141,-0.34647685099620623,-0.16911491790526464
NO,-0.27028239907713686,-0.1060526694196194,1.1470917946530992,-0.2792940547730052,-0.29809990144523935,-0.20286829202649043,0.0476792757275002,-0.022674455858051515,-0.1451764161063887,0.1830176048619236,0.5903896694607245,0.3160497331826456,-0.15783381201355637,0.2033532636604385,-0.2717990423904135,-0.4326874414867967,-0.22411494224138212,0.4431684199032876,-0.2511977386720414,-0.4978145260385294,-0.36783560895047074,0.4267598928374502,0.18348364106370302,-0.16885785558310717,-0.04466864689097709,0.10351155535933795,0.14111127635656956,-0.2596843842420736,0.46116254668598,-0.13441338405828399,0.2222158524526112,-0.6425950882795415,-0.1309830185362757,-0.21106421304683176,0.10036805293480353,-0.3479870832599506,0.26596889190348727,-0.33558251629552643,0.30154187852328485,0.25496031788299767,-0.03368604432138704,0.17426951448046996,0.11746036116586869,-0.21337924708395625,0.3764898496958111,-0.3811317057603929,0.0006080848358748364,0.24159794350515046,-0.10422439258730895,-0.06188560538060828,0.08296502719391761,0.18990452187359022,0.2772779279000984,0.04708111384957007,0.10761138640660481,0.3079115148802593,-0.40016347679020525,-0.2494656366670802,0.14178253108004824,0.27381768230930015,0.29606570613956595,-0.11781212244276984,-0.3673445697569542,-0.14845099159250702,-0.3205202092727543,-0.24074611645021599,0.2717273644250946,-0.4023941545411153,0.49096184472156545,-0.026560856767159705,0.1437384388637284,-0.43167680982668394,-0.24103018529851497
NO,-0.30288728484593624,-0.13885809120330425,1.2825704586488325,-0.3115349278733996,-0.31761881636137834,-0.2132024015958835,0.13095167315712422,-0.11605894704127794,-0.22539081595146848,0.2139186313340385,0.3590580311730118,0.32129709578839144,-0.10425491123775558,0.3968440145203872,-0.3876591890873805,-0.6374860596277165,-0.1871267688063065,0.3261550030607256,-0.19648929747352462,-0.41245824939862286,-0.40799266744082086,0.4958781171228247,0.05108442070230951,-0.26877042451497035,-0.0310969619406833,0.029145763392564146,0.28255643914249085,-0.27808651949028873,0.35361899902691935,-0.3263083985901679,0.171172279112957,-0.39183638962511697,-0.14736176335841872,-0.17371339915417658,0.13194159465047794,-0.45234886726044865,0.3934956643042781,-0.38499036586345103,0.23126613286929262,0.4349184598597297,0.14250550803790618,0.0915013225911635,0.11079605290053482,-0.16382632482061504,0.3896549787701318,-0.3118280794113869,-0.010302015879894669,0.11698562472714011,-0.1871081101945175,-0.29736092494036,0.0871784789885354,0.2661733126973163,0.48519578651606543,0.04652097343739977,0.16178310779761887,0.35595811667575905,-0.33985134961660096,-0.2555738835224477,0.2166395192867062,0.2762708130980658,0.3226469542383363,-0.037779933739033426,-0.3922556487844931,-0.05234073753969688,-0.32958880912635,-0.05327492872133624,0.23389101767287995,-0.42689312691214676,0.31261852717072447,0.08404598160507212,0.0727987620839881,-0.4409351240423733,-0.15317602979338682
NO,-0.3161134348149285,-0.07310351463399183,1.4409202910178887,-0.15545676953941365,-0.3439618401902314,-0.26125562587373846,0.20902038689023822,0.09697632415490229,-0.08506680869792796,0.2987587867021043,0.37472874327821254,0.2880962293699668,-0.23481190627132142,0.1543530497752545,-0.46700861086400824,-0.3368280940467252,-0.26464292074949614,0.26773153679505834,-0.2585501027738563,-0.3571233591395579,-0.4145480781233185,0.44780675354873156,0.20891599779882214,-0.3325035028437013,0.14512186483900336,0.004893132654027514,0.11551988854258781,-0.2891607076114497,0.36412252905370374,-0.22383500595499795,0.12695632114733707,-0.543975801123359,-0.11622744532953151,-0.16112726618655526,0.08566920405497958,-0.4230747064465425,0.296292493404809,-0.23479421944568848,0.29055126063502495,0.41993391110744427,0.16910946985065056,0.3105191403012901,0.3286931619823774,-0.1094443015485066,0.33490220425933104,-0.025784928074228053,-0.14686459025644089,0.22828602004999404,-0.020844431855492437,-0.11881135616484026,0.16459813615967317,0.3265623518156671,0.3954563549546091,0.018516633125954515,0.18691165835255166,0.5330054299150199,-0.27072186787621827,-0.2724025958805287,0.2291406851858058,0.27481633557607055,0.3164517845221343,-0.0011922460700936333,-0.2824831866095991,-0.11800121713796521,-0.24982890162243812,-0.22824978948971247,0.34137728960166636,-0.45555419576262957,0.17346482232393826,0.00796434271312925,0.07178524071205593,-0.4263032660353654,-0.12779388830737323
NO,-0.23240347220574406,-0.0455417592859218,1.1208133513847716,-0.13492769302058155,-0.5177460219564487,-0.14225802293852088,0.1617543171108476,-0.16762790332695338,-0.1270065995175649,0.3310264592262686,0.35758968176359524,0.3106801321590869,-0.3908317677003753,0.33229785729702654,-0.3456202784304947,-0.3903083620395917,-0.07564964673148265,0.4460455431019752,-0.21479448544937838,-0.3080494804574088,-0.4925531249958033,0.4120208755563054,0.12322297651894584,-0.3098563650073287,-0.09899868946084606,0.07652258634556344,0.22545918271398357,-0.1594506254989239,0.4585222222052002,-0.2523682128846568,0.29738809520120735,-0.3721675533148376,-0.1481415841260692,-0.14601592094425422,-0.03124790798094887,-0.3087928349705369,0.16918840204859342,-0.23942154444332991,0.12929147983275316,0.2145838976795723,-0.08810130620339951,0.22365071648430604,0.060693503047173095,-0.13995664658608806,0.45040552490561525,-0.18933804399936094,0.23099535793428908,0.16681587886328725,-0.22351935418744023,-0.2793936394408372,-0.045862032927601604,0.5357993893670978,0.2969525860615495,0.09465646231288412,0.10546897844040917,0.38536937815483713,-0.5020947414883646,-0.19759035621067178,0.2053859956151727,0.41074074596783294,0.3710486438531828,-0.23942274131921742,-0.32293667403011606,-0.22325857328515453,-0.4188576244262592,-0.2821797594139067,0.1999591134813189,-0.31279120474359456,0.313888706540673,0.027459909182142125,0.05063053281371884,-0.3849360592434702,-0.12471753672174388
NO,-0.20494493029178973,-0.11922558593937996,1.2209636135016755,-0.20328286032476847,-0.49721450515210225,-0.21053538350246523,0.04158907413589877,-0.011740460382731757,-0.14597714507931536,0.353362673133369,0.39911704941000326,0.21181276720477593,-0.1633835201090581,0.3023755471077268,-0.48987641014907257,-0.42690189341411633,-0.2099071018346692,0.3405815852742571,-0.21146882958234214,-0.42864837287452884,-0.5665815143238788,0.22659151387423718,0.11466873903071793,-0.2869163904987012,0.05572545563506159,-0.009972230569487643,0.27796737573258423,-0.45032777236610544,0.3886131977167828,-0.12439060542690937,0.25025473064490883,-0.42089351458769036,-0.052853597434578015,-0.19660857296976963,-0.04463427197514208,-0.5900382720383773,0.26112314703173267,-0.34442184814881993,0.2699665199745812,0.2802074744320024,-0.020555502736691503,0.14580037040509744,0.32096591651770906,-0.14623710804731857,0.24633818197164983,-0.1953752854927103,0.22296405024472282,0.21422328775757507,-0.06608323343163666,-0.102315509396149,-0.19196790117516982,0.26689050085559046,0.5148086933983739,-0.010860862268310345,0.19463623726503454,0.34259509430892937,-0.4370973008680118,-0.3133105265824035,0.259833618547249,0.3398708710482671,0.36493778393145954,0.11570679588363927,-0.27148430513852784,-0.22071801234468252,-0.3047381836504301,-0.0146864510348165,0.22630035438246243,-0.25745323510410156,0.29347507229124126,-0.09105071981955597,0.16514963983146005,-0.41756434276494786,-0.12307095047677746
NO,-0.13463426771334255,-0.02132741726805141,1.262514575176443,-0.045550266646093546,-0.29488651585834996,-0.2625066874887893,0.2306898332175227,-0.006757044544921799,-0.17037538027367777,0.08478672209023819,0.28330386098814453,0.39280001573439205,-0.028826077724684762,0.2512648933362129,-0.4896393516039877,-0.45664003220075755,-0.28427443112780726,0.17489346825095617,-0.09150756324274567,-0.2719531584281625,-0.4579582370788905,0.3580461704577722,0.030999591952743405,-0.24801788035003025,0.18644013599770903,0.1138771464895916,0.22012899968044425,-0.28234682455941285,0.46536035647410684,-0.1388979381933207,0.22644490048149446,-0.4931081006837679,-0.10187303494467947,-0.1252300558116456,0.00016989697707363305,-0.4892570609209848,0.21037881689967708,-0.3568482471759189,0.1619895848384061,0.27499733132444665,0.0122182565133086,0.18530068874317224,0.18521071430431085,-0.03426160707404796,0.30798528454768936,-0.21140509411773353,-0.0035780176655523938,0.2275521541982829,-0.025817182938742897,-0.11423550410185715,0.03678390971476955,0.392833000686741,0.4648603675908516,0.07717998593852979,0.18104623145843377,0.36992279983471305,-0.39475719669781684,-0.25067344743736564,0.2595534945168666,0.33176498087591244,0.5254419388083713,-0.18167779890970037,-0.35030204172647716,-0.06551801923150437,-0.2690937072228229,-0.27380960758824047,0.35381501821740063,-0.37224559122842055,0.39427220922499745,-0.05879128179031376,0.07007234592937708,-0.41567269264787754,-0.1279636696382692
NO,-0.42107625749153293,-0.01219686258007631,1.4452874297791125,-0.14100561022722286,-0.3874956438649798,-0.21672205481534304,0.12888720261673467,-0.07880938497414552,-0.08378721705695466,0.23252087148669445,0.5306446487232649,0.39171691378417206,-0.1944128713175961,0.2379602608984497,-0.349809326476216,-0.37039931796980824,-0.23016728656869517,0.22072151430210885,-0.15367114703386164,-0.349563629964987,-0.28248880765946316,0.3531946991743538,0.2851442263464633,-0.2485963547639887,0.1243259192401606,-0.08351013873744834,0.13705715192083323,-0.27927813002428903,0.3591639841526685,-0.29667135535964206,0.2504421282021775,-0.40158652872351486,-0.18685162123568602,-0.24007750334689804,-0.018030901408499313,-0.38762384469158906,0.24240310533343995,-0.29294441820334155,0.09116095530579459,0.4615550356842103,0.06773284649453577,0.3328604330601159,0.20131389895411245,-0.1478206072451979,0.3013655530424231,-0.26331812424549483,0.03517586568081914,0.16477355261365914,-0.210393367942128,-0.03032235897846683,-0.018341000620621842,0.4352208736854784,0.366396782582783,-0.05504487453728939,0.08324394844694377,0.36950787143173847,-0.3985331540409648,-0.2799963514813544,0.14704472877265218,0.3307616626577208,0.37105991829377366,-0.02871070894094114,-0.2930255134671301,-0.09133002586109393,-0.17202696230217565,-0.20352853752913688,0.1500820378440833,-0.28181124914244615,0.5093841328326774,-0.02280319593170685,0.1032467282541256,-0.4320601735774807,-0.199756759201473
NO,-0.16377406340615233,-0.08341335102996676,1.3851071883840487,-0.1766434207571677,-0.3980092494022305,-0.2519272716019401,0.01278652771844132,-0.01701462579645236,-0.2568407071527298,0.18098513019021373,0.4994685814606035,0.1804252780364388,-0.09898290412311947,0.07940122291748844,-0.23201285415188866,-0.47130055903091284,-0.22448446244182177,0.36212977528296303,-0.23201910202105425,-0.3651475962137358,-0.47055147513425094,0.33580053578289704,0.08441702801045264,-0.3356139404822172,0.1029676220098106,0.10302373815389403,0.12848668203741856,-0.14499554163469008,0.3015469695241303,-0.07075405198902386,0.23911077875689815,-0.581760728465786,0.031179071260760777,-0.1838483846964739,0.13989384775217054,-0.4156118084684329,0.32008667168225485,-0.21012265579304684,0.24470590963953048,0.27584039819421635,0.10441020391660072,0.2774111946178656,0.17894520819014514,-0.16073552555437073,0.32578372568910513,-0.04789537041880321,0.047610729582384576,0.3419247327258762,-0.17061500410080954,-0.26773756536839444,0.22145795778186272,0.36116543010829305,0.47532284004883385,0.09270163460662632,0.27405018184641894,0.43589842340833446,-0.33615539878248224,-0.3526068843943568,0.2876138892311386,0.3048036172692964,0.41076842690592774,-0.22210241952064308,-0.3602457303189241,-0.2415702310823664,-0.2913386474278404,-0.34524767227534425,0.3229104949375479,-0.41893132348004314,0.26591822523748,0.04242172942695531,0.024330611553924547,-0.6528432753635282,-0.1215501189335082
NO,-0.4019580612110696,-0.15123226342698032,1.2098042787693248,-0.2933519219591819,-0.40451972081301557,-0.31624578542139264,0.08527446935264492,-0.15644591236911115,-0.15086952686152766,0.3394127451988108,0.45609979301669096,0.2502523675310708,-0.24709828335590628,0.2571763371113602,-0.40367734748331563,-0.35359213521258703,-0.29159578036008105,0.3722832535509084,-0.2509944277166463,-0.26006525670058656,-0.2638055478462268,0.40403992344326467,0.12386384685068211,-0.3051671857261566,0.13068856893091213,0.009222039119773442,0.24890514907652528,-0.23474659247956084,0.3970427573743788,-0.14306934776255026,0.12056149890123231,-0.5656462531376749,-0.21187962597491072,-0.06449042885111246,-0.03217329841846332,-0.4929565148784304,0.33313274388395975,-0.30238312820321994,0.14665427551465374,0.2658877257379396,-0.1241735779857947,0.16353268464486403,0.2563853631655728,-0.18762205097071022,0.1568193625521461,-0.28593816922395127,0.10000123493191684,0.27260050787799855,-0.1445865391924004,-0.2523687161493776,-0.15282966868766076,0.34741829726211426,0.49695139655908793,0.14819381302403775,0.0726192166284484,0.5125154606714092,-0.4059821155682141,-0.26579566506149044,0.28038736950209936,0.280468149633921,0.18392478822265562,-0.028503899289406484,-0.38277443816452733,-0.09104067045053815,-0.21946290227797072,-0.14264806816616016,0.1513070518725797,-0.42267187602229495,0.14537620893277536,-0.08222636933677356,0.06624455157829993,-0.3709950473701418,-0.2484853400126345
NO,-0.29434908652607517,-0.33931606792668384,1.295792310287174,-0.18650440732702686,-0.3580421989027091,-0.32329769332377956,0.10412878853024157,0.07407368437220202,-0.1680742562741841,0.29845924150364556,0.3238602895432471,0.2506407276986326,-0.2905065469989742,0.3074919122130307,-0.33523257135271706,-0.4672249227747941,-0.21852193711088758,0.312589262851922,-0.17974255148056417,-0.318384414819839,-0.37902049511725744,0.2495730746200297,0.15286049597319118,-0.10400824470743522,-0.07452404709761984,-0.048788029517764106,0.2043131259803927,-0.2545245147580504,0.32080140893321357,-0.17302232805587098,0.27233527012458214,-0.491742261003185,-0.14222348564922047,-0.10116824844713437,0.021843238030678783,-0.3358618533525531,0.45227054800485644,-0.35365455568280446,0.07703577225928628,0.3329496623392966,-0.040963405600719066,0.13667700840570252,-0.002076149410901812,-0.1750503826537424,0.3062193148073853,-0.24668766924585064,0.18243957243409087,0.3506687205052289,0.03326342693424811,-0.19351011510787827,0.05405153485368486,0.34267170625212584,0.4465923481472345,0.0076925268362532245,-0.019585537936759656,0.45425693864003336,-0.3091222496648157,-0.3899708563976949,0.20812411327697378,0.4030762353854652,0.3282691261989445,0.010555470721514026,-0.42188274037672263,-0.10423120515624093,-0.16924245675764754,-0.2835038438945836,0.21427523429152234,-0.4961165847514976,0.2361735959217211,-0.06008820078587988,0.05502916295831485,-0.3712587210510044,-0.30141214848524234
NO,-0.35043401089830695,-0.07790516482400331,1.3687664523807646,-0.1491522420700993,-0.41217276151639337,-0.32298574271142527,0.020456130669513663,-0.061545021712361696,-0.341896590287536,0.1493825232372808,0.3345054942215601,0.23619653432760013,-0.1723462162622172,0.19557274558098287,-0.30754996294971537,-0.3597054596662719,-0.18397802572425545,0.3592043995190916,-0.20869650343688748,-0.5530504751610222,-0.3708526703263365,0.4299658110469562,0.21838242709146188,-0.2171261333792004,0.036632740388469864,0.06128520596394529,0.22005785294400393,-0.25754588965761854,0.3826913188406713,-0.21061569026681268,0.0871888378895425,-0.4978244832479575,-0.1815119857762955,-0.20220389225423502,0.15819118771582702,-0.3511391480043635,0.15465144645930248,-0.36900950033453866,0.14795285131780472,0.2519615448332162,0.08727041812181643,0.14139640049740937,0.23854286911889472,-0.14799064644333845,0.28161757545667115,-0.20644418553173385,0.03781227187031464,0.0829463334834512,-0.12009001172577431,-0.2228921034733396,-0.11701055083939751,0.4057578808624801,0.4834768042171229,0.24019194938623026,0.22825248541904813,0.35179881687649206,-0.4739162988752006,-0.3074658702367434,0.15556971699729083,0.33244713102061696,0.23392523815785793,-0.033109898021384906,-0.40336438815841896,-0.01962137807728446,-0.36079712795514807,-0.1890684433764913,0.3762016833070767,-0.49331349406213043,0.2565527608825256,-0.015374316838449718,0.018539846977588426,-0.42901048741690256,-0.044582307323332765
NO,-0.3305236750117637,0.04152387592382832,1.2243294652481367,-0.269128520130609,-0.3167251815185477,-0.19520338367091608,0.07333823541293633,-0.11964375275040529,-0.14524500272791965,0.08104168453004595,0.4110111503360996,0.3605691589172813,-0.30923359368437736,0.21190015053404254,-0.41799100265779315,-0.4905663346217384,-0.31860291659177986,0.2132354956846862,-0.27304188198861074,-0.34481562722383763,-0.49010762557688536,0.3822963892604767,0.1513546116766488,-0.11304179982416132,0.10097834247995313,0.07786758186778073,0.2113800104180933,-0.3407510068039192,0.3185771853079624,-0.1012819849383281,0.03006766549670503,-0.5384602394043555,-0.23380761105481274,-0.12955065867805005,0.009755741758124922,-0.3771861002237061,0.2814117608691978,-0.4059065838567253,0.057048403741008835,0.30272824175296636,0.00018615886282289523,0.19827249849979764,0.23693354595813465,-0.0837475886986149,0.4526772462797539,-0.2306054736936772,0.019921186995287887,0.27885285629585227,-0.16590764772669042,-0.23947728142463395,-0.05682211734172417,0.45018341081450397,0.4862390275559549,0.10978904504211813,0.2900945522683116,0.4754762590449402,-0.4919655973978606,-0.19693083300254427,0.290040394820803,0.3758936501277473,0.3413936784271472,-0.041186286664927324,-0.41227927541194487,-0.14046559280025606,-0.32763610141975885,-0.15250571949143327,0.19980194248367839,-0.48939719745221427,0.38785197427947754,-0.061627789146622494,0.14223939647561332,-0.5086692036885758,-0.1186865610478593
NO,-0.3134324155708131,-0.16338221082994053,1.2107644132284434,-0.07046721742930276,-0.39417784472427325,-0.02771197745796669,-0.09269043383785058,-0.18184852542744906,-0.04734641979244421,0.37250049358957266,0.3244333924182464,0.2623007122402254,-0.1110241044020587,0.22609211284837327,-0.33603045021492656,-0.3688073708492539,-0.27288872133606434,0.28012946616709555,-0.25266254514677555,-0.42849684437267593,-0.5067309534831721,0.419040480493901,0.1441427769789752,-0.331229734337362,0.19922096405007358,-0.0001471441041551412,0.1329041878602668,-0.21547570596307752,0.5151230781999863,-0.1361482702364254,0.2602204409117465,-0.564005102867017,-0.12038609394287922,-0.19087112013491778,0.09981481642695655,-0.3635064745820095,0.42078973504770356,-0.45488655158356195,0.1265915618967046,0.4072320387842565,-0.05024543151308834,0.3053352893534792,0.2525803522801855,-0.14673739047730922,0.19514136406104327,-0.21502020437049107,0.18790742474821504,0.36851912916197277,-0.10441366004527715,-0.2754114074797558,0.09841778569677562,0.3836373246779303,0.357000965651515,0.0724849305511308,0.1852060838019045,0.3523300141149496,-0.3736046034098807,-0.17942647508392445,0.18520007035044328,0.420405989239344,0.2166006627849648,0.0925685363046019,-0.40607199610975864,0.023623156883909688,-0.2517764908701698,-0.274685354351934,0.26935742694474546,-0.5772305954062137,0.3826521719377269,-0.05682974788424529,0.08073935842313551,-0.35013180307827,-0.15963906071526493
NO,-0.2120837738753477,-0.005046165675701375,1.2072537534448353,-0.24626523657484695,-0.5028263199085554,-0.1940183705347728,0.10845159761805619,-0.16403552378805922,-0.03965085092182079,0.18066529114889607,0.22522996405527781,0.3763750548937832,-0.325840497881108,0.32157646970822773,-0.29033025585588057,-0.3441176838111189,-0.19619495882116617,0.3479261526061032,-0.1697729628613341,-0.5156114308193582,-0.2901805709552862,0.43321492948455964,0.15722737202101206,-0.28983682687651235,0.1301324145160834,0.06824465891835226,0.07415920538509588,-0.2962009102798435,0.42992738226805366,-0.1814649885519196,0.2810102855318629,-0.5112070892796569,-0.20733449348570077,0.027198027207613995,-0.09098717803670478,-0.46725090601493663,0.31251121378210706,-0.20333248691421457,0.22875376436539108,0.48811284363952356,0.0524690800288626,0.17104454581394335,0.14428463027768956,-0.17006832519607434,0.30339492725035416,-0.2838976799464144,0.1339374008115457,0.27506415588843625,-0.2221545565134213,-0.11979038631292822,-0.10557251278593767,0.22333825416481048,0.4369080594593967,-0.09554406309205468,0.2086264493138317,0.17616639577625867,-0.4838021637861486,-0.14191043644680204,0.15396726951771697,0.2828176454957958,0.45892223266101295,-0.1483219115508529,-0.34958504319697503,0.031716530504365625,-0.23098298466095396,-0.32439533084051664,0.22394868810023572,-0.20738333177179336,0.2883393252781763,0.16657543587028334,0.23278105526298654,-0.3688222056145433,-0.13886217984291907
THANK YOU,-0.40129971828257394,-0.40827414695787273,0.35731130286789536,2.0056531421779766,-0.3318886544323707,-0.07071839417956809,-0.20494161123398424,-0.029830582341774516,0.39814400548331674,0.2731261774668023,0.32775487579661444,-0.026457673168746393,0.08055552530430407,-0.3457658160230551,0.4328659102964995,0.2548864193399364,0.09382003328426003,-0.1422758270864969,-0.28192257793718367,-0.37690464340579033,0.3802668272497891,0.028449080022093037,-0.17415845530622395,-0.14213157035534263,0.396967772231543,-0.3970155042233421,0.2464735767864138,0.5056719843863001,0.6146605166740889,-0.10581185789570846,-0.11012990359406477,-0.11905400324439352,-0.19752437610190482,-0.37428276383197817,0.23823326274090734,-0.08578735000239286,0.42452253712200266,-0.5126235263226784,0.10704338654917729,0.3453688540291265,0.22908362148515873,0.35369033674190165,0.31965811860347865,0.5556018451054261,-0.11576821591636988,-0.04917216529837287,-0.5267690166609157,-0.4866491915975058,-0.2341989745944275,-0.4782220756720965,-0.18194559689785728,-0.31611563910043466,-0.6087366406524022,0.33499002780919096,-0.5321071625032415,0.230253529229801,-0.19670980944016378,0.4312833264907703,0.32553418839799575,0.1715516107138304,0.14406713000429466,-0.46868019886762813,0.5313169810764512,0.47457105535372945,0.39316330607648997,0.2903613792588586,-0.08257125834256818,0.3370534855055058,-0.03169461858893052,0.08887110440381067,-0.4670789879738964,0.5541886742311839,-0.1930073354129111
THANK YOU,-0.36675587096997064,-0.473664022419673,0.4622896896251746,2.0141703070718573,-0.33733492265699483,-0.011107572055951968,-0.3056172050224837,0.1051858387587723,0.30515032515546564,0.5330853218122429,0.11120762958343508,-0.1116124961473115,0.09424056046136227,-0.19246686850377454,0.3796327194350836,0.4779887856002925,-0.00040233276902181675,-0.23441966482353613,-0.03693083914941289,-0.38835420012259403,0.1250117551298523,-0.09483748609782433,-0.31982621860469995,-0.10494490047546652,0.0676568171559288,-0.3863449585079942,0.2663006427089224,0.4023012556520691,0.3166982143232862,-0.09587905932360903,-0.3160528982119543,-0.006202944318213846,-0.05417935482894673,-0.2610184392563173,0.08113756764859092,0.13545459212945235,0.24145817009681803,-0.5801751098830348,0.13716527956400118,0.44327192722525066,0.24329945663870003,0.37141434763878256,0.11368091434054933,0.5034844284693266,-0.09108929983276023,0.06633543286353587,-0.5362579905448983,-0.5495789541665492,-0.36332315958087774,-0.39248300272004005,-0.3262212184065265,-0.4171500258915457,-0.5053752325142058,0.3701716523913121,-0.5348151509168648,0.2733977120843063,-0.34152828890846115,0.3891771395587106,0.4074369738548044,0.07457898308088676,0.18065643971337939,-0.4826126586027408,0.3646278173650036,0.45748810392544337,0.32459152931193236,0.16646932098738673,-0.06206013210264184,0.4677027897075904,-0.20573640076330083,0.033711623111637376,-0.32446807497007224,0.4759312283574398,-0.4086987438323171
THANK YOU,-0.42770534163254104,-0.5991604161253051,0.4884022335561546,1.9503759492689696,-0.34866814508803257,-0.028022151046608514,-0.20701672616641004,-0.07044424109887558,0.4212292694769969,0.40829846441451784,0.19646033839491914,-0.26279500419063845,0.12213638959389346,-0.3467737292072225,0.38845264195671997,0.40562878261607005,0.016554266181173324,-0.25923609492011684,-0.13892084687334694,-0.4748590284826944,0.2766551992628415,-0.04626511326864991,0.036066459755911495,0.0633905829802774,0.4117438839096792,-0.34054208677308967,0.3709748100479991,0.2058222520419207,0.3923894873168376,-0.1409579606335702,-0.43285096108613075,-0.2189524447505362,-0.32555482144240744,-0.3269119943529297,0.17276794776939322,0.06516612199857517,0.398883749290343,-0.5449621268138273,-0.010697285126470418,0.12239938255944097,0.15796796300794716,0.31496519125267114,0.21625386299016713,0.3466769241975388,-0.14022532868564763,-0.015372463472414756,-0.48507667977782726,-0.4018223684830124,-0.35429191828450973,-0.36569643659752527,-0.24090649034233225,-0.3496356079491782,-0.4006594694920749,0.47962527877061,-0.5674961322901827,0.22150929762845148,-0.3253551784737582,0.3903890821577932,0.43959764617290964,0.17639650780207938,0.3188390490290861,-0.6170831889046945,0.4750766869338103,0.3051524026548391,0.44343482216521557,0.02987078584722838,-0.12750805452747255,0.3432447745826135,-0.2672160211384888,-0.05300831294105213,-0.4374751033521981,0.5087156725560242,-0.361244636911145
THANK YOU,-0.31389941644244784,-0.3002006558323233,0.49718013300727365,1.9122878031054542,-0.4021832778448128,-0.1002902502301812,-0.35410887636399885,-0.1362465268351007,0.4042778422863388,0.41973156869093514,0.14882051311680633,-0.2289712870767141,0.1382013760218362,-0.24895399294235637,0.3984869430959144,0.44062654560496706,0.12149249525826333,-0.17696349042099468,-0.3480608070335591,-0.22715715969008923,0.45548956864714607,0.00819719903007185,-0.23512337412701323,-0.03797701793840329,0.27526435607253064,-0.2742773171647678,0.378656219509974,0.3347757264395674,0.40904750710390564,-0.012816956171779845,-0.15485176821668986,-0.0040926564544018496,-0.10652533856427852,-0.3440560770013509,-0.1520544359248417,0.00039696241328660703,0.36555469161647564,-0.45669185181223343,0.14817971531778285,0.15684790555562855,0.3040792537364019,0.43665127221807315,0.2836208453942668,0.5035362219335673,-0.11901926858537867,-0.029592936171569793,-0.4915872845503965,-0.48575242331643864,-0.2512574236199506,-0.3193353903831764,-0.18829513182244711,-0.15676923030600634,-0.294962456770578,0.4156761130151634,-0.798709312487858,0.3350287416272667,-0.3910822201994478,0.34811090825311947,0.36092031759073645,0.11816970262408882,0.22121573460903654,-0.6194157203604095,0.39865390645027393,0.40528528791160773,0.4449417481631567,0.2105678686457529,-0.2181759736601274,0.3153873971491816,-0.24901385855184122,0.08190136352498087,-0.28143083811431363,0.2581606552710901,-0.376887842785456
THANK YOU,-0.4707281251544221,-0.5655514157779045,0.553436217849053,2.0005617348303883,-0.40360877378365495,0.016935508653441622,-0.35213257344151616,-0.04926610417226417,0.5050356923373933,0.43088609040212433,0.19306322249586466,-0.14558380951111777,-0.04453511676167482,-0.3515690141956511,0.36350490323686796,0.4548885632394361,0.12129508281054129,-0.10207491148171677,-0.2855740187319269,-0.33731220608515544,0.2386293870103845,-0.03259083506739453,-0.1756952547923545,-0.042799550627413016,0.4258253615183005,-0.4317946339057557,0.24968756778487305,0.39910847400486754,0.41472177629096607,0.16767862594923943,-0.22873899784713012,-0.15910642755079146,-0.2515768293035636,-0.4742691603426427,0.02524914324249329,-0.01418049775064058,0.47988728445158524,-0.37815528812690824,0.1621955140868367,0.23709546525536235,0.28099155770127937,0.34458292729675905,0.36650286249060415,0.4126748471456899,-0.1742504288388467,-0.1740563772501104,-0.5015551244389305,-0.42612368165951353,-0.3452911857115637,-0.4592504296203398,-0.17637175064555322,-0.44108928335304687,-0.3868558945579983,0.36673263519220123,-0.5228623262504047,0.14617187192703787,-0.3176084122462528,0.6090193808019504,0.4553157187467364,0.08475832541401447,0.2630837966399232,-0.5199952217050514,0.5948303646278068,0.4423667157489634,0.15965490049235337,0.07891816641446973,-0.07966225351863229,0.40578123086208223,-0.2903835476654357,0.012024382102697843,-0.552767957263268,0.4148857671306385,-0.18237436414752553
THANK YOU,-0.29971917861381975,-0.25813864149455146,0.5466714534046659,2.039190116338657,-0.2816371600398341,-0.02656549777765974,-0.3287332474207757,0.06795749846417906,0.44648446196933816,0.41221460332591353,0.07652712686433502,-0.13498585019371254,0.16984547499913136,-0.12415140999862473,0.2958902328170524,0.5233289484709027,0.006938555927912954,-0.1964062843707258,-0.27882267321604726,-0.25071569841997354,0.3351865046483326,-0.11769479341551722,-0.1057531876027399,0.03264121734255654,0.3037198285682613,-0.3081372552698082,0.29163263137535816,0.35807537311241383,0.2858905826686031,-0.20842809431493725,-0.13824913150867327,0.00495510868448365,-0.16182481187667971,-0.19081157172195293,0.09446071117282355,-0.042848663696803756,0.37022184420124815,-0.477884147143827,0.1266522216703119,0.35442072708352534,0.27149742150480327,0.4430725082502295,0.31154418485168056,0.458864925300075,-0.24496510625176765,-0.10501985436558003,-0.4740178859325249,-0.5067429170827036,-0.2528820652348704,-0.40047712600080165,-0.033102739250921026,-0.42937480592290966,-0.6306756767470417,0.4358942930876182,-0.521890672978164,0.2613675739154815,-0.30114147129776336,0.5149579976139118,0.27221787395917074,0.1093637145406843,0.20653505051106624,-0.43302377037533335,0.6603475301366729,0.45428892126492376,0.39056313805918985,0.088009676815459,-0.200356259562985,0.3462324232539123,-0.1560643815677068,0.0832713389890693,-0.506160993323492,0.38708351260551555,-0.289025737952673
THANK YOU,-0.3359808614744811,-0.38788043230860364,0.5067134230260486,2.08710622763915,-0.42068000995348637,-0.0876283823546937,-0.3870154649909101,0.005313653791195031,0.13492092181758067,0.43586865459627333,0.11778546465782985,-0.2552520010775654,0.029064298552118714,-0.12322609147969035,0.42828058075805736,0.3785435298024232,0.0827395529942228,-0.16779087758372557,-0.10718131938835648,-0.45670767075864865,0.19916380191979519,0.08079361022896078,-0.14523985021342792,-0.07602994346585153,0.21846585299105054,-0.34371265461583517,0.3482822278438773,0.5234405779909467,0.41903533258054193,-0.16950247075196956,-0.21119589850345383,-0.05233663011595499,-0.15359579435978107,-0.2697375236831473,0.10425170044210891,-0.00466663141063136,0.4589002629291175,-0.4178649527962215,0.13032597248851635,0.3711378821856532,0.07029813936498605,0.5502398320092798,0.09255701523823526,0.3776426356659126,-0.17061680299471407,-0.00850903690670984,-0.405407453514985,-0.5776693421855276,-0.23901203414983505,-0.44544977071849506,-0.21617735371725305,-0.32813848625543274,-0.4640451229467135,0.36531015980890175,-0.532581984618795,0.2590639454592796,-0.2723548726199999,0.36436727526377216,0.323294536024053,0.2029779596230043,0.16963383835599,-0.4282210073114353,0.41240778904391023,0.23547748954193992,0.3524658991839853,0.09793632830967065,-0.16151614335188746,0.34270103194884965,-0.14920171574189173,0.03965952234840156,-0.3882310677542055,0.43456639480802567,-0.3436331348358117
THANK YOU,-0.3660441787088037,-0.3925239463568002,0.412427275515403,2.068945203002752,-0.4584864457289188,-0.1616704895569324,-0.2987091931408834,-0.08274954146138072,0.38340400576029743,0.6273802208262804,0.07132688612690935,-0.11950454613026418,-0.03711488145177183,-0.1516862755362419,0.33896653684808514,0.32041369363107836,-0.029871168907525253,-0.11662898653526062,-0.12602597581916064,-0.4647111881222599,0.24666671459843764,0.07754505592731695,-0.23489988182010807,-0.20185222899644123,0.3554091112512175,-0.46376776618380017,0.4367446917217613,0.36701781937448047,0.49500497427742385,0.009608020146800428,-0.37956830513198586,-0.17163415200469395,-0.1731415895811618,-0.20084198197439246,0.0545960526662523,-0.07093613516729169,0.40395223836846833,-0.5140687175747874,0.15606999818693568,0.13882588483411099,0.43663296459283474,0.27825722867077285,0.2032935265102774,0.4252115787803287,-0.01432834943056488,-0.10277824572307614,-0.32722400587880923,-0.43246826700854696,-0.22650575359462044,-0.47796349782235115,-0.1940973327012005,-0.3808356352651866,-0.37014707490547877,0.33161918407743074,-0.5008295481675952,0.19166029729603168,-0.42685395007464305,0.47153520735223314,0.43563263938265645,0.2506219622813371,0.029844141143951758,-0.40952720184302793,0.6853074785421536,0.34170131644165863,0.5467181146988096,0.1381916352860858,-0.26500585035036806,0.3691980536979372,-0.12462675443478557,-0.004342575244319663,-0.4482961203766366,0.4694387847162054,-0.35898473288970084
THANK YOU,-0.31734401367346654,-0.41434563832895843,0.5144497117855934,1.9224076740056781,-0.42102497969700453,-0.13093639898071252,-0.2106803718999542,-0.06539708021096702,0.42048504200353853,0.431923217864261,0.15041257431212307,-0.185691496859439,0.022045931151156065,-0.3275795248999738,0.3253977081446636,0.3444877548485632,0.07518208458597171,-0.09437073955697838,-0.24227092120076957,-0.5371388664363145,0.2004036681450782,-0.011211697528663717,-0.06421151037338813,0.07241677643425698,0.375532610306431,-0.32430232691107086,0.4934658906185746,0.4240753520216988,0.4983982891158219,-0.12817471652553214,-0.39182306563070873,-0.1810670935732676,-0.16782062685136914,-0.3189832576970357,0.2613695384899194,-0.016873666084085623,0.46000846784605515,-0.502696598844047,0.1189338566939076,0.15662826753368525,0.2001003281581813,0.42823247840462536,0.22963855726102472,0.503245151239475,-0.1528430843115045,-0.024986881779476274,-0.31405658761415256,-0.5005546981937525,-0.1668333019720558,-0.43128953938448894,-0.18302067371356107,-0.24871545273946766,-0.4548006175153053,0.22094551259032122,-0.49031667174261945,0.3345189481578834,-0.30565364643826504,0.4478967320179397,0.25501538487328423,0.09626474071525262,0.20514276029272027,-0.4618301958873601,0.5820449085242343,0.3662432631641268,0.4275721526639972,0.16055447640537543,-0.234168490265588,0.213185342602901,-0.1740022964784015,0.07662732001522776,-0.44972303102413114,0.29242178561148097,-0.30885038107608764
THANK YOU,-0.38538745580804995,-0.38882202380017367,0.6252035686544082,1.785677298444865,-0.49553151975562504,-0.07349660758999091,-0.19736896776849322,-0.1455673444021007,0.48504612505403577,0.4614802468681935,0.1265726005128287,-0.16193911384569548,0.06842452307019609,-0.10414935315001729,0.32434198050546525,0.39803359763734525,0.027497217023102944,-0.2361717605007673,0.0002676896376900273,-0.4330579465146637,0.3648820945981867,0.04140535549250095,-0.28857506722521936,0.11129370772751643,0.11802141617504594,-0.43688710509556045,0.3209334543875153,0.44404670430599447,0.4642053763252072,-0.11585718683324368,-0.28381938353254604,-0.20460102341510694,-0.28686649532733055,-0.2657251577102551,0.16276315910438277,0.10338371052119358,0.302499624578787,-0.41246520269386794,0.1211713892859478,0.3581868773270397,0.3412435913225584,0.40297071903348164,0.20187133029621515,0.5046846359363573,-0.11559103831858328,-0.05154581541535154,-0.5921442305954638,-0.5161250447512525,-0.13864027432062337,-0.3074738301622717,-0.32877482963789284,-0.4163772987435963,-0.36950526718699284,0.31845327402542306,-0.4510332427197478,0.1867964471101795,-0.21848851911874886,0.3505956380685697,0.48426486200635205,0.16868983869408652,0.19240973813934809,-0.6522855445384236,0.3086384978571446,0.3601873283544293,0.41485871080342096,0.06922871083185407,-0.24230854418357084,0.43856645947657147,-0.16345471341223722,0.051692258511168696,-0.3378528899612316,0.3280194464751385,-0.38770433559574435
THANK YOU,-0.23228364140971194,-0.4279062311944399,0.4861846873884275,2.1414674957478605,-0.5515108283273376,0.006967870806330989,-0.1806361593155773,-0.040643736985465605,0.3989477059479751,0.37205021496601787,0.07931406180614924,-0.11529701950437221,0.16721089949344559,-0.09832377289904999,0.5353939277872198,0.3650047384214224,0.15372069069346803,-0.20258547209557137,-0.1344430194899602,-0.449982901466766,0.35147508359184915,-0.015736157039229037,-0.30324347238356053,-0.11881939371110797,0.3269413056400538,-0.5103681186637723,0.42415287649780775,0.46723331241140537,0.4728815592641114,-0.192202728598006,-0.17244848085284692,0.03661766964416713,-0.1553217575729188,-0.283003257221041,0.12340576248517145,0.01905369562853282,0.35613629179389195,-0.470655558705446,0.21632533559491557,0.4505988114632764,0.14748087043616792,0.37776896834328777,0.1345969040109275,0.555172053533783,-0.21436243772470043,-0.11224664675132046,-0.43486537680922344,-0.3534975235172599,-0.2067855500636191,-0.38280897267836134,-0.20705735824216687,-0.20976945244555822,-0.5414159167624838,0.40035637807914437,-0.5279920804918712,0.1426529197537486,-0.37412213383382764,0.5008473096781959,0.4381241114613038,0.20544598637791336,0.1839521987328706,-0.45279495541202436,0.42082433872575364,0.35307181270163607,0.41046656468758613,0.18144580576142316,-0.12959804295171362,0.38258182652917055,-0.23867694393923403,0.3153332459857467,-0.3277260458215257,0.45500742820895995,-0.3778862220852982
THANK YOU,-0.4002113560279159,-0.44383604908778174,0.49950599370840226,1.806556925345395,-0.5651146226894106,-0.10769714964015445,-0.29718390675793976,-0.033796954637730026,0.4484269410875461,0.33202003178322875,0.07414501588326773,-0.024486993508894855,0.11381511161861013,-0.11721128726745698,0.5739233962936174,0.31489610967369114,0.050286603256298426,-0.19699523669410918,-0.36297776477568366,-0.49141374959541806,0.3863058260157485,-0.0063696236160127664,-0.12534041804869478,-0.058930363453406076,0.2662502115742007,-0.2738453385405892,0.31787061653321375,0.42103539821181113,0.45977468948809125,0.01442535372319724,-0.20514660734853934,-0.22997987118667118,-0.26209215711059997,-0.2775333020516092,0.10211965831115462,-0.059789582207672234,0.44695122304356133,-0.4528936689508289,0.14806451850628186,0.3253351697719651,0.2294778495928219,0.5115554859333294,0.16598993297085343,0.48036438695506334,-0.05263677308632096,-0.10697422239022492,-0.5133871507853053,-0.40166582126586414,-0.1672938157299981,-0.41291245089197387,-0.29856231955839513,-0.24648183968514162,-0.3767960469548234,0.31613107852505784,-0.5880899605284189,0.25410267889577337,-0.2975032624061721,0.38830409518119563,0.4471394451884737,0.09709021782226676,0.0030586618747062977,-0.5285729438169191,0.4899301378346501,0.35576540678409785,0.30241796463733317,0.013992618980566529,-0.1963401756948953,0.46546111082246033,-0.10798727669571306,0.15772861407327926,-0.4655417904680018,0.329659124242321,-0.31949877303039503
THANK YOU,-0.3133058489445718,-0.4013584331735855,0.31495462428244647,1.887641002079764,-0.4419385582823142,-0.017769102954603676,-0.25237047269202634,-0.003114821083018712,0.3566399475226463,0.4574010114117786,0.189102203389016,-0.12106508066891007,0.10858457844838137,-0.20946819782254011,0.41632695483545884,0.40916777341297894,0.0796297813915059,-0.14473497115201917,-0.09919257550892681,-0.4453688914752135,0.2639009693874426,0.02107175591854149,-0.284162938613249,-0.11540271546138908,0.34560577163225753,-0.3340740588695525,0.2580518903615077,0.366883436629414,0.3982212084563155,-0.14144611340789998,-0.20737177386049244,-0.06983874444952129,-0.16861767815689332,-0.3675230416663342,-0.0007053035161233151,0.09023895561118478,0.41307010434679714,-0.524423947843793,0.20143588736511767,0.2573309888655911,0.2365178087993196,0.4208908893586933,0.16971388283647607,0.4003095400868875,-0.15762651504314487,-0.036746678679274,-0.4323935198957074,-0.34351709240244793,-0.3202172301570515,-0.5324028265652383,-0.39992784546234733,-0.3349941567912012,-0.5245331423714463,0.42593298649141587,-0.4811690548490204,0.10782479660795771,-0.49304281943899597,0.43590428122728764,0.40363024636748235,0.11983570649993323,0.039662662990020775,-0.4569495570091122,0.5866235297475175,0.40007119879332814,0.32730831448488684,0.16280871029656405,-0.26450219782015827,0.4782855061975842,-0.20193552508644455,-0.07874100959805569,-0.4243229764916122,0.4590197509514886,-0.3858733519068285
THANK YOU,-0.3861855075876197,-0.531324178153407,0.5214029651880001,1.9051142328689106,-0.6120790852198386,-0.08644714817866936,-0.23526308445459704,-0.045609458593577706,0.469216041809469,0.48492921062677163,0.16135330643396664,-0.15636619406159166,0.09786266902345513,-0.20907258470110998,0.38564208946545825,0.41286983607120886,-0.016634748103584257,-0.26127259091758026,-0.2964659284870519,-0.3029296414807682,0.35824828315894164,-0.025257410826580447,-0.2594682452232101,0.02097773905174017,0.3094122827383857,-0.35825227700193885,0.2795263629727428,0.41033034370176014,0.4128012319773695,-0.16376090013978725,-0.22413108909774823,-0.2493758062157017,-0.12190580262346468,-0.2690871968129003,0.03689517605738868,-0.0890021163819685,0.3478589378226915,-0.4453275226809641,0.1316395282099883,0.2976338753269115,0.40052494139129896,0.345456625563548,0.09181934517322043,0.4938839482901486,-0.03267823410490617,0.034630885795633025,-0.5729402307454028,-0.5029538017555248,-0.3493552582854107,-0.34776436334387895,-0.34789186428012114,-0.3469670084178586,-0.5518270012648643,0.41945012121684633,-0.5210842027821291,0.2502231125971065,-0.34606406868317424,0.33329689978167115,0.4429461046722075,0.14999989422180812,0.0931518291713331,-0.31538673353384805,0.522985979450972,0.3655717593038699,0.5083225878662379,0.3065897858018005,-0.16684102513057428,0.42144044800526176,-0.2875232972890429,0.05093612328076194,-0.4161940319569072,0.4367417928224825,-0.3326087039378258
THANK YOU,-0.319327573966161,-0.41436058908562856,0.3792202760911344,1.8819144004111548,-0.4832760646165298,-0.07932580587889615,-0.22969311846245621,-0.10769022181381495,0.3015840391459314,0.5268525346000142,0.11026245549180838,-0.10926108080075703,0.0921622022103661,-0.16745603330557182,0.3915458373272971,0.42376570092410526,-0.06537276231285384,-0.20426604529072306,-0.182884510281477,-0.4238863854544451,0.43525706084560145,-0.08089876031023815,-0.05650853065086575,-0.08161155113501975,0.4250297033782235,-0.30998842215660904,0.28457930187124947,0.4220719740884997,0.44260904819131286,-0.05246524008337218,-0.3007213230369929,-0.15093887958624003,-0.05756033714756861,-0.33174375905359377,0.17338045603682925,-0.0414039582949071,0.4990340530622055,-0.5221571898647812,0.09473644505535156,0.38491025300083337,0.2238908579166868,0.5141599115886766,0.3003809891970791,0.41543808512282965,-0.3124068779404812,0.0016639524097962165,-0.47778993243443535,-0.39966499403235894,-0.13279760544927116,-0.45399177719241457,-0.17569409094519178,-0.26172453299053466,-0.38560695896851616,0.44919933937689294,-0.64717668388805,0.22364834973486464,-0.4403087190738367,0.3960211601661541,0.4711962784805973,0.17831321323925514,0.2640814191123998,-0.4673205443732283,0.38100549094008984,0.1761648430499956,0.40701092666445926,0.1421304197427787,-0.23336873049601403,0.2575984691183706,-0.2672625289266244,0.047152224553020775,-0.3469988017596064,0.4370461166581886,-0.23058416245496835
THANK YOU,-0.44696217435603736,-0.36288729022503063,0.4798635856717658,2.0125652987999283,-0.4744846441206794,0.02898787138620934,-0.2901370810326058,-0.06901070165900186,0.32921532068653236,0.4314473060279223,0.17338692150256085,-0.24047647273814365,0.10097742947534281,-0.1563741136796032,0.412465505407503,0.4781557626569566,0.12015357220534519,-0.1757995483588992,-0.1892751966172078,-0.4429287611763806,0.34808481935864116,-0.19566942661416067,-0.19898917526128335,-0.14764477045772023,0.42100046625141097,-0.38025375389271304,0.3421887122674575,0.4692526216710128,0.48049389882987814,-0.1928027687277088,-0.28853202496451763,-0.1531725393914123,-0.30665053485708105,-0.3790681861561163,0.09258344434017068,-0.03257191401071853,0.24712247842981896,-0.3757571728741437,0.13569968284381123,0.2659531246444062,0.291537900255494,0.3230278667832314,0.2655422206801098,0.39844408996624164,-0.23907024343088384,0.049085216219974984,-0.3665864280129647,-0.43505606281784226,-0.18603517433724565,-0.44084325138589864,-0.3675982103977229,-0.2037457037036153,-0.30711878400897097,0.532728688307624,-0.5186397437294884,0.14371139723877785,-0.4331067289060488,0.2775310165904761,0.3842056501170822,0.2823553830158537,0.1609011392508257,-0.47047502600244945,0.5949193232579387,0.3455049786292224,0.5579487422676597,0.31861208965066823,-0.1657019784399021,0.34744590796894376,-0.1527040281375826,0.034909547940694216,-0.4927934450215045,0.5244547224145886,-0.26191375124662025
THANK YOU,-0.35167292157132096,-0.5344011818878796,0.3777175861240767,1.9655701119439737,-0.47955313781983855,-0.0840339930963665,-0.231998009295425,0.0439992425282227,0.4404286574393964,0.37136191687270964,0.10679732795660041,-0.08537579715137394,0.13917183292562973,-0.06540826328453991,0.4434665773043859,0.5182491914342812,0.10143317441751225,-0.09022768881254664,-0.23249152015977823,-0.4654390283442214,0.38869640333245326,0.07942146668645231,-0.11652811565487534,-0.03554338675701567,0.42892479281691936,-0.5507440847948692,0.24387722812127743,0.4520395730018251,0.4478365835341382,-0.054070915487439,-0.2777069941677728,-0.08068352596499168,-0.23224012944805197,-0.2782072006107647,0.18681983235809468,0.07426820882312749,0.5267853358958996,-0.44836254403775083,0.16578081450290066,0.1410950813776533,0.21697365709723304,0.3706274011749961,0.31305930701160245,0.37892997172052595,-0.10363619859920195,0.003079679394472661,-0.5000937859262903,-0.4731308951660483,-0.2911658893287075,-0.43351578270832797,-0.3761715045274555,-0.3427930420578338,-0.5098774268532499,0.368025667258123,-0.45842702360390525,0.28877270056032617,-0.3292765527090973,0.49186283723555796,0.438840893656315,0.13029665118480596,0.13520564694345477,-0.46963507908896374,0.5307729349057542,0.48966014813833425,0.49040006932529967,0.11592669653029841,-0.1633735737556444,0.4473300734839024,-0.1230432496040899,0.13782910083858624,-0.40537925428262533,0.32163381793846885,-0.43914445232843397
THANK YOU,-0.3423031687268527,-0.40599395523567766,0.38818533634671676,1.9605573377415833,-0.3890655065016933,-0.14884469112560939,-0.2253552855558721,-0.04485759475036793,0.4307862920057195,0.40793557908081823,0.05212261482080305,-0.18274529197552053,0.09571371579841277,-0.21907708643326815,0.39254352710621127,0.3971176750799322,0.04453740069594903,-0.1804900761358,-0.3433484363532293,-0.4352461640141027,0.3086845872099618,0.07920665147763764,-0.25003228498005226,-0.17355327128220727,0.3681834699690554,-0.3476636308274388,0.27698134659933565,0.2751289187080267,0.5696996534886314,0.010616823671170325,-0.4818561366588185,-0.16301702387382158,-0.03395253938588477,-0.3619310921193693,0.06801769137935573,-0.04599658570172059,0.2760292344225509,-0.6042724790561853,0.22807171241390622,0.11551392601174706,0.2792682853570075,0.4570003265161371,0.1129356389174014,0.3538685894400906,-0.07028906510778134,0.04584075436970626,-0.5353031932674203,-0.39686249242781513,-0.16335052167213593,-0.3776685874196582,-0.3118014502941394,-0.35603260174934626,-0.44856903564492057,0.3942165600742503,-0.4166602943523204,0.11370021792833851,-0.46739319540578256,0.4266993109181946,0.3534723864853334,0.10373725719343807,0.03078961226665336,-0.4930971904464569,0.4806511574735408,0.4301109221319536,0.4006187163797698,0.1486362107916322,-0.061053020402236494,0.2886512648145968,-0.16557193434100156,-0.07098022984142505,-0.4673379780561822,0.32494305952288505,-0.2966741393926332
THANK YOU,-0.36934666856003734,-0.4344522611570634,0.3875410472031115,1.9330162891958103,-0.5006406793241649,-0.026070157336700567,-0.39304235252675435,0.09172844635082415,0.19613080702965982,0.38609018814636537,0.2684286942488251,-0.18090543262514572,-0.001864727507754571,-0.17047296888853616,0.37179226145489697,0.3035308426563725,-0.029437914584236405,0.046268803830435995,-0.22673447643175257,-0.6206273941215708,0.43531763174573795,-0.0007311145521463752,-0.2361843860813186,-0.10353917209713745,0.3726158141473105,-0.39513925849163517,0.20357776276621922,0.5404880322767275,0.4119886780566116,0.017133731341221883,-0.18058479932507093,-0.20643994509192665,-0.0844327146195449,-0.3759614914862344,-0.04206937684282741,-0.057343692773142524,0.39751199246610597,-0.5049093513576488,0.11930406028111823,0.35443416210585016,0.2680060876115144,0.3186101021927289,0.2851961687228802,0.44362410700403593,-0.369071784296072,0.037477649853258965,-0.45457404009982116,-0.49143272233024,-0.1885373330629141,-0.4529842896070349,-0.21286864895857432,-0.4483134551649908,-0.43891274448944523,0.5655489220492411,-0.5713653768085117,0.1752979737780634,-0.4046533485118077,0.42262948006372764,0.30775303776158836,0.18760093666453576,0.23998134543813837,-0.45191308095400873,0.3433983320625562,0.4574460167885029,0.4700956188703864,0.2256574468385763,-0.12538569145299747,0.4112637942268914,-0.12589191999869592,0.2165926223504792,-0.4765122647253056,0.508205661796332,-0.3661269100693829
THANK YOU,-0.37448769403469384,-0.5562944568201884,0.45329653346023596,1.8772105722329682,-0.4766718094199116,-0.14460146922728984,-0.3496677326852658,-0.047143931427454176,0.3379176364746914,0.32143178575958375,0.01861120163191149,-0.11714119112974083,0.03953051627899047,-0.10203631067315518,0.4278452185932641,0.41894143512234955,0.17108713591333258,-0.19997794956416526,-0.2525692608503237,-0.3968457984470355,0.3565819361396701,-0.0646032117466961,-0.0635504342432602,-0.04586918978944056,0.32135988145911454,-0.3736879802257381,0.28288847664994965,0.4037156662672653,0.5584487292257675,-0.06691454234727816,-0.2803745218504136,-0.13930056402655502,-0.14061854149608863,-0.2638647572180051,0.15600577657266818,-0.049925028437129454,0.3916835198528128,-0.42949524022607943,0.06329232855296807,0.27640732180625666,0.08658225828411809,0.42467666388121994,0.2818611871945086,0.48761375171061305,-0.19894714835267394,0.027933163553465853,-0.37200402907381597,-0.37994084083340807,-0.262207195486605,-0.38804723240254996,-0.15091574048549172,-0.44302086669257656,-0.4973260345755137,0.5161497828489899,-0.4137608252763272,0.26562324654907776,-0.4683187055069331,0.408236803356307,0.3456027078898911,0.18038425859463442,0.10748641501701472,-0.5767187296282801,0.3196823438989107,0.4755769783739505,0.36312458481464743,0.1718161997470747,-0.15539212066339797,0.30825393445364085,-0.3092082647646631,-0.01771366673757599,-0.458122502762469,0.4512841298938546,-0.4228869553104356
THANK YOU,-0.22439459934483608,-0.35119991871817324,0.5407484501947243,1.9474190566725895,-0.31842099620179726,-0.07418700901472777,-0.31625597483256496,-0.0010571396856403625,0.3863230862430549,0.5015644210631292,0.0962426311759691,-0.18873383034225927,0.15451780221676514,-0.13077976718025106,0.3783555508462305,0.24342541753156063,0.04164646259900142,-0.12531902071357076,-0.06217697670343919,-0.5624186422821935,0.2816951507988493,-0.08076907188302215,-0.06640264444521547,-0.03168496503893673,0.24615186570487074,-0.33069016965873327,0.3252849066385516,0.2995578532397176,0.37528605045179614,0.03621134877643731,-0.25212285823037117,-0.11773837709709806,-0.1870794026335604,-0.30047418012763605,0.12968554578168748,-2.33323478503189e-06,0.3748885995462239,-0.3983865524534978,0.14571627523518482,0.18471377166735004,0.21049273791623757,0.22775247161634812,0.3911791121128855,0.4968304290039112,-0.2337490397894475,-0.019338171200224925,-0.536870454653624,-0.3696386357867794,-0.3734635526901544,-0.3900347181554124,-0.2484708594694342,-0.2568096150148734,-0.47980071337932734,0.2686474362736146,-0.5118662953825037,0.1583091669016194,-0.3414857493559586,0.5269637849212261,0.25364192005130354,0.08988332753726504,0.12801871349792537,-0.5251913456633683,0.5440816192420216,0.3639490501709034,0.42837044378772765,0.10918269355232983,-0.13681912371202848,0.455872459560698,-0.26706703582777475,0.12522019292672404,-0.39607920615791214,0.5055924493713304,-0.37534313423494453
THANK YOU,-0.3336142774594379,-0.4366205001239077,0.46838270525822123,1.9777062031284967,-0.39661885752144366,-0.15671175147895827,-0.19906437299479504,-0.1634281461095658,0.27539227422047574,0.44307024908169823,0.1672411309784132,-0.020000530568872688,-0.0453377534134102,-0.2286142241627265,0.23967696180811912,0.3729302210186568,0.07996643703966344,-0.04793742524593925,-0.19695954354554532,-0.3830599949395502,0.36252781754841995,-0.0844366427214055,-0.28758393134309873,-0.006889461138901248,0.19936982908302292,-0.2717692264789073,0.3446910200788814,0.49312302802926733,0.40829076030329625,-0.08100394466529287,-0.266111687375553,-0.12996271097417542,-0.2017006648403241,-0.2924496060194983,0.03317360902283127,-0.12013066580809582,0.46512714379014986,-0.40971698040657367,0.14913925624330554,0.39616026911506363,0.23806532769031946,0.4918902246946435,0.2430796696235598,0.34583000164158506,-0.019500184837440565,0.08246628448146988,-0.49560201919787444,-0.43486871193399285,-0.29216965426831265,-0.3328608800561514,-0.4310749172869631,-0.4045408121671701,-0.3931391956183947,0.38933170334853584,-0.4751734850200091,0.12833929136785063,-0.20002275342431522,0.5074719934970141,0.3767411221198594,0.12152547782019123,0.2546024987141806,-0.3360632220167973,0.5611723865785103,0.5515768169675426,0.32131811940513855,0.09369359061096869,-0.25032836078973136,0.42898950106243916,-0.19443478786445803,0.05055545346444399,-0.3355283374062537,0.5205419185499233,-0.481282534971734
THANK YOU,-0.411871612104495,-0.3677605140597805,0.43866059151278103,1.893135282761789,-0.35808046084740436,-0.15990656410295626,-0.3378814463235137,0.011636419198802771,0.2842716498867779,0.5132642272239443,0.08874249543574783,-0.033404773312509406,0.09326586184493657,-0.13429708295512138,0.46950555707068564,0.3201972628863111,-0.1060471736128101,-0.14634062424653266,-0.2008272566470321,-0.42211592308893037,0.29769865323466815,-0.0840510028650493,-0.014189230721199625,-0.14667796992310833,0.3774540287237911,-0.4213539409471501,0.3307936988225936,0.37214060850243674,0.3824331731001876,-0.05681407075847306,-0.17160810828633155,-0.08875808863356859,-0.15881734407162912,-0.40276132742507964,0.148612691367444,0.1491321310469728,0.33524542242039623,-0.49796910586609106,0.09898079707664656,0.2237957397520075,0.03986260489451626,0.41847679796398213,0.16138956872112498,0.29898901214435225,-0.10708820420050463,-0.08335200605181182,-0.5130138610278099,-0.3757270214016224,-0.3726106433904412,-0.5218006616287357,-0.21824413689925934,-0.23099771635077312,-0.5974273125799088,0.4419193253530236,-0.4452969054141731,0.07134930564169978,-0.28397200604790584,0.48235809238697436,0.36785309372940383,0.254088855353098,0.2631505957465928,-0.4864114239729351,0.44875593488760734,0.3000063721691778,0.39210114498079673,0.20482525062720625,-0.18114722022871477,0.2178485686695184,-0.10698596028268202,0.07792940108979436,-0.4306389873902643,0.4905283012066132,-0.23725845451016617
THANK YOU,-0.5882667754314371,-0.39863090959585956,0.36194774935663976,1.9969206094143568,-0.4293292788694696,-0.0058884364097938555,-0.35369487085979767,-0.16451431181111406,0.2941477876990539,0.4831595855540729,0.21548403974555524,-0.23984083682598498,0.18549039979443976,-0.23982847706327137,0.4388196313596225,0.3296089468765863,0.07280540049662912,-0.10385087385401749,-0.3047714506001045,-0.520974477034687,0.33061785801266214,0.14250990592143614,-0.2439222485730818,0.13432106587750742,0.47909185474866567,-0.3831706843486061,0.3338037861458353,0.34214361921517866,0.44125171260727464,-0.21504956218213686,-0.28895871734797596,-0.006608759625232996,-0.21597470876673414,-0.34310403181626403,-0.028824567839891402,0.006549127559112362,0.38685952712011357,-0.4627942307366801,0.12652176353735486,0.23952824500976475,0.2996385878843608,0.3837686389684352,0.25423149255392063,0.44500868704406016,-0.07746921721144759,0.05736894454154741,-0.4704913892650941,-0.3715686502445344,-0.2262518972239552,-0.2947957877576812,-0.19123322339331536,-0.4703102317861261,-0.3670931940958054,0.4201182457134629,-0.4959332502831707,0.25859001213625155,-0.37545076603704886,0.43039193083071564,0.3454458542824384,0.25584292706800693,0.16314710071092112,-0.5252675654481062,0.4108775008560601,0.3993346667077057,0.41007479374009936,0.19031850614507245,-0.2373932223458738,0.265554153185555,-0.15843576764828288,0.18148289229232345,-0.4823773174473093,0.5491109328176861,-0.3365166575298762
THANK YOU,-0.36467888223647216,-0.46517589731328757,0.3653182446674678,2.0360100501444096,-0.5016119639744442,-0.11913109258404588,-0.23440095690926888,-0.16529377859932004,0.20828941814613405,0.4491610352622437,0.15771540777192553,-0.10731556095066905,0.07918168617289816,0.014430879599785507,0.39159223613079364,0.3519375709376192,-0.005527183225449206,-0.16528853929795378,-0.15741342585327966,-0.37029576093226374,0.19667810987007778,-0.0692964140294481,-0.13913078273500404,0.018074957765316736,0.31926188307901515,-0.33199187472991065,0.2929388768077633,0.5221412696938226,0.5261181632722426,-0.210106230542586,-0.3688678398116686,-0.21011292154185401,-0.11285030609687445,-0.4266243088105373,0.0807847233648415,0.013000512221970836,0.3604077175602889,-0.4471794182609253,0.05860371064722568,0.3105372283833407,0.2104296177902273,0.3601043931436898,0.24805228106197297,0.43605631937016415,-0.1654249986578611,-0.05684072900659738,-0.5098842896130447,-0.4928677254297459,-0.3698801982018469,-0.43619544016598505,-0.20877424174161868,-0.42515163377923004,-0.37895344303381256,0.5108732074140369,-0.5913889146879153,0.3446917149810966,-0.3593386401774542,0.4457107867321644,0.35306385541962604,0.2277447325473983,0.2047216713084985,-0.5597931185581198,0.39165540611637895,0.2610084087590766,0.41014156784471256,0.2050422499932508,-0.10313581704310815,0.3842101615218906,-0.30104278830195674,0.008145559500300215,-0.3080811365391635,0.38318534496474366,-0.34775613177426856
THANK YOU,-0.4501658885583968,-0.4064453579529025,0.4394649212871413,2.0407287859725027,-0.37767883856289086,-0.09640303425102983,-0.32388818388803836,-0.05874440206883222,0.2166225872759866,0.38201638037911295,0.15011003966920297,-0.12007357292981641,0.11520939793200949,-0.21213733820824052,0.48446896928973915,0.37548381547071197,0.11449205652733677,-0.31710309519584096,-0.520402344546489,-0.44387896306789415,0.20183959872757606,-0.06661292317803652,-0.19903483488170404,0.09810240319099683,0.35073771469014053,-0.362117070148585,0.4246152806125212,0.4269886420554771,0.41009375559481354,-0.016793933157007432,-0.3716396061933901,-0.10049940653061652,-0.2908934872995016,-0.30753057889586033,0.12270584144332229,0.11074055746180189,0.24050308084866132,-0.5159613935862467,0.20968252168105783,0.28977425902334575,0.2739109732953073,0.30958311085884194,0.18176827498217973,0.5274133423055568,-0.17146413567942279,0.03323819244310093,-0.49513540301922765,-0.58768925391669,-0.18516854546248038,-0.35893421209831505,-0.055337685074871246,-0.4042032158436462,-0.40567414146531333,0.3043806291230893,-0.47918914319726225,0.3142026714621386,-0.5136229223682024,0.3958350240602714,0.34773916086647616,0.09774456250564759,0.20305116198135348,-0.40500600151650384,0.4742092688952696,0.394271517780616,0.40425092597483187,0.15938881755938508,-0.24236048236243196,0.4823242172283122,-0.18486744239610078,0.09430206254240907,-0.46478979797816417,0.3852179982936109,-0.37332027804564893
THANK YOU,-0.48684382534831394,-0.5684147476054395,0.42801985177038215,1.9987934301858326,-0.4918144462538312,-0.13825097433229494,-0.3789299139592389,-0.051082496717206924,0.3018685259739791,0.6238534909194148,0.21862230373052283,-0.06411240380564472,0.19681199478646888,-0.2679043634382736,0.31203447163308123,0.28185083978311243,0.16499224094668802,-0.21897642773023873,-0.3067188189961646,-0.5010617013125256,0.29673240848812504,-0.02814372506542706,-0.15479098994277213,-0.09514409011212677,0.3735905018557489,-0.4265212749924915,0.34515388130542385,0.4524507607486224,0.3953622027183409,-0.14806012146386321,-0.23552615198687765,-0.19497783566170307,-0.19787126565692237,-0.27938671325370856,0.271594065416366,0.02505652088964861,0.4035121733632046,-0.42542629282412336,0.05801270562976239,0.27219661760595376,0.2571052501213949,0.4118007303253456,0.23835438702756373,0.4581860358410653,-0.19226077577104467,0.00789813014128649,-0.5841466220016687,-0.5186349949369419,-0.14860669569434865,-0.3736881356906543,-0.24146231505489255,-0.17126684337125486,-0.5803467734254381,0.3205477019703518,-0.35475995570900665,0.23975901922100012,-0.367258755983667,0.31629327599194856,0.42861164090148673,0.19745793593145433,0.08467460093381343,-0.5058829048743457,0.45803029955095675,0.3983107752893161,0.30556620635244053,0.25940033341192453,-0.08194716881765512,0.36459460439185554,-0.22579656877987736,0.05179777131999357,-0.4625337118966379,0.3864812766739473,-0.3808511716427554
THANK YOU,-0.23508438021583555,-0.35764253692319037,0.5508520628083975,1.9865858179107927,-0.5289496157739347,-0.06006584689122819,-0.23611598493115488,-0.11531627321496495,0.38110149954944855,0.6364205127639115,0.21919798513071592,-0.03297200194322396,0.12079266567997124,-0.11056413799035048,0.3523953836837375,0.43406956809313507,0.11058280100452206,-0.1520081906966264,-0.10132973083954178,-0.5096847923227317,0.3008562497074022,-0.04197982365232831,-0.25723594928688764,-0.010735089498226283,0.18122355741834426,-0.2916294295382221,0.3613869775671046,0.3558374027960529,0.37995802605027845,-0.12127832994690724,-0.22779881910053504,-0.08254006323429665,-0.2235309395508736,-0.3915292613073507,0.15981856660705973,-0.08116363186057347,0.37049377425036395,-0.4579900481159996,0.1688328980932654,0.3316105129261109,0.15844953423892122,0.23318122107468608,0.18363796033122592,0.5719323342742713,-0.005569472172118256,0.14970358759681407,-0.5013588461379644,-0.635611619255495,-0.44731650768062736,-0.44831585578486766,-0.2556345224761952,-0.21890667338712588,-0.4020555383979561,0.42749655272537906,-0.5629644502863999,0.15921977967749418,-0.3275218981147686,0.4679937003067781,0.42414644056953255,0.07113330960072495,0.22428756010397205,-0.4605879806621985,0.3992182536183878,0.31508692595179394,0.4501859036950173,0.14048393423920066,-0.02808128721454689,0.4337389911756469,-0.2474135669039492,0.061895095310928246,-0.39519835624510014,0.3636844050734134,-0.4322365980829968
THANK YOU,-0.30800265836764584,-0.36575013782625765,0.5243822037857042,2.0782172164163457,-0.4829053139403641,0.07719510276065258,-0.3858287511845575,-0.09566994793506134,0.18938053242764738,0.4149481496367449,0.09395486650518106,-0.10401935036781092,0.12283684097423446,-0.2834365635730806,0.37840554175799496,0.34068350141882214,-0.08384682947729044,-0.253676822780709,-0.2682754148661488,-0.3518920037092648,0.3311369083018834,0.0033567133548079373,-0.2947579113716725,0.06664751363887324,0.4228261554965794,-0.5352533896640489,0.30123065032855945,0.4371700809495948,0.49825899131694273,-0.15679158601634996,-0.3072995530066204,-0.17414966641691293,-0.15825446001290716,-0.22807180498018692,0.045583297530191566,0.056689800330102014,0.30316722653625267,-0.5357005965176925,0.20935549702258338,0.33670378875217044,0.3275993641293194,0.2808101744380738,0.19175766458373,0.49364914900796203,-0.16402005293399696,-0.08268601094425407,-0.449254901587074,-0.5502269934160264,-0.11631139167710314,-0.27560548586745404,-0.191460837955801,-0.2140761690900207,-0.46629666715148127,0.4705391459560507,-0.3735592449869425,0.25572203888063044,-0.3682670868016262,0.2758598653454307,0.3861452575321663,0.21977500113424225,0.24788482400601553,-0.4543116527728387,0.44156763851662284,0.21968687806000714,0.3554890178897132,0.13489694736655583,-0.1802473887206646,0.44313315764871475,-0.049628958967620485,0.0725938794894903,-0.41760757078863453,0.4012178850924228,-0.34927876087616955
THANK YOU,-0.4303773507002777,-0.4237561168899409,0.5121446731280116,1.9737666539564005,-0.40296010033905344,-0.022046749777155025,-0.45550679627994073,0.03629450980605034,0.2764960553465911,0.3629446417025736,0.045896507223137664,-0.11141100395038062,0.08551957146661014,-0.3225561966103825,0.44806666604744305,0.2552318126419308,0.06941745896111785,-0.15612117056579514,-0.13576415788141805,-0.3240472223775924,0.2066467449532519,-0.05381469544603599,-0.19697389520327296,0.005810329874630871,0.3359914921293415,-0.4035894917114084,0.3223838131529589,0.30819276669363016,0.5257368416264089,-0.06577567304940987,-0.20943814013871714,-0.1511908724513426,-0.21963474126415117,-0.41011129282747816,0.1359800768007407,-0.1065592974536299,0.5135940378413277,-0.572501826005417,0.1657607370921265,0.38829725508866403,0.3074137499294118,0.40012786409486745,0.1515550510725424,0.31726852656228,-0.10573939146570166,0.1237011960135388,-0.521028335955363,-0.5841673333060169,-0.45652693399240163,-0.47765399035391776,-0.2488811794641696,-0.19502684620466387,-0.4176292797827143,0.43371097878258963,-0.5237864415151989,0.1894288869566089,-0.23540030527984637,0.4282887052602712,0.22458788423620402,0.1000179745374779,0.103576867258875,-0.5383619787645086,0.5299044189364088,0.3692370130322744,0.38895699316979904,0.26432238995689084,-0.21092995852839855,0.5427846111614688,-0.26218767915849456,0.06984739907120857,-0.42276531528833894,0.4318291608128271,-0.32366218262293633
THANK YOU,-0.3294070306652957,-0.4936213880392717,0.3862465120256619,2.1572455121428984,-0.4782822022274802,-0.0008095634312789216,-0.442366366542081,-0.037024120457956056,0.32000129228099194,0.48843698033711686,-0.08354367782781777,-0.13280308374191652,0.011346249215166956,-0.16205103699595574,0.3269173050850073,0.30196184743179044,0.03634154144819954,-0.2593874421878951,-0.24465308015585002,-0.5620520667784058,0.169167214889397,0.03181977723335673,-0.27855096702564985,-0.043184116010884795,0.37896927697415483,-0.4245813204937623,0.2916427162621843,0.4156078822017477,0.5361426208520603,-0.19605722878428972,-0.2948714225237232,-0.26495874913068773,-0.19854398406317192,-0.3211097127340939,0.038896698761082676,-0.059935186197389634,0.25304285085940764,-0.46172413060742223,0.2283234674657783,0.17517736892992403,0.2096728278641164,0.42627766681185963,0.326001000375313,0.3083548766709818,-0.1808461791723845,0.025859882537105073,-0.49408484796741714,-0.6911857780468758,-0.21978617880377835,-0.2776458947736632,-0.2304556919706861,-0.40544518973514365,-0.5125301548704944,0.5508971918184968,-0.4189798653422638,0.2872842738078317,-0.3193391063977334,0.3593386530243222,0.3767502451374243,0.14766732751497608,0.21620009508576066,-0.37394734648895916,0.5743386170570522,0.26428185511213115,0.4130258232421759,0.2181856046643037,-0.10570424493389263,0.3433099480194872,0.024645665412661277,-0.03945522164428665,-0.4869241033894016,0.44064323663367627,-0.1898852978316784
THANK YOU,-0.43100943792873947,-0.4546382708413847,0.562263180062723,1.9555627964794229,-0.4663317634218596,-0.01149592637410024,-0.2919536224818578,0.0677799999853614,0.4334947541248165,0.4751720195433192,0.15759127148180208,-0.12896545420529226,0.1424560101765414,-0.18358504286183255,0.4097749622462772,0.4661306327720164,0.17952104470806446,-0.29580532019031314,-0.20580863227777613,-0.5216775599705593,0.29094313370640945,-0.017415490182166316,-0.1213120018763381,-0.03785976049115371,0.1656707636768278,-0.45258943873857316,0.4293759618578406,0.1782747213455595,0.5417020871684481,-0.06081360832580891,-0.17756550943992636,-0.14224471648377834,-0.33200033769042914,-0.2894170761766201,0.20923892002455524,0.050601904949702556,0.3126856736449608,-0.46094953348093,0.10124102605273241,0.19740756137641136,0.3359176548826951,0.29027138219431214,0.15752842838296505,0.33948801096990544,-0.28656320204303226,0.014922560098951345,-0.39300009283855125,-0.50783255319633,-0.38033320359361344,-0.33199723968155254,-0.10493249174144867,-0.37465609140333017,-0.5097643164987692,0.45055699681272093,-0.36202696878830437,0.1944954126790673,-0.4544480955603399,0.4627431105013925,0.4567213854412697,0.15439166240407548,0.1275834890280091,-0.4151105595509478,0.5271144464774392,0.31635776222353496,0.39903380423454576,0.051107934488900206,-0.10034183483042985,0.3726699635398523,-0.24333993843958662,0.06008158453000813,-0.3970444117096978,0.493550035057995,-0.31194229972276893
THANK YOU,-0.37662659217583,-0.37227854961210566,0.5081386665167966,1.9228637979675585,-0.4495409077183548,-0.06860438963248751,-0.27333415424628915,-0.04401691204331326,0.2989445080858567,0.608112359497607,0.2094314919913057,-0.20694238594219408,0.14900084515997425,-0.1785306886391355,0.44114773485286785,0.3813877690710453,0.15340316191847986,-0.1475514570475238,-0.21157742027416465,-0.38320675913629915,0.33448365431232496,-0.039898500614667404,-0.14974526340084643,-0.036378366871555434,0.3194761498942895,-0.42232135939342863,0.297562610671917,0.3176232041897588,0.3353492520901221,-0.17288939648813673,-0.29680095871968215,-0.11810977493765054,-0.18879162882040795,-0.5123023667073285,0.23323357872247533,0.06354257033985942,0.40136178042137394,-0.3152911657136803,0.06567879815642949,0.4139588881616415,0.1822694430482632,0.40517300111883364,0.12712675681875774,0.42898558929124564,-0.13645008033923745,-0.009165809739221304,-0.4288101411898983,-0.4851212567377282,-0.30166655781868085,-0.4445378682851019,-0.17491553025499068,-0.37525606785616,-0.3982477375225568,0.5071210898326038,-0.6252739775987989,0.3267162553211682,-0.18301829720490756,0.4323899228957543,0.44072267441347157,0.23686157231879001,0.15019556458628336,-0.4800784401472819,0.3797356037437533,0.38892340585825047,0.43495518538165534,0.2005375788849895,-0.06997909345765703,0.33166447483963846,-0.2510916123826874,0.21435213102151127,-0.4122952975572144,0.4379583331177364,-0.36459034556680436
THANK YOU,-0.4298483159768076,-0.30348966471828076,0.4338635732678191,1.866808926973887,-0.4756226772436561,-0.21688303866308054,-0.3658580588988798,-0.09210539069376805,0.37957153347377337,0.39673863557810046,0.20527696829784525,-0.034215613342637244,0.1658195925476063,-0.20522975700035578,0.4211128005685078,0.24840166789431217,0.047529400477961815,-0.24403616206498613,-0.15106421392507774,-0.26076181415538263,0.35580658190319997,-0.20890799887736536,-0.2037654870328854,-0.019090370972289737,0.3257265844754731,-0.43385084234117904,0.37727932765278216,0.298108768154803,0.3711152172190828,-0.05084819624907531,-0.36411265443271423,-0.08330225309392092,-0.27664500574108136,-0.18266001679380106,0.04532507630916356,-0.04126916523564665,0.39215005321123614,-0.5131184157180293,0.1553404044408307,0.3089774164731712,0.33633562778858583,0.44939376197336167,0.21528890572528014,0.41607951972420815,0.020585284462894066,0.07920054221148644,-0.5596662292227265,-0.48504335959546463,-0.2866848306507355,-0.4100195415747635,-0.33814824468089344,-0.35591056422247885,-0.3265555133058387,0.4556302504760896,-0.6910697812632253,0.33342002373692115,-0.26068175124775056,0.3834867976550867,0.450177023092543,0.08514920950388127,0.13461369249929656,-0.37477714917672317,0.4631331629240254,0.2282540706194151,0.39004196790758505,0.1529574656177234,-0.0593435857955867,0.3947955628645416,-0.24220965676403108,0.14631603496069934,-0.39060580905602876,0.3619538156074928,-0.26682973738545723
THANK YOU,-0.3486209087110619,-0.43313792425527026,0.49031235753439995,1.8713382991571137,-0.4817757571537029,-0.05645995037841518,-0.32932815730219966,0.08713916775974573,0.34756971121774766,0.5190040885538024,0.13500428181760532,-0.061591254088493114,0.13512778617045068,-0.18692505506047286,0.4087609937153388,0.2940453730025599,0.09878500789056585,-0.17841746338254977,-0.24676968123151802,-0.37806506362997483,0.2158035689537111,-0.08341645859558675,-0.09264957169737291,-0.0036478097286258525,0.3149092762424314,-0.3553055088404671,0.3720091219257346,0.2761758314054803,0.41876696420605125,0.0268097247837277,-0.3356055267445015,-0.15182326266164822,-0.21041756483333174,-0.33080730536259095,0.06061684359554409,0.015563480681273681,0.381486065307225,-0.4060066103093803,0.0597926342600095,0.23572163988092887,0.24142875865933625,0.4225257199026127,0.16557604705293133,0.5010623659883638,-0.07243015293769983,-0.07590037105930364,-0.5251901683085946,-0.5355969333600762,-0.049282483174280245,-0.43358481127754567,-0.10557859669175562,-0.42428726508013137,-0.5506520524545009,0.35437578385819335,-0.5594320135268303,0.21465024560440552,-0.4045543692982033,0.3466822945808341,0.48547369930775197,0.25180463617031057,0.24817786967063038,-0.4527409415835652,0.4922910113759662,0.3380701483225417,0.31885362534968464,0.18828419332548693,-0.2491035027492073,0.31413497475644936,-0.11625001135242288,0.21476346667996982,-0.36880541660279914,0.5104722023163217,-0.37889740762430535
PLEASE,0.18840020681333874,-0.5047969146934261,-0.00151571428978943,-0.365765174600376,1.4395748202265928,0.37403222840791733,0.2916797514297555,-0.06395614848261073,-0.18009721008324675,-0.23415391904308613,0.12651449873664655,-0.3920185780520329,-0.013190159638384394,-0.32175407443479176,-0.10369869698985147,-0.2678801027130541,0.47784874628016855,0.250414601242003,-0.1665147219660997,-0.39689695014907367,0.0567509675398877,-0.34467501579120124,-0.09429972224860497,0.16931093274772324,0.18682445761608257,0.007154486527605974,0.07825780857944159,0.3349171610275584,0.3408430087358089,-0.044732699766908766,-0.1787099406960441,-0.14350033079076352,-0.3627966854279138,0.13428678954364479,-0.0967286074855219,-0.2824407850287448,-0.44015523828788883,-0.037821578396539574,0.4893922413256984,-0.03956660448015156,0.17276493216945354,-0.15034275564271044,0.0068697568840327405,-0.05881879930848347,0.20404546949195682,-0.48679568978642085,0.05444658536939002,-0.17258889962547383,-0.2204469548143654,0.5511137809278654,-0.37658015638326703,-0.12028328298898598,-0.04794868013201366,0.33774107944228476,-0.09634145997580104,0.27095192815908,0.16329824459212428,-0.15334240005896257,-0.1154481543126828,-0.1205845634095164,0.37305487450768926,-0.4241484310070977,-0.3521677793520442,0.09452770969208807,0.09206877431142775,-0.04773494497627388,-0.023216067619921316,-0.24340427816689122,-0.08979739192227604,0.07256109248689745,0.49799082687026114,-0.21690067307096947,0.4122727007115371
PLEASE,0.22287312877323626,-0.3639576663246305,0.1385752486653093,-0.28825133214778487,1.4600127980098627,0.41805313310463826,0.29030396096507066,-0.03456441776971939,-0.1108517488885374,-0.19229271967735134,0.23139648945873387,-0.42258410046170153,0.09700079571893258,-0.5931747576758356,-0.19193042048233916,-0.3982536228778089,0.5166743353451653,0.19880298653684286,-0.3147131815267157,-0.4619563889041846,0.16024974089922372,-0.2537177276938855,0.09795695893481776,0.3454059765228736,0.1012678383737668,0.1350347406497663,0.06066490700071425,0.3395334369833279,0.49294764567968763,0.10246940043255068,-0.20996766461204205,-0.08225622848988297,-0.37279480777596863,0.2770816436030836,-0.036089331353251305,-0.3444343770495568,-0.31751811451899714,-0.03985844825790761,0.32640901470240047,-0.011233239056423858,0.2407286610281948,-0.24040524865849583,0.10841293221160053,-0.04537346348341284,0.21934099538149962,-0.4982207467682341,0.07971174956056674,-0.21530262142325998,0.03352063898267424,0.33178332476087424,-0.1229904082424649,-0.19886402726589417,0.027716743868380616,0.3146837936208917,-0.2088404202355006,0.20159353912654096,0.3271191394250059,-0.17535950715969179,-0.01755874886046195,-0.12818531818307455,0.3495071496805323,-0.4249037207250544,-0.33197332662061985,0.04640659742424247,-0.05431561954380125,-0.09357254934593406,-0.10978898235653886,-0.35759841775001017,-0.17874331799047088,0.0407202182722436,0.4362015722672617,-0.26321636037490087,0.21583162871157716
PLEASE,0.25257842253292306,-0.40904436691934115,0.18598343246995022,-0.12440207885521276,1.64699811910101,0.4700705649584006,0.3562426973276601,-0.15491832458817073,-0.10003318998445236,-0.2522670092158124,0.08295840645119623,-0.43296912577629226,-0.04999771711253602,-0.5306933779710261,-0.20038463051860528,-0.26472389147788766,0.412224078842064,0.22923990864053614,-0.05613011118936084,-0.5409918422323503,-0.15255161266588388,-0.1868790107844811,-0.08066057074422518,0.3049565968274962,0.1644709266059044,0.12905032605134037,0.0351672587425255,0.43305736445687304,0.6333998123641603,0.15517319754692935,-0.2497385375659663,0.04365806515519345,-0.27300146719704066,0.1347831310979532,-0.07253716889595953,-0.3605900796710828,-0.32683585608553806,-0.0507328497948059,0.3262232826133486,0.14637660231609154,0.12011595871812024,-0.22190306937095136,0.1336464144506588,-0.06416661478618012,0.14973643072028392,-0.36679295519365585,0.098396265182314,-0.3742350326107148,-0.18411687910483035,0.34809626930414167,-0.3482486543172033,-0.18929363991053128,-0.01849579011506549,0.2810049136960476,-0.16941044781081316,0.30210059201075107,0.479158882703111,-0.354821798492831,-0.13345930974653133,-0.08488664532009838,0.3302475077858532,-0.544748067798842,-0.2298020634964062,0.2035805765896785,0.04086813081491422,-0.06754903541979053,0.038415387414853015,-0.34435794294434535,-0.0039578564743068395,-0.03649634357093895,0.3207516825760223,-0.060793682522167825,0.36160497500993916
PLEASE,0.06354027927189845,-0.33495486916241707,0.22124760862794096,-0.22810040654768787,1.6080490814529287,0.6296678276464172,0.30203786343477035,-0.08482439256688336,-0.050909927331557026,-0.09106872911428437,0.003227484723901105,-0.224939478734813,0.11348546423413794,-0.3790492006797224,-0.11456469700153224,-0.2556299866605889,0.6479697600330155,0.18495352243095958,0.0018360316905554064,-0.24229979877114602,0.12584446039276412,-0.29229043721883774,0.05598437373667923,0.23337790495706234,0.07958615450593018,0.18344535979341647,-0.07310669539851898,0.40343272639156347,0.5874889757460516,0.0003740752516415251,-0.11155024601749426,0.004907202283861385,-0.3380572427249364,0.1239404226099588,0.013441555577565625,-0.560781321268808,-0.2265942348103442,-0.02983844980480361,0.46614236378036966,0.09744676971525393,0.16853023081046523,-0.14516756001207837,0.08748426803050748,0.06547503061645177,0.16414227204545326,-0.4263711933096227,-0.10765096637918284,-0.20777085071991153,-0.0574701305783715,0.49522311203903324,-0.40378615286962205,-0.26666101429405953,-0.04942705846198162,0.44299743163710237,-0.013206675810245316,-0.0324751073391088,0.3498632426720727,-0.17817259614719771,-0.18422129877003524,-0.17468177606715493,0.4393356925482969,-0.42294568110123854,-0.23154552239626708,0.16442388866648663,0.047213649245697625,-0.04115422485146579,-0.07443022527749626,-0.3559958381548775,0.01354833759238984,-0.004102334780386169,0.3331964617337916,-0.3038576405286407,0.42549599033538743
PLEASE,0.23012551406140783,-0.3944621858225027,0.07097855341951087,-0.35507164045358275,1.5770741013470715,0.44909796215988884,0.43387195162547465,-0.0247536512023563,-0.23712349275591843,-0.23767954940365188,0.0014100869197702058,-0.3350597896162326,0.06794824501683325,-0.54857328189823,-0.2327566005356363,-0.2585722521611119,0.5641940741729886,0.2993460164664611,-0.22578737185615472,-0.474182377151184,-0.03843762223468974,-0.3342771530407299,-0.10890326238317058,0.3985658105092701,0.07932193327162386,0.17075436001680355,0.0157696484054439,0.4254283606062531,0.3770878141477627,0.010462580809693034,-0.2639401778016564,-0.04208015834225511,-0.19686424179910783,0.17799269277096966,0.023376487864342276,-0.5022787876294397,-0.25697170671574465,0.0327882269483071,0.4090502474814345,0.0835333199701479,0.1703205047196022,-0.10901924899029325,0.18317223744315608,-0.026177923529499332,0.08139253828100651,-0.521041805453194,0.0513994061006363,-0.2810946872576907,-0.15773053973724518,0.43327401224466217,-0.40308406355704174,-0.12217318033546645,0.06643420669582342,0.25457500388818216,-0.044814439808683326,0.2706860804841208,0.42337067440348336,-0.17664108908569967,0.006897074879162052,-0.15357664683410568,0.3110882568191877,-0.5336364082542261,-0.2662942637647607,0.09744975767389477,0.08291547119820447,-0.08523858620042314,0.06640368535393279,-0.39915531452861003,-0.13773875440588784,-0.06810048596569171,0.5747307807646563,-0.25241934350893314,0.3625191964232483
PLEASE,0.26535369470651526,-0.31110811053352194,-0.007941853049128061,-0.2694664109853915,1.4277011406396074,0.2665033000385373,0.32032280873691876,-0.06251048916458804,-0.2723085997415819,-0.2339330434697311,0.04103297411690625,-0.39687679461948033,0.15047209290998126,-0.5463492844970106,-0.14569793554533297,-0.4243126271090285,0.47912114496486674,0.20666503662240335,-0.2449263316968343,-0.375275011171107,-0.04231548722152592,-0.1479773524997525,-0.15827577452923636,0.3552230375198272,0.1192083340580609,0.11131931909900507,-0.0013085669790294796,0.4327558886260296,0.5168779890307786,-0.1210516396525384,-0.25871946460131023,-0.12443836486632734,-0.40122546938219983,0.16376423575292343,0.047239318560941136,-0.3114912926881571,-0.2539443922700179,0.03452331013886812,0.2746443330595525,0.1850757799611741,0.16475439774811,-0.07833176392837912,-0.038681968269200465,-0.07193376420339055,0.23457118530857968,-0.4471904785066316,-0.06701737458427356,-0.09922230804066312,-0.26752809008960987,0.4592832921783005,-0.2660915304180056,-0.021099521024573825,-0.026775871688784716,0.34091084785683673,-0.11890520746166755,0.2629428936013348,0.40340835965463157,-0.10251857388468555,-0.04676599438282528,-0.1832337082836668,0.39792549042827496,-0.44832948652282056,-0.13195873286586363,0.24359795222680036,0.19585355924612882,-0.09207789130654423,-0.0036959809975665933,-0.2666423411248241,0.02531797502163545,0.006348090578303874,0.5010061053033872,-0.18396017001133036,0.3517312639335653
PLEASE,0.3166167755325296,-0.4701205994508483,0.1402133049521171,-0.35052718062674926,1.5520657342325201,0.5368635749485947,0.4404337566671095,-0.045816257042201214,-0.18548776765446096,-0.2528065716147174,-0.06884969840868528,-0.402238376585032,0.06388427082148027,-0.5886186401684298,-0.3162908425973458,-0.18975906641394297,0.4752858720895692,0.2440406620306016,-0.10589647371417248,-0.48572826950817394,-0.015479068834386246,-0.16622671031234182,-0.0026628858305808856,0.31409393054314383,0.06223349890121093,0.07452008142654934,0.12946879725018062,0.2291311081490074,0.3953415788324275,0.030756012483951573,-0.058497224957272526,-0.1312310225916315,-0.4178957955672836,0.06753628961184413,0.05622876752539733,-0.38667668512442493,-0.41776307256143913,-0.012403435992475845,0.5117040119900015,0.08754915271694827,0.19469963145876254,-0.14299208068951633,0.10457161068926357,-0.15398830227407967,0.14057599245407085,-0.4638049245671022,-0.045377305359240866,-0.14911764615412343,-0.2245344157826119,0.4321199578441315,-0.4181190017409527,-0.15848990265013438,0.08524481267175343,0.3341453067414408,-0.01873868394131728,0.23210873885319538,0.15417814861018847,-0.1941048709545089,-0.12129551319601352,-0.13520412833070927,0.3531106434291684,-0.5103668600743568,-0.07387371295052436,0.17411563329068325,0.04947040563042942,-0.004148272042193486,0.041431422844507085,-0.09714808143212988,-0.08607600168062653,0.02984822024946077,0.3412569095652368,-0.16952199375296348,0.3925259737004398
PLEASE,0.24443249122195024,-0.5051295040375635,0.0163715151227231,-0.23117728433018686,1.446567907025113,0.5615663761689793,0.27803438457078095,-0.10975359045353011,-0.27900944342155326,-0.26297935683665485,0.03463544410654443,-0.3501673069003777,-0.07282731137855064,-0.5597625732435245,-0.09850657316197932,-0.22738155800909787,0.2712601876986739,0.25742068649756666,-0.2329438176152105,-0.4545007436058024,-0.0013856122945228658,-0.16196090606198438,-0.046986246836305104,0.22305088606688017,0.1518180582438433,0.1315470097582822,0.13759054816301533,0.39903892016330056,0.5287680651559632,0.01402468889101446,-0.15191130417139792,0.08950248484074536,-0.32682192018351813,0.21991761417212186,-0.048995549956807424,-0.3784964058750208,-0.41792495261504803,-0.060713641318811656,0.30294617001020674,0.16405092889147643,0.3206388690845403,-0.18934760580264554,0.00956833845214701,-0.15773573709873018,0.18029322271132603,-0.49760734229446246,-0.05059709106890228,-0.07364028546147824,-0.19752683084578532,0.507849397185155,-0.3130683000954482,-0.2971711800086378,-0.13769785409617666,0.4020287128452779,0.052998924875714754,0.2690642837218111,0.40630131286953325,-0.26236014862498946,-0.026058269096249337,-0.06324341992108064,0.27715993083358675,-0.41202043613974865,-0.3328923392251574,0.2373215149358488,0.019650092702939014,-0.16188097165910736,0.07215942378074465,-0.44415381138093335,-0.04189029193052374,-0.08887934618724264,0.29348703209605287,-0.23437660028564894,0.35402440156374315
PLEASE,0.38809309137505765,-0.5381185561592389,0.23112965838400573,-0.35568601738179256,1.6310736579812783,0.5453758444612362,0.4047787074235242,-0.15875990732794143,-0.33032249941216246,-0.4217363742793554,0.1806981460821909,-0.4094999382405013,-0.03909839568995263,-0.5901192089924144,-0.16272137776561432,-0.31165385445774607,0.3176753836522246,0.29640557312705496,-0.12354793509792832,-0.2599620335358688,0.10806391049498712,-0.5344038910356201,0.14978746380536284,0.43196165412085546,0.05688273191290538,0.09918235897515586,0.07396829764211083,0.3461284319276629,0.41248437496357687,0.09272619673962525,-0.15282228016128915,-0.09375577523749526,-0.23162124327308634,0.1605759363215238,0.021588772017983104,-0.43789411122521643,-0.3028753023738936,-0.08229536233005501,0.23234486394256634,0.04400734737517868,0.1717628205208869,-0.14998834789707705,0.16838376091371388,-0.10480296494006938,0.1297097523419831,-0.38813022611129216,-0.0669015529275885,-0.1917074125513548,-0.20647749980723926,0.4414274809411473,-0.2566535961517631,-0.2186309918998383,0.07315209631005853,0.20683229949321102,-0.19769909070718644,0.05840927362826315,0.263112448841445,-0.04143615115021729,-0.10865268915596629,-0.20114799634824027,0.39548035461731496,-0.38173225346582507,-0.2892467362963221,0.3792645670330589,0.08754996700542714,-0.031522481629958424,0.07972687933001331,-0.26280438456800387,-0.11900125076914783,0.17070452745337325,0.3783740462151089,-0.16256341498455756,0.32983373238723274
PLEASE,0.21936861503955196,-0.28318528708935015,0.11245561616132181,-0.26740302511941394,1.580207641107676,0.6650300803386304,0.5525628979859643,0.007219011781193552,0.019803664963589374,-0.3411603931854137,0.08498558901183123,-0.3796857122635086,-0.09225201043461995,-0.46161860605610594,-0.2154164876472791,-0.157385618890994,0.43961704080571257,0.19109096203215156,-0.027701113469657923,-0.4123912317431532,0.10983081019039646,-0.25260336348009377,0.0714512628026356,0.31583856434845997,0.15596935575794602,0.12326907458586417,-0.023273986749698022,0.4189252874060928,0.5349291475146079,0.05560393912086148,-0.1327652543503543,-0.04029560440518726,-0.468465300298904,0.03863003544456324,-0.02302810850127617,-0.4875045098281031,-0.34430082388764643,-0.06521240937760936,0.34515629150865307,0.1813643090554264,0.1772967382141084,-0.08619783760804751,0.08452698860887635,0.060639551250876444,0.24080828103497076,-0.49674570349463504,0.15023057410281349,-0.24036916741750636,-0.15781488545555789,0.49107957820048764,-0.2782360064714574,-0.12506035582330433,-0.05065017776894351,0.42001376949469305,-0.03683827223293572,0.24390304367129784,0.3411946178984775,-0.25463177582020774,-0.06882172349133384,-0.19628133790830743,0.35188627023389296,-0.4637594598718461,-0.298311771631258,0.1047334764852904,0.0978255681872254,-0.10565608982385835,-0.004725386257618279,-0.36353120635122993,-0.1276843002211485,0.13311630560485688,0.3115939909942323,-0.12133257754280943,0.3413700045010703
PLEASE,0.219249575881587,-0.4046285710429278,0.1253685618324648,-0.2804744451097435,1.5751089551067528,0.45986429838786763,0.3618141844450629,-0.020629646544809088,-0.32424427889653945,-0.33876744144489407,-0.03054234362763314,-0.4703864797026564,0.05614913687484109,-0.45823279578324866,-0.33315280881582887,-0.31798993201228326,0.44548570351685274,0.20437384307738454,-0.2531536571270844,-0.4322205832955899,-0.05608923665898441,-0.3133022872100633,-0.10114065559488505,0.3091576003093741,0.05826986442438595,0.11278993572525114,0.06509370588796942,0.4236868277981915,0.4953743005626479,-0.016138111982155198,-0.14472972742728812,0.04958597438985701,-0.291541311367268,0.13468048887551243,0.03324130251653629,-0.37197283279036353,-0.222252778232924,0.04313591296031605,0.4520551675528402,0.0699127972360422,0.20883313082386953,-0.13516934919561288,-0.02517895912438209,0.03289310411209238,0.025586670227603164,-0.3924495013108267,0.014659903987575797,-0.22675043307756948,-0.14251972601599067,0.4944029776564173,-0.42192917982886335,-0.0754646448548826,0.015663620039005097,0.5482055325128973,-0.02014823450269304,0.24781706864140177,0.30117095533539295,-0.19885080715356934,-0.09526335817467685,-0.026209363965426058,0.4309885953627634,-0.4195340594484031,-0.05004361763238688,0.018114067227085695,0.10246649048760731,0.036741512775329055,0.08374324893462841,-0.4090400524775616,0.041872072289433904,0.06261086924622382,0.42863007877167847,-0.2320961979035379,0.5273246676168329
PLEASE,0.30711133878645325,-0.4546880288484024,0.056215019019184256,-0.20407211790356122,1.6364169362893233,0.4614096869916614,0.33443972616456397,0.010920930972095705,-0.2794793750713932,-0.10803862508518261,-0.026247835711322443,-0.4880153878498371,-0.04275432766082071,-0.5874440267726667,-0.195078057577103,-0.3175194874174862,0.5531899759472393,0.2978083047931374,-0.16822750425901747,-0.1588841610081899,-0.002140290652175428,-0.29483342707898685,-0.065763889952233,0.32891912820889485,0.13958460741267337,0.0390507480334973,0.0011349750780358728,0.4534264910294582,0.3899158460925417,-0.04600953271612345,-0.13166987172018013,-0.1429820990112012,-0.4004758780918768,0.1505346625648317,0.0677850768014559,-0.3722576048885905,-0.32026319930888153,-0.04479913333680058,0.46842434134498123,0.135110835268752,0.18552294035590325,-0.18318094618701172,0.07423316845585856,-0.11079597324937855,0.14711586051156866,-0.48858736768023486,-0.014767369231317643,-0.24030211642890517,-0.13189878880705078,0.5263898635460162,-0.3476824529057923,-0.2537051209307416,0.06682231446560559,0.37780765317269893,-0.11266880307499133,0.3539094339572276,0.3111713573774829,-0.3494185494325652,-0.1638865661118499,-0.013973498160338715,0.3074395101325765,-0.49688828136127544,-0.1894506614710349,0.260293604626562,0.058811500307970006,-0.016402834153614494,0.024806928746439694,-0.25447852047997244,-0.05486235487986869,-0.030136357814788725,0.4218364800827086,-0.2825656298132024,0.25757343401828414
PLEASE,0.26995891177964604,-0.5384844047806173,0.16891966193314006,-0.267673710778236,1.6713816205411818,0.4304694737510265,0.3774598288047682,-0.21305368097658936,-0.2968136065492903,-0.3998920765796231,0.11871437464821322,-0.4225158919414732,0.15544138823972095,-0.7131152512351148,-0.052304417370626535,-0.285507517425809,0.4984065810780085,0.14220690115532547,-0.10816342603077614,-0.4370680451537963,-0.07871574307299464,-0.38316542690611244,-0.06159848902822622,0.36578152184263885,0.06494202283245756,0.0025809190882152555,0.07057425018582814,0.253447270775196,0.5382284521801309,0.17163604717541234,-0.2992344068986347,0.04378305640856736,-0.285514247611944,0.09634122119414693,-0.036177457868153795,-0.3443412571539115,-0.30554828268866135,-0.22790477638502082,0.5534301429591402,0.10104465550988176,0.17737413774310717,-0.21844530943087775,0.05629455275091978,0.0489148033461627,0.18005938738685678,-0.41939446396514923,-0.1066334333327921,-0.23197779695417084,-0.16973081818262292,0.5166427390346647,-0.35057048407890956,-0.11452524618338598,-0.08165568093676359,0.3685898539965806,-0.09113910710550588,0.1226231639773239,0.35255744568073066,-0.23659200582344206,0.00585216173814411,-0.1762642591853307,0.36092545138533827,-0.5541364966716261,-0.17265339969826207,0.1462048529063659,0.003341380847904571,0.16300073784868965,0.011672304921394816,-0.3193713285175969,0.0028760978280213956,-0.059771150345731335,0.4334509041474712,-0.19833920420048923,0.38740453628186916
PLEASE,0.45525708056216585,-0.4996759801117229,0.24413334721674732,-0.2269032168462051,1.63027423372247,0.4841871923676404,0.5293241926917851,-0.1210898307466386,-0.16870852258017713,-0.16115642034608685,-0.012192546009180585,-0.30571661255820837,0.04778394768070147,-0.5974570506959582,-0.2922775355381461,-0.2873312728394496,0.5504895996891298,0.060924754372577605,-0.13431061640745456,-0.33576474267858686,-0.08543539613507183,-0.3372694487243579,0.08221890122456978,0.4032453899662515,0.24412040987730824,0.08688115544099739,-0.024215859292242847,0.5594804698059648,0.37150733512622314,0.053306041681603265,-0.01959132434192576,0.019803701367938693,-0.25078047044944596,0.23858960369932355,0.04208174201305787,-0.3336538900584833,-0.3297593880113684,0.07242895354683963,0.4206675199892233,-0.05185480661630584,0.20097051319653605,-0.3345432968308547,0.12852443029694324,-0.07130430084804312,0.3115741259946593,-0.4102539327457775,0.0672347435208739,-0.28794523485979456,-0.11904896071922297,0.4096647897498404,-0.23006377330920372,-0.2782229255014416,0.018677163959426403,0.27039635359629655,-0.07326512051480606,0.40566423336821755,0.41407554463532453,-0.19259392433089959,-0.3042225463320938,-0.18629874576312905,0.3708281002785087,-0.49652175209458954,-0.07740689133424476,0.18513161059117814,0.15173110885429256,-0.047318572068135764,0.01786965577284438,-0.34012153445731313,-0.15025570145777192,0.08943203885331327,0.3669481673902655,-0.19738108986669634,0.32576890350348886
PLEASE,0.18490762292043167,-0.3909231912993838,0.06138898738835736,-0.29671342862962136,1.457623185832988,0.41743858250660876,0.38099057801528174,-0.1184828752948307,-0.1430280123388774,-0.25395259614649995,0.2794999746455076,-0.3518114997284354,-0.08956399468516302,-0.5156969537820596,-0.1862502210741222,-0.32915618523984147,0.47702765669967956,0.1757705545939489,-0.12372103562230667,-0.5598499304910454,0.1083332724339772,-0.4128153487659906,0.015345101737034947,0.27674581105111856,0.14026615778517842,0.1191291306861759,0.061162342317182636,0.5161610255477513,0.4933919194339602,0.01562778841287693,-0.15747989152540265,0.11638760738469131,-0.24910302422977032,0.11286128057511194,0.1023214827734436,-0.36539469652116463,-0.37937420698174984,-0.03482582701501558,0.2698084016402205,-0.1164108876834675,0.1056117769112255,-0.15116496476165245,0.08145210300280928,-0.16554623217193762,-0.031171041557535473,-0.33176343597533225,0.00092366577177788,-0.07955041662273314,-0.053927650975234484,0.5196942049639011,-0.31257370075327384,-0.22056681255703825,0.06738029759087474,0.35023831888276463,-0.1304994577984685,0.07603290614506189,0.34972567354147394,-0.10224997317846066,-0.006504490069685981,-0.13918147946645415,0.26175898056938296,-0.3834336296048948,-0.1928081469830593,0.15015453081700117,-0.05102969399192178,0.10459027744935781,0.09902010314622733,-0.2347155334858817,-0.13830811948063806,0.008082957575428908,0.3946696126778423,-0.17659726831445877,0.476605978656517
PLEASE,0.15681268749925958,-0.5213086639880778,0.17278432712106145,-0.3053167977956462,1.6227081940972568,0.4270436950824054,0.2791600340982504,-0.2362315559875586,-0.16975590805250823,-0.22490221210794747,0.11013212913821749,-0.359521658237107,-0.2513198175724863,-0.4583916318814551,-0.29274696641484,-0.4294831260221933,0.31216642044706233,0.060827281758629226,-0.1280283713845104,-0.4656496527425027,-0.10472782860878112,-0.2847055142177653,-0.052045112068038676,0.4138480280891896,0.2318101020080821,0.11638024068265716,0.15121223998348893,0.5373128934836018,0.43867130391763887,0.15139947840193632,-0.24397347326029695,-0.19683340684788186,-0.4377923341342724,0.08292954294263155,0.042836499760646504,-0.4890853516048227,-0.3564162871546643,-0.12032616288382526,0.3353568319045824,0.17380747574662497,0.21014107147481492,-0.20713059158346359,0.1690490828991721,-0.050566958322126265,0.16982235270766044,-0.3580024125875855,-0.0341094741488579,-0.13070813781843849,-0.10622064738084394,0.4492738336668798,-0.4290006525722881,-0.1877394062923864,0.10087283546220638,0.4286083937076627,0.05349011449575555,0.20463326436231805,0.4187181360333812,-0.27048666448518666,-0.09112309961006104,-0.05501078389444514,0.4053697756100045,-0.4474072946924718,-0.21302308417622323,0.09982207828558794,0.04738163774807849,-0.16852694802940416,0.012492703360230641,-0.4469132713988735,-0.17477675663428233,0.06992745622089105,0.46050064927476075,-0.2622726642945812,0.3730100053345031
PLEASE,0.28746158907575114,-0.3985081849485348,0.1493906356709645,-0.3716165193022702,1.3620715749193588,0.37553735870263727,0.3667155744818733,-0.01866890333492037,-0.18973736639732802,-0.2228441305645372,-0.039235659958229724,-0.3914098587036243,0.05451379688482552,-0.5591205076075199,-0.26171516172434095,-0.2981999083371018,0.5241176978099708,0.15484620045692746,-0.1670020381602213,-0.29875574272205085,-0.02474671017986641,-0.28596947970992415,0.027972899420302746,0.3203390239264014,0.2492708052481061,0.15824868426772704,-0.08458427891617712,0.5495392203572564,0.45388776131640235,-0.017162748018685302,-0.08628511240538952,-0.102708191170561,-0.17618608037393602,0.14380852672349417,0.08053704354272749,-0.15129935325978808,-0.2879448957754978,-0.028114595803687095,0.302226622351332,0.05674508408956024,0.09864125818708425,-0.17592892461352574,0.30298612348210097,-0.04305234099594388,0.11483491134923243,-0.4662018800668162,-0.03964949570049163,-0.1201352250047029,-0.18103290655410345,0.5896284790311125,-0.3425931300127013,-0.20888108958355484,-0.06185017512692134,0.33235639596872213,-0.22201553506734584,0.0734804661793817,0.4063479665107181,-0.329618894571826,-0.07477257652664845,-0.1834835242992266,0.40801812639099455,-0.5935254917035075,-0.1437188460768107,0.20593655393745475,0.09444479758788404,0.0262012686450014,0.04557119258851508,-0.498242524843619,-0.03335473113675866,0.027276793182433205,0.38161911531129966,-0.30650666981033375,0.33895495632546985
PLEASE,0.3881947174197454,-0.5089270837153415,-0.018107618833655137,-0.38213546399721415,1.5546945912921808,0.590556484988459,0.5554500623185022,-0.04346507612890463,-0.28698581754370023,-0.3356015960217428,0.10258185605777637,-0.27922071234451656,-0.0020847514280182278,-0.38471032091662616,-0.19451518309445281,-0.22292296808130874,0.5628561488855293,0.10870089165209235,-0.11423151821508423,-0.2928635099482151,-0.028052606938228905,-0.3710786335201364,0.07601238072476563,0.34603781650241094,0.08960822959943499,0.13361140274822172,-0.0925932313976566,0.4596236584594524,0.5593105128478316,-0.04445086210917355,-0.2605138672925204,-0.026608054601285378,-0.08577189178126407,0.22433497720236686,-0.007441646996110693,-0.3935316167425491,-0.20644446883104478,-0.0931180636027996,0.43652839925201065,-0.023005680080437713,0.25552817374595427,-0.1844878016332276,0.08746692306366827,-0.08133026415138324,0.21502484937142585,-0.4633989872481493,0.1659379511212199,-0.09049796767185607,-0.2781580317063103,0.4762339224500562,-0.25849276872947713,-0.22540749370886018,0.10689071204783253,0.4505990134224455,-0.09001492104905859,0.3223625516140417,0.16352108262215106,-0.08137658743600366,-0.03632911229524806,-0.23045799189014438,0.35300623742534953,-0.617755818955778,-0.2526528017998184,0.2670597046417229,0.06441660689293056,-0.06916687850818985,0.04356632247310898,-0.3081297858706821,0.009715798965508587,-0.047816184979479995,0.43473680784750923,-0.33073425038615123,0.4271164404262695
PLEASE,0.24584024713964178,-0.4386134587769985,0.09215162398215282,-0.2835267210814666,1.4771401664556387,0.48322844760571293,0.4234351323417562,-0.20193480919254997,-0.2561981341340312,-0.263193148182411,-0.01537698129942685,-0.40357727587688164,0.17856314736744977,-0.5801193833459353,-0.36112532948921894,-0.3279648711539239,0.4449660151624067,0.18804312365947645,-0.12884172376319894,-0.4894014542568332,-0.07722181463707642,-0.3405110926244195,-0.01587835301997497,0.505029630014822,0.2399883559356504,0.0002262636014206676,-0.11335442396847381,0.4204053968217718,0.584830285380952,0.06601038041967114,-0.1968713687927191,-0.07689893593748653,-0.22726908968911996,0.15058346568635364,0.13863300643666132,-0.5317159111807853,-0.2684605557977296,-0.06543185720414382,0.42073100811994646,0.08645922075880923,0.22230829692847265,-0.08276487851399512,0.18259479942518048,0.10351767627035671,0.1603934567077505,-0.4928124318098147,-0.1047655252555787,-0.16921646762694625,-0.10702155092795045,0.3530416116355728,-0.22573198854871807,-0.19686277225210802,-0.09057276700851435,0.2951639725900518,-0.1587893378051318,0.16982886104024641,0.4019662099302137,-0.12087742588306712,0.02868183006056607,-0.19930155489872345,0.36029231001434553,-0.5074152020702913,-0.18996899893166339,0.0609781266090772,-0.02441227166183972,0.0005341983863965255,-0.07872904894707561,-0.2532289367574666,-0.12337530255612697,-0.1523399266001747,0.1981035748000841,-0.12208792947175623,0.21539518472366248
PLEASE,0.2664001260066924,-0.4070183925992708,0.016069120767111464,-0.3089564785085348,1.5958241774679003,0.48035373741860415,0.34221595923430975,-0.07653122651084254,-0.2166649147904928,-0.3432275819567432,0.12855410629841857,-0.369157899945029,-0.09808748605087692,-0.45693238857546825,-0.22539163725364592,-0.3032205814212662,0.4718743766965212,0.16380651933109128,-0.006103590506214118,-0.5266203314908532,0.021335592874499057,-0.2560439921815644,0.03972656790059795,0.32008348950065474,0.08563148946244215,0.0695340238811646,-0.024642763591015734,0.5199491087328316,0.39656294654084934,0.1832980544180625,-0.14072528735283413,-0.25382337128907007,-0.24278136650617904,0.13209153086028275,-0.11110380400847267,-0.2923591062006431,-0.33722557355666694,-0.06204263262301587,0.41760419207424176,0.1578171477955962,0.19060821606432343,-0.15762590242446317,0.01566211188797402,0.037440370560635525,0.16897397554786303,-0.46745988411434963,-0.03466033391774248,-0.12186132720906856,-0.19480082642602098,0.5432692410088871,-0.3550311635571401,-0.1309703087187839,0.026460270158260742,0.2869665490629072,-0.09028800460376749,0.06861704757608006,0.29685091093225424,-0.31620815659892276,0.05255019099308389,-0.26872622559297277,0.5397190587953593,-0.41451077543292025,-0.23308828460756165,0.24391736564479596,0.013882322032578678,-0.17647455113891436,0.046273848678090604,-0.24640959846558247,0.032989493228961414,0.04152139294106843,0.35884148006105515,-0.12826275062955783,0.4608665682638158
PLEASE,0.2930713375095404,-0.3384722364035498,0.2959101239696137,-0.30816116424774903,1.4855440500846349,0.41107330739872905,0.2710900021549827,-0.04818641411553294,-0.3372783977631416,-0.1643931168660052,-0.02125966113735897,-0.27705492283441097,-0.15528805573738727,-0.5294813707255145,-0.27959120251465547,-0.17179729236236252,0.6055407738410883,0.03971600778202883,-0.08107769487105933,-0.3216599251766669,0.04285535670749012,-0.23949905392099594,0.07771394708040294,0.40492303273890207,0.0283951888632782,0.22982796710020353,0.057777995934445804,0.43921233981299324,0.47723268035988897,-0.08893830203281106,-0.3185158876364481,-0.050095567104786194,-0.18995897329392045,0.04151370502205047,0.014104691035551136,-0.4540342348216063,-0.37043049322062094,0.019691825477674167,0.4483390306700145,0.0033866031140396963,0.2925150206858134,-0.12717116013668728,0.05207715588317262,-0.02481873448951109,0.32203771379565804,-0.38914197383293503,-0.06259553858174552,-0.2055039744781948,-0.1633134290283703,0.5141459745696577,-0.2981413696190787,-0.03712883470522946,-0.008242338565221802,0.22463449235548025,-0.06616763123384944,0.20857526495248246,0.23605161900289479,-0.24626556271152017,-0.13592085391547568,-0.05225943901160489,0.2141959431860911,-0.42767031664037614,-0.013940461449624825,0.16541962674099533,0.04910426039212894,-0.006128519148089831,0.08172275489447292,-0.1890104362593601,-0.08265226862388378,0.05787841710831946,0.45863718506452333,-0.2660093086481279,0.35871008696637025
PLEASE,0.27065400157103553,-0.5343504413206626,0.09003102761453784,-0.14498128689890005,1.6405355939209645,0.410493569375727,0.3778026326696395,-0.017772405730664867,-0.17301368665226902,-0.2016013793924767,0.075245119260094,-0.3685186345235338,0.03600359350053791,-0.5942750453300245,-0.12077157841669456,-0.2978058476100115,0.3393878384522345,0.1835896001130644,-0.08216344438153732,-0.5604480639706552,-0.06556136652503951,-0.2755814465684204,0.14888703736989903,0.4153604396935981,0.23592332159178325,0.15041096744309956,0.024295854305448804,0.49473016658604557,0.35995330203362286,-0.06546745894521872,-0.2866476948699371,0.04669777555664875,-0.38020853400255705,0.2163925879993908,0.011968358474317526,-0.3085603502231526,-0.3907827933895896,-0.0704092963350339,0.4239081158692219,0.03191392809508513,-0.01793300367014397,-0.27075220644887377,-0.017649142477445187,-0.13575186779076615,0.21367256716993102,-0.42246053865341004,0.006278185309211931,-0.043313854196899676,-0.0797969822766641,0.5250629747741455,-0.4369264720887312,-0.18399155252292354,0.033788308716573075,0.32980876980875795,0.053180465668963145,0.24796159373408821,0.25810619699577003,-0.26977383383807796,0.07533757059683516,-0.1770536144933952,0.1665734931618714,-0.5036006964917189,-0.33770847065002646,0.2527934214727939,-0.09094466676514892,-0.17588704793325072,0.04026731206227417,-0.21366500081036643,-0.074838103870336,-0.09890865084757469,0.41579416121022905,-0.2765886343141144,0.4584446760222215
PLEASE,0.33993297540086087,-0.4783072131478824,0.1835071239230792,-0.2429763999043179,1.6668630220048977,0.5158629471688523,0.422821662542461,0.010753161408808748,-0.20725376713103855,-0.32744229206686665,0.04858204885204847,-0.41418469107222744,0.09761073206022461,-0.493710837710953,-0.14391541946051273,-0.3763948648010598,0.511881712789232,0.12442449662164223,-0.07340580501493428,-0.3300945633422564,0.04463692529916718,-0.26174516600575515,0.01853706024932417,0.2871040604484624,0.11459421566703516,0.2924032132737358,0.05937580240585325,0.31960570430744356,0.2952339671214721,-0.10232274704566438,-0.22444823927797242,0.06085093262875149,-0.3953207907138798,0.2500840340857287,0.014448207121159197,-0.35802402872445466,-0.2658690518096891,0.02688517993587706,0.3546797516770858,-0.12036252650611387,0.13446643841121958,-0.23200178509898445,0.09625639174057647,-0.03508106396270555,0.1373395427763426,-0.3089824355153827,-0.05795807277117243,-0.38206604184714427,-0.16425840484962778,0.5560530293255772,-0.29433231708039526,-0.21728582695252657,0.029128376142072667,0.510139473294384,-0.15334015903048426,0.2463351356245113,0.4099695203076521,-0.1696726689249033,-0.12707918120091127,-0.17754984562698847,0.31004025064257834,-0.41309055201258554,-0.15367712222261212,0.3469860443030134,-0.05749966155356252,0.0769218944820623,0.023590120867424288,-0.3096623758827308,-0.0005847275792428414,0.06989565698914703,0.49371856466780273,-0.1291826540823475,0.3646420225422141
PLEASE,0.38256040575054073,-0.48566695103916524,0.09670154103307635,-0.2792356545588775,1.5153878956355524,0.46167694858063624,0.45077598230484317,-0.04337591868873644,-0.2575408883123085,-0.32123591280025665,-0.0359128899026213,-0.37864820095651947,-0.07719246847514497,-0.5699143924173788,-0.21285605506816352,-0.19563600954043048,0.46064516826711405,0.30771103832724755,-0.13534063608248437,-0.44509884673494543,-0.017850757264306842,-0.3798367681602246,0.22868409995413197,0.4242033582998877,0.164090598137988,0.029523644856360887,0.00490020196632112,0.34923893841619136,0.4421081430649163,-0.06146137924089902,-0.2478637592924515,-0.11250539022767247,-0.3326223537855156,0.14205831375303374,-0.016968619738805254,-0.27406700495379,-0.23746366652413364,-0.0830106676883856,0.4136374452343321,0.010337832466033633,0.14992508594601575,-0.12263567399400704,0.12466339229094711,-0.09961473850505215,0.07074034568031998,-0.4424081541030431,0.02807000892551463,-0.2550704813053711,-0.10849057731684289,0.5120608718192967,-0.3695348701609057,-0.09834177255266997,0.1027507584762712,0.5284403965995137,0.05361086064507245,0.1716562230862337,0.43037269988406646,-0.11961330045100597,-0.1351284724151196,-0.10704979806636114,0.18264591660001564,-0.6080839914778362,-0.3287502664087079,0.21054911130926804,0.10036423011894761,-0.08562136976025932,0.17764175752212547,-0.22344938193893893,-0.19714843317517608,-0.012054952294484762,0.3260142966600974,-0.20604516769830286,0.3653821881837028
PLEASE,0.2009116653753017,-0.29977665370719453,0.12571705172752856,-0.2979576121978697,1.5372670687104506,0.5863818863296564,0.4519639757389746,-0.1084716855380777,-0.28785331606361636,-0.33248986664450736,-0.00605653912385587,-0.34517828600469935,0.10979756020718545,-0.5567096532272114,-0.11208955458443495,-0.3527549572068665,0.4222768976435404,0.11128043791354207,-0.26869123923243343,-0.48070910233310227,0.0147420542194758,-0.3660706291228209,0.15627629483481423,0.26076259527257584,0.13050826430149898,0.2394078569252156,0.04843129740471183,0.39815236669788745,0.44366337134488776,-0.032215572051299365,-0.2743052483799111,0.00860350876220145,-0.3600910059712997,0.2112845764005234,0.06379335974438628,-0.3833942014367102,-0.224681347753332,-0.06389278124197967,0.4502911431712593,0.1286765524133254,0.15742128106887734,-0.19534900138402356,0.0977336767104316,0.10483937905100926,0.1405510757172804,-0.4854862237844595,0.08757180036510132,-0.1985567704000851,-0.10453325352332254,0.5788879217592712,-0.46986709817420325,-0.191761114737317,-0.008491720534390124,0.28604048675401694,-0.23682064406248857,0.11654542856598366,0.36472360076435584,-0.2327065265236576,-0.1713965034148718,-0.13588958593446296,0.27748404458783527,-0.3524386869441106,-0.24124965030630108,0.299834279192935,0.0630422410015105,-0.11586260821630917,-0.018016953381910394,-0.18131187376119828,-0.013616707995537623,-0.059050470456724354,0.4107152474125704,-0.42785914189045093,0.26130015667597295
PLEASE,0.21152684175389402,-0.49731983723747053,0.2181664766972295,-0.41780938285951474,1.4432937423405252,0.49308000129619584,0.3974837896126557,-0.12346526373137687,-0.04428702735189469,-0.21620168824230138,0.13034084620900832,-0.3898155562165928,0.0057884366445037985,-0.5412367107010283,-0.10193717634435223,-0.21824581915304203,0.45373013936205236,0.2649690439403006,-0.07333717521638512,-0.45226927185196253,-0.010671043287319552,-0.2508208785415268,-0.10666327471225615,0.37260972821050836,0.025788627337600345,0.20912069082024262,0.2128530752420525,0.37149216744611036,0.32393118563160295,-0.0016694893905698435,-0.21546129550607723,0.01244491183616292,-0.2947171829328393,0.11263789270619454,0.0073414239202152735,-0.4864717153954021,-0.23601501540932335,0.10906884763591779,0.2917812196965085,-0.059949517563502336,0.14936792606864271,-0.2586890884259563,-0.03068602160385782,-0.1647816570137627,0.14364172094256875,-0.4823382314934735,0.023160770169772704,-0.2490485104490465,-0.2711463863653447,0.4595667931648519,-0.40198967067616037,-0.14778105787842782,-0.12340524833621763,0.18983608343665917,-0.21211173282046067,0.21039972729285428,0.3334037097164127,-0.17902830150070276,-0.15242600478112567,-0.21116441293326071,0.4475177742680713,-0.36214230456103397,-0.1126827167023979,0.2041202610566736,0.09652400547409731,-0.12812647156407453,0.051496890279419,-0.37760479177340023,-0.1535452424416031,-0.1276961981629768,0.4336748485114057,-0.22607109621764607,0.3435977119345181
PLEASE,0.23684540832079165,-0.5817429752468366,0.14163726383033612,-0.2899176540719591,1.629198041500366,0.4685853511047731,0.4355247153685726,-0.09606282877240004,-0.19395191188319905,-0.19110415337671383,0.017123728609447234,-0.3480031556858239,0.013793054944216558,-0.509154913279168,-0.048668449365396604,-0.22882515161285133,0.4279020772724903,0.26107585238815917,-0.25274512142782596,-0.42485029063891805,-0.059473349375176246,-0.25039962286329076,0.02131502016490224,0.35804063222501314,0.17772691358484355,0.09697127881883823,0.00707154374007847,0.4243026581834784,0.3630629824689663,0.011826162018968994,-0.19091548944581116,-0.022097776907392293,-0.2798780524512713,0.008095014843673004,-0.1027173841029366,-0.490074262494533,-0.29494357878226507,-0.04311811252692605,0.20617102526805473,0.2221543053088597,0.022417474788803404,-0.15853755585269214,0.11648123638542487,-0.11020313530987033,0.21032668787608333,-0.530078632271775,0.006988328393573358,-0.37845112065535236,-0.0799566114186109,0.4609874784573111,-0.4448821796520428,-0.13845440225917538,0.14046475523849533,0.28891411098211817,-0.10014687214534934,0.2026793691793128,0.2947567450362964,-0.2600286122128121,-0.1589664732229148,-0.1908342131506337,0.3043387355136776,-0.489979270124033,-0.13068523012542677,0.23315866291453774,-0.05723654929961544,-0.11119786945755089,0.13999280694221633,-0.27889341740280854,-0.0425257219873108,0.020821257621450012,0.380256235071205,-0.24244866044720503,0.33551658929577943
PLEASE,0.34000875544591236,-0.46691671668972395,0.11208878187250018,-0.20584745278004982,1.5312949043531017,0.4512308387209492,0.350406165249228,-0.10263039076138136,-0.23443190492846225,-0.3084627937172928,-0.024121364694352117,-0.3995476077042069,0.13073406501613954,-0.44877059510457,-0.3024849033478412,-0.3143976456627471,0.420151704451991,0.1022564666419768,-0.12832433720969688,-0.41484221100287816,0.17863596079515084,-0.31327374541296604,-0.025664499293473177,0.26552729060631164,0.07966529984161907,0.1810145495003365,0.09741973560657712,0.6613582197128726,0.33537616212400506,0.019621991097327894,-0.2489830357705522,-0.012373012377244273,-0.20278951427370695,0.20531322564078813,-0.09651602482308366,-0.34192691890647636,-0.4714202823394462,-0.21076159277495501,0.3676649458228834,0.1152451385680944,0.20939074844990913,-0.008508391507076773,0.08015755168123023,-0.06116887342506124,0.25154533984566085,-0.47935504844027255,0.02440008052619723,-0.16808928330229897,-0.2515563833412822,0.4919147749791351,-0.14250303299706288,-0.09782277091135942,-0.057250587205806544,0.5501190233939885,-0.028188343263604997,0.2778052451261719,0.34859637351575573,-0.1353671923583992,-0.09830704595490156,-0.14187221983477605,0.322207099536532,-0.3777517831712714,-0.12254373427194207,0.1674570205069359,-0.056075267119090486,-0.060825355875719855,-0.017481881544945982,-0.34030175975712224,-0.07927157186612312,-0.08312229502613427,0.2723652695137089,-0.21580698119068087,0.36997486463891777
PLEASE,0.27063720897940385,-0.3944731290619163,0.0683622693097803,-0.23807657455368175,1.664512027993093,0.43651196736322523,0.5310127054296858,-0.09148404271524374,-0.27667648100434994,-0.19761953359747061,0.023510027424825785,-0.3015475071740765,0.0823427112233048,-0.5248926780383285,-0.05446917394676336,-0.3200153825149511,0.2979692704529579,0.2976886932383271,-0.12235205995820693,-0.30445737845072196,-0.05373331397803069,-0.30632425126690105,0.007626203991761792,0.410063320198886,0.16786056650236714,0.1509724496023733,0.05872986538191284,0.33518793965751015,0.4933972553715409,0.07585288295276821,-0.01095193888699647,-0.002750196168936618,-0.26284539291253023,0.17455240553107282,-0.05564404560166921,-0.2967474078018521,-0.30681191313029377,-0.03580475200580937,0.37680390866330643,0.06111523196446089,0.14262227311510667,-0.14375236120107418,0.06368271425568454,-0.0671569287240768,0.19831590901088053,-0.4433613388926802,-0.05103065945786668,-0.2650906218221022,-0.16594280537690126,0.4011868844351076,-0.3827941274526454,-0.2531128864671311,0.030291354329090716,0.45851034583001865,-0.05550906493547826,0.3148110178823617,0.35079794468537656,-0.1786056281224404,0.02498983704660196,-0.077147377303083,0.40781794713062863,-0.4767895084730524,-0.19200033330351876,0.21186171417112115,0.016931358585587662,-0.2527649655896042,0.07166558495169206,-0.2255060951276875,-0.064867238088375,-0.04596961108869466,0.37473343031917977,-0.40142668044232693,0.3411704231759404
PLEASE,0.18234315072179313,-0.4913057859148272,0.02787063719879465,-0.3671526437953325,1.4771892706865994,0.5075139335216942,0.33827882623547123,-0.18411761498045726,-0.14816501594408749,-0.25527648696678923,-0.1565783734438101,-0.30610159936148185,0.055040879499164905,-0.4370364461832829,-0.19416815632303056,-0.15169043577893612,0.4406676984840357,0.016375202008922507,-0.22149624083575042,-0.3669837831252911,0.029527516758133306,-0.29635325786154215,-0.04248133980536929,0.33683588907381573,0.11464250305181373,0.1318164939975091,0.08404389851896324,0.44180714426211454,0.4117190303503249,-0.06748198692625229,-0.08544089121149981,0.11811511809155192,-0.17390530199701942,0.19227078625762353,-0.13391412825470791,-0.5404863204213817,-0.34622605001063184,-0.02474816827093512,0.3799228242581939,0.08189086724516742,0.07013927808821575,-0.03237790248958225,0.19183048819674736,-0.15752848871552344,0.010206430370228892,-0.45660406080219873,0.09426745592102678,-0.20658182006635425,-0.1530185141985522,0.4257405067231549,-0.305602863783709,-0.11319657684552288,0.04286131214185078,0.4090676463701584,-0.21638867513278873,0.41492786620487143,0.2242737907676008,-0.17746988254449764,-0.11928563616140889,-0.15199629551890317,0.4024418631296021,-0.5122780021261334,-0.22619552140628685,0.08768014188748804,0.15521620759855115,-0.04242380702094244,0.09092567452980999,-0.23745670596096038,0.09002964245711814,0.14705865019281847,0.42703245185759203,-0.22652782137578678,0.325257152567987
PLEASE,0.33108255759938837,-0.3787654194324685,0.06277399234121511,-0.207091812906867,1.6381866241627963,0.36715671279699885,0.39425512222585907,-0.10074191243306292,-0.20891706218477363,-0.3418065139436987,-0.11360959097381856,-0.4461848507618683,-0.02236165696930352,-0.47040851510545956,-0.14658931994884125,-0.2550583077571362,0.3594803361025319,0.13767764961225468,-0.19968043434402058,-0.405303472464104,-0.010008008935618214,-0.26170099070877456,0.11446717123735854,0.25541884956878597,0.0388909121693474,0.14461721843237957,0.03446783815807883,0.4867347175519623,0.4325088172028483,0.15196489946054362,-0.3212704943654061,0.026804354676570413,-0.29749599211597155,0.024104229955886125,-0.1653444072059874,-0.4867010475131714,-0.20562520196256398,0.06725048067379683,0.37729679191842924,0.037408881951688316,0.11304724047877468,-0.17596259580461088,0.0334784582043685,0.0841751867180355,0.060205464611261944,-0.41802941759489143,0.13386592356145244,-0.14204074959023683,-0.26375707500402357,0.3375310157509134,-0.2953530908844286,-0.1767128909759074,0.10848530351060626,0.40690277604437775,-0.12211711072713874,0.19964810259953783,0.2518814821764861,-0.17963449711577106,-0.21960567652795115,-0.0706445485040818,0.3799882255154302,-0.4110566580085849,-0.2973250801111434,0.16741148550631896,0.03429904990505704,-0.05548612994955164,0.08222925768586029,-0.3435031782065091,-0.10736206033800745,0.05609721109917453,0.3108291249319484,-0.2988977521096794,0.36829544872765585
PLEASE,0.34352756513017985,-0.51283643522215,0.2643012182585397,-0.37272746993350053,1.6815405705935604,0.5528556545524387,0.26465387717227185,-0.22605986384254909,-0.15089700814786872,-0.29578635039584256,-0.04804089421216787,-0.24081545002342392,-0.04623718708771543,-0.5568214483149702,-0.2248222343019792,-0.5040215923643376,0.47852821068931417,0.1543176351428446,-0.08550373035138328,-0.3318538956325986,0.035338274707759326,-0.2671083883016658,0.049516675047659844,0.27933001940543956,0.06660631606546447,0.23964657536699518,0.0998496046059813,0.44375259139180917,0.4799079105287922,0.007836518771171802,-0.17944477131040928,0.007148358773052289,-0.4793845534307515,0.20883542876539957,0.06683955347480176,-0.4591545843553167,-0.20282401758784682,-0.1977532265733283,0.4158252375039585,0.06958536435559767,0.15677731423251562,-0.1594220640571052,0.11802983771043934,-0.19706563768074883,0.23920707984627929,-0.482246314911455,0.07453644409293347,-0.15252596064403762,-0.2083005499974771,0.45457133584796433,-0.3189515414558864,-0.06025391696326923,-0.08134308721073245,0.32798111960711906,-0.2099049608636409,0.2537779405390566,0.3064933771355757,-0.23015736472635728,0.011525415746610548,-0.2093133381207269,0.3200940447726313,-0.49234116094158764,-0.2232453413049142,0.40115172635446106,-0.07335455619032735,-0.01218515726670917,0.2341380979717591,-0.21608855246390682,-0.06552800515600893,-0.0921184814336584,0.5055710686780743,-0.16417715894836765,0.2454531072048002
PLEASE,0.24592743689093538,-0.5318219718516789,-0.10763630400312635,-0.36302304748971637,1.5659534027617847,0.5033139768137302,0.3531870483008312,0.014446434515304543,-0.12613094863613045,-0.27561646656074745,0.012306654746827333,-0.35513237724526747,0.04784729534476944,-0.6127210870350077,-0.19978092802929132,-0.22682031033939457,0.576398011146487,0.3040554313144275,-0.12360240372774159,-0.29056518207221416,0.050716728135680705,-0.29363612279739854,0.15472647134103562,0.3929830468855145,0.21995279960208056,0.03877987014294225,-0.027791201251533934,0.3618732266790174,0.4464448144041838,0.1586711637265359,-0.28535626262106617,0.032016206343688056,-0.4096475713442378,0.3057458674565722,-0.12763979703782827,-0.33747549588579795,-0.2319221850360185,0.02923235531158702,0.3174090251205593,-0.018116757136840703,0.2833270504043954,-0.0770989196772926,0.15419225761260952,0.039857581847337106,0.036243378577888175,-0.5747021178095757,-0.0604056883735991,-0.24237868728752332,-0.2207111162106734,0.48311726935277066,-0.2280851478260748,-0.21227436410968856,-0.055332803202557054,0.4280607962208193,-0.10588707586796606,0.25245127153890057,0.32977623801387496,-0.1627860154126119,-0.1883621471007277,-0.08534199824147179,0.33023367246130536,-0.5167984364646248,-0.14910427226336984,0.11818686726890047,0.007757691725685356,-0.15981279260693892,-0.09633834560045229,-0.2596725838350543,0.02396595353690323,-0.034344993798373497,0.33731132105959427,-0.3841484195359003,0.19396041577327744
PLEASE,0.329688378945045,-0.5932550803306806,0.0296106134430269,-0.24199994357048996,1.5646948456820755,0.48286463331702406,0.3796155604313372,-0.12403774518845645,-0.2995153956279494,-0.3163257312135265,0.009391039671627865,-0.536978890923308,-0.01363188018193394,-0.5284438412809513,-0.23126754972243507,-0.30747004766936825,0.5247170100328844,0.2905611937527972,-0.029438367699559417,-0.5277871025382611,-0.016859017221221365,-0.1883457582685878,-0.10322932726776993,0.24126401399189354,0.06653369874366091,0.29733432373498603,-0.03693232726476717,0.5139712839779098,0.42967093292700254,-0.07899312021467811,0.029745418850530947,-0.024841153808091557,-0.28334590237557505,0.1791049191746263,0.03664883035600247,-0.2245336537177553,-0.1594767110188174,-0.09489589528277766,0.5490869837566372,0.010380084395104683,0.20731427067906347,-0.2770928997303601,0.1543399061534304,-0.07720907666976057,0.06717090169688211,-0.3543443527982132,0.10819632783137681,-0.08639915231853734,-0.2956509746729087,0.5868008651620389,-0.34134644172838774,-0.024634469747491283,0.059888871576004296,0.3831334489863031,-0.08264823097455821,0.24277224702097763,0.30201295296875386,-0.2754287519831782,-0.13626277416977636,-0.048172693395742164,0.22112581135096504,-0.3483998395981275,-0.1801077314624833,0.24192652710403045,0.1320963390874073,0.010556957258345614,0.04174035426456142,-0.29822796419956243,0.0022443556843069062,-0.08160059673813896,0.30563243742858615,-0.27633979099795486,0.39087574392391855
PLEASE,0.425219627283,-0.4314958385137004,0.2811375000902618,-0.22343783320626354,1.5212412526377255,0.54865393451464,0.359632978586486,-0.07538684100951681,-0.3153958459177962,-0.38628735717752016,0.07680731222112139,-0.29745323042581634,0.20492840833251064,-0.5634161558167133,-0.05905083925488759,-0.174909934171259,0.43192576123784177,0.33828927072648923,-0.07480930943494649,-0.3157802671862131,0.19018942499007999,-0.19849917086995778,-0.13452230445061356,0.3611671938586967,-0.009551567984173337,0.14590442516717386,0.04852051797923593,0.3805700404104552,0.3496944329667326,-0.02970335098622663,-0.22121335697074251,-0.05094938179532505,-0.30500737531343536,0.1831643813614707,-0.024911848939523112,-0.2943276474129605,-0.3054112994946321,0.05359122168539654,0.3632305253276337,0.2858874541780462,0.21891613421117984,-0.03014756215076192,0.015896033939211053,-0.0883921996264232,0.1389589004112078,-0.2515844397795427,-0.02371898520628886,-0.26988210245257177,-0.06974242243831584,0.46562177921696285,-0.3347547441406825,-0.23757733233963174,0.04899886038703293,0.4480393988383997,-0.020283081532178643,0.2055185786885405,0.27735788320235544,-0.511513336719261,-0.18288731311538864,-0.1732145396189516,0.3281326220906661,-0.4773180398706203,0.032491244637431305,0.2187177685737404,-0.0335679185248996,-0.011265248832558791,0.07126636488307667,-0.3864082631331862,-0.046178934125401055,0.04411508523103731,0.483149475910419,-0.3812186174761616,0.41967474306201313
HELP,0.036051515187342786,0.07363502803155922,-0.1170071202399484,-0.43562373341853833,-0.007218217643040217,1.920840734922001,0.015318173699396559,-0.33150586246704417,0.4998807610895872,-0.15926558482998682,-0.2693212005858719,-0.11935814706955285,0.35151507436661455,0.05390027858921467,-0.11352518075672824,0.17063405954845487,-0.13342418864071692,0.1536801767005861,-0.3111260756284353,0.3130477211022799,0.286619844435295,0.2880238980319305,0.05072018046740166,-0.006012788160297655,-0.3465187031967086,0.40799218793418696,-0.42397721634608626,-0.4896762602201414,0.014647795762271487,0.1460656338939662,-0.5849491108143138,0.42053160200913625,0.40978187908527625,0.315974619429224,-0.03225829977819622,0.34489522474902656,-0.29717056964825256,-0.04914273277528313,0.42390285689714646,0.3830031093529199,0.39329306126680547,-0.25498800553564294,-0.28624359861882814,-0.053926008227858035,-0.028430784777018974,-0.14747174217273215,-0.08261482231333639,0.16964706230772852,0.25589471838398664,0.20989848854960932,0.32776885184061416,-0.37527128087152,-0.36216715524633325,0.27015108263355647,0.0945063178980808,0.06257390071894688,-0.4447034958308034,-0.2825680693530649,0.12382269377297905,0.46648829567465055,0.4243770889685414,0.01124209651926715,-0.07030318960243906,0.30831011845837253,0.018319408447776336,-0.04947295329815504,0.4068172706972388,0.2555981378376677,0.4154721947807811,-0.27203270443333144,-0.05208486197045484,0.3105759859947028,-0.38266222991202437
HELP,0.01800309725836724,0.13868982408321656,-0.21133875192605944,-0.43921477980246104,0.03169243350237369,2.0038173373869883,0.17010321720871546,-0.3579970828905127,0.5001899367093163,-0.14507500713707233,-0.21088967642785994,-0.11741765365247239,-0.009329851575167428,-0.07549312675324588,0.0039816466743881375,0.2230313202846701,-0.2269750729461016,0.3481327351586479,-0.4737074085374997,0.23983900859238497,0.12501366166007363,0.05230416673962973,0.1011318777088043,0.058265431187798866,-0.4672701580251575,0.42418949767377795,-0.39276913903805544,-0.4399124658472823,0.13138884523808725,0.26259421374934927,-0.23710559068482914,0.4530800474077842,0.4623083031152161,0.037430016438157215,-0.07829601397960916,0.17533344464229705,-0.06195474255984082,-0.005297972693575897,0.4613707967323797,0.5767952332400046,0.23839198467458783,-0.13524203186012984,-0.26309920684056987,-0.16753162433945018,-0.12496114535139988,-0.24624253908391788,-0.08667953307590301,0.31140477614727713,0.34279074211916805,0.33680003198140024,0.29906346545823836,-0.5158319347514481,-0.5147306064475634,0.2503210627128943,-0.13114377232901014,0.020147126330792152,-0.49224139227041036,-0.25871485278031636,0.14889431366526107,0.388177959600725,0.4157893673859657,-0.04609595107233884,-0.11159445872304402,0.2870249423968474,-0.04017145026760578,0.054143865399605674,0.4778270294964492,0.36501840642067523,0.46962874525152015,-0.29243500405504524,-0.017380958582715024,0.28270390829999265,-0.5094520858610311
HELP,0.0026074388064578347,0.10417540722515936,-0.25809116102233515,-0.5372544705987881,-0.17426935415797135,1.933922778381077,0.21169852285952073,-0.443883460896745,0.20479093221233396,-0.24625957747119875,-0.2687260189250482,-0.22090264969452092,0.02700534280790131,0.062083219892044,-0.0032949561651981337,0.21555043838249524,-0.15045095974960376,0.24767789572060284,-0.3636051751974531,0.39303065224384126,0.20855853802751773,0.24936399442301047,0.07964176395398545,0.20907706713084873,-0.3459318591096489,0.22520350408374643,-0.4281204567526718,-0.3658759670736487,0.21100443576922107,0.3136230980009555,-0.47418405091720095,0.45058834680465626,0.4870221554766378,0.14229668765988934,-0.1002639421731356,0.27019628949880775,-0.18989475561585334,0.01586041522955449,0.3582002136046277,0.40885037152980563,0.5209764776805212,-0.3216757377033727,-0.34575131186660046,-0.206461994647932,-0.12044011762641615,-0.2566348777890603,-0.11738112656427843,0.00023168356846314797,0.18188869830088486,0.39988584490180845,0.3511815717966727,-0.5275406649661907,-0.41880900405994814,0.3347693988475597,0.11263197593185095,0.06796819140558187,-0.36929332356379174,-0.40776192081930296,0.053849654447417475,0.3722916022495926,0.44335407980602587,-0.07252308717840962,0.06622783203925034,0.28314241117401007,0.01546787320918138,0.09884042959051824,0.47779903751204167,0.21016789486681908,0.32449240939968627,-0.3146468168631115,0.022235782561522706,0.2898402495073787,-0.30560077710891764
HELP,-0.048949669897486364,0.15063909904951164,-0.25970704384826293,-0.37775190315126683,-0.33052498342262243,1.9972052557278164,0.20104603378752756,-0.4506363919113353,0.4868264307748198,-0.23617295489483286,-0.2512359706510771,-0.1757467282273419,0.33212822907084183,0.15224280608061697,0.04750425067991517,0.1445125045845314,-0.17197508262668162,0.21701459406472018,-0.25890945383877584,0.29385814713579783,0.07384837088117122,0.18969827622106672,-0.08640000045004446,0.17909883038786847,-0.4889291387497631,0.3537501277182323,-0.3844151775575464,-0.35550264948251104,0.04551864712344522,0.25567355314128853,-0.3679738259903183,0.33219015253177897,0.49446014117711484,0.21135343852910304,0.027136012438973768,0.24601530401312793,-0.120463647136883,0.029464150593321047,0.47643911554718643,0.293740896362898,0.3027926253581238,-0.15716560107750088,-0.38795329387615185,-0.17021240321314934,-0.08685286009412312,-0.2655277268557162,-0.09781522368914414,0.13671963241808519,0.43135308926168614,0.1855733019050459,0.4296323766846859,-0.4396217636338527,-0.505147960844661,0.353322677290009,0.07833790268094798,0.08100813735076424,-0.42610951127037305,-0.29244516131237164,0.07229133486511718,0.4199372640164828,0.3990682432363406,-0.005987144024845681,0.06785996041373979,0.35427269865169553,-0.07672151693057055,0.11975869245370607,0.41477860991300797,0.27372046003010814,0.44354020677487427,-0.26282956972965715,0.08574050181453288,0.38551082236543327,-0.3314244742131897
HELP,0.031338655224030496,0.18884225417723507,-0.17122283515895023,-0.5609672530281159,0.02851235699699403,1.9114629497120978,0.08845250170502408,-0.5549824423502535,0.4120714618199948,-0.21921422234218355,-0.377439701817231,-0.16664710784902512,0.03734688246984232,0.2599132940170721,-0.05413514074438773,0.18272139693680356,-0.25344436660539044,0.3842946432557889,-0.3545003851785811,0.22462765677576954,0.22036650604392624,0.07278007471453167,0.031562240827175764,0.30951351000893335,-0.37487432681373545,0.40258298235016127,-0.3748479491597553,-0.21448184783446103,0.17358122529876469,0.2745850332385334,-0.35143712360286644,0.34989002008511094,0.5357111360604844,0.025505695313011223,-0.048118338113693586,-0.005210001731709296,-0.13952827492339762,-0.058245326783561764,0.5050426440307583,0.4868708340899658,0.516996787627315,-0.3242396566099629,-0.18446007681046597,-0.033866986521619596,0.002443776383011763,-0.12260466651265331,-0.11221939014934723,0.07866344967553039,0.3234210669100966,0.11507156543575155,0.2810031570854867,-0.6095001409715723,-0.5085587205064506,0.3407465680401142,0.07351029242226895,0.08221376940495811,-0.43378106026066204,-0.39555536825786586,0.10854932243980453,0.30467376159585935,0.3642586219402393,0.04838578606018199,-0.02336635338222723,0.28467516305879803,-0.12934093890940668,-0.006671328892776197,0.3180570339438641,0.2962689553510516,0.3329838826218974,-0.2733895655749089,0.01280062579596926,0.47623547043674364,-0.3490747340966356
HELP,-0.22391188703915504,0.016961182731340632,-0.15396729681327856,-0.5455229964133813,-0.34238095206223534,2.0384445246865663,0.1839190161262985,-0.3743661470497567,0.3364077697573527,-0.1969110089776908,-0.3125793328549431,-0.1865204472022639,0.0035555780590392494,0.16599116947845777,-0.13420517770366586,0.31611956987349354,-0.1803490024236546,0.24290716194507184,-0.3113180878857418,0.3412886296512637,0.2731498441858346,0.20825975139826908,-0.08970228969372221,0.1714519425821278,-0.27485949450755276,0.4593653638903772,-0.3717516882624053,-0.28760352851871157,0.13274571574575966,0.33211184221748113,-0.460278738511499,0.3123579288603193,0.47912792885966354,0.04054364606549575,-0.10315820505333821,0.18377268615271516,0.027182466289900314,0.004154404831173988,0.44510365372328037,0.35786640068119324,0.27956887934777463,-0.30307614448566433,-0.15247531296653674,-0.17559345678456406,-0.01080128029598841,-0.1267473040718715,-0.17309515464480424,0.23167419883862894,0.21190106915620133,0.3480567870089213,0.34980773956997924,-0.6109392091243036,-0.5121069692492868,0.14658787805886098,0.12614139294816856,0.07616184009792822,-0.6256805349816054,-0.21462644829115643,0.09538116389441212,0.24047742170801029,0.5512206641388984,0.009002365122808014,0.021999720553132613,0.3010956485901095,-0.08343775678526714,-0.08750538642941139,0.5078773805509603,0.25202209147302257,0.4108379424362436,-0.44529938331493213,-0.08107187620828374,0.3912571301833382,-0.35863523172378436
HELP,0.06352915866377445,0.22558879679005542,-0.17684081533145107,-0.4332988753649076,-0.13023975307561309,2.0948656050709586,0.21822227045805784,-0.4024694896604783,0.40102519618513405,-0.11553712767770052,-0.2098642791481648,-0.07821878985407231,-0.09828959797475242,0.08158635435388048,-0.049821034551629076,0.3580471025228664,-0.05975037368985467,0.28469138630053564,-0.20182784331651832,0.42526995067640977,0.1697626390043746,0.38096301134213506,-0.020953895086317825,0.149839856653992,-0.35093314635379513,0.32324785855798216,-0.4376255844487625,-0.23850373620442972,0.07832721667461795,0.1038100320186669,-0.3943628846258108,0.3650613277981282,0.5428293413842623,0.1616453502738107,0.09895548323015832,0.31399755634316545,-0.08442310498014939,-0.06026330670591062,0.4804699464856415,0.6131315283903568,0.37197712336024363,-0.093572869697992,-0.311478967079343,-0.27049319367468366,-0.03499285214315274,-0.12855975391773167,-0.05284719434316083,0.04369595845890338,0.29728888487431915,0.18071383254923662,0.19530978659350584,-0.5421145020272207,-0.5123382395977094,0.33111057351682993,0.12525591537012537,-0.03971585662790103,-0.41925625384897847,-0.33882205369040164,0.18868113760659777,0.3093634436303763,0.33287707573954023,0.0643926570628877,-0.0014795756974099739,0.307772514960775,-0.13997452625715548,0.09258263445119527,0.4707567194544823,0.2903693485983852,0.2868660510528338,-0.18500341095206513,-0.02892558425350658,0.3062038525853109,-0.20388864802412857
HELP,-0.13303177276290917,0.17752908725367733,-0.11341655656605582,-0.4399213851115624,-0.08235143423900629,1.9605919045310027,0.14805634204910909,-0.4201977656311833,0.5058962633238853,-0.3361379955224274,-0.17451385859604243,-0.13712164732467505,0.13307416583230955,0.13404644764518692,-0.01599419699858971,0.06801893744647688,-0.18924568144219986,0.20276898416246675,-0.383227058410046,0.18322721517041632,0.12562251657477608,0.13547841402891056,-0.20865218926690823,0.22301928558344786,-0.24257720480015202,0.40005009252907037,-0.4606866830350922,-0.35563820178259975,0.04311083905618224,0.24661478216604818,-0.4267090831796052,0.35348093969045624,0.6082387199165251,-0.013022165849070635,0.03870997883237624,0.23329916209434715,-0.019576102467534995,0.020533602044964162,0.3873585838397414,0.4358388493667738,0.4302616516127659,-0.32897518863587194,-0.3288805217926695,-0.3451310116060343,-0.1325270394814673,-0.17832006867520042,-0.10177320031818035,-0.03770942347895262,0.2515487408504399,0.2806309943336876,0.3013905916090531,-0.5185186884468218,-0.48523910192510106,0.24612189229045156,-0.01785962240401269,0.09204655578170817,-0.26279808156678686,-0.3041821921811438,0.11290289427256359,0.3550460549606576,0.36199504243273906,0.08827836011695585,-0.14419659712631744,0.29056489743869685,0.10308969965295159,-0.006669019133773331,0.3394169210529304,0.3251932614109812,0.4815799851930667,-0.2649021096016415,-0.039722142129673954,0.37896839412549743,-0.42101611655487425
HELP,-0.017125906682664567,0.2368130010480846,-0.3668300779877478,-0.4622497626863186,-0.24377019259917734,2.1258239064062483,0.08885113207017062,-0.3563344375830686,0.38216826462743425,-0.2953719171160099,-0.3299947506914667,-0.07605469737161846,0.15367728094022232,0.20017482042418167,-0.00414997856450234,0.24057043321230703,-0.20483759391746406,0.2590979453232304,-0.40802927621959034,0.28934160435095735,0.10067037765938706,0.2185610233207227,-0.004845785354323251,0.1900160961749225,-0.2861925582653245,0.34853368106811994,-0.38391460628407975,-0.187137733001656,0.18131907404084013,0.3316650313330791,-0.44828349289538655,0.4391362585677435,0.36814554543830325,0.14586332508486421,0.003200269585943879,0.2432657822922442,-0.08946706461336577,-0.10335755168884526,0.5469400549072291,0.5277966002767562,0.4214183976790271,-0.24945030006155133,-0.22908206256334906,-0.08066739550558338,-0.05056027011633892,-0.17431011504969832,-0.12433772605087233,0.26319888113687734,0.23301502885901398,0.23319759037839133,0.43149841942003153,-0.45605473009556874,-0.36130150151760215,0.21648055613639267,0.016655420594350757,0.1968953968373386,-0.5015203170467065,-0.2567901220103057,0.15888912335679603,0.2800495286712372,0.3838785876916508,0.009430430381132948,0.04920877147115452,0.43547779273596177,0.1609411763339349,-0.05162826422275554,0.41398551929435284,0.34387258572986135,0.5303803236252304,-0.22427372143347585,0.04764855878274325,0.3957955311519684,-0.33495066578599025
HELP,-0.15095800061692027,0.13357619366005882,-0.04165105799756991,-0.4877237020374896,-0.09455574623957164,1.911079503617785,-0.05880766487468414,-0.41439708275032405,0.40913696784725573,-0.2721246219289573,-0.3486014628280508,-0.2733575480022111,0.1383372454168026,0.20249007527772903,0.10200842189531635,0.10998918312618287,-0.11509208382098478,0.2290115315076879,-0.37125968662210307,0.24566274123930654,0.22029546123871727,0.25994857966350954,-0.026289088575123062,0.16051587340022272,-0.38306185398167913,0.3969906802113066,-0.3503547099716717,-0.4540082481692384,0.07839189568155872,0.1539695053853973,-0.4278238179788188,0.4026707911078589,0.4698676924884824,0.04197074195886849,-0.13773972807975776,0.07383997014255747,-0.1821370600139818,-0.04121565436152868,0.3620760136300951,0.5614593022680664,0.35831406110756014,-0.12420520646505562,-0.13762346024169603,-0.3584075314138362,-0.0512983708916222,-0.21780830647491567,-0.3587315198383233,0.005065651875286389,0.32452056566265386,0.39709413848481817,0.3866378184950918,-0.44192499898355964,-0.4539728008517309,0.4239959938604785,0.20493795848124313,0.031193259400185414,-0.6074120646104462,-0.41254119589042526,0.24410478425826188,0.35541720684872524,0.43164275001810004,-0.14283258360145534,-0.014780880284879692,0.3094111659569283,0.05425167141648028,-0.015028837575783348,0.32209794189684626,0.22716736164767826,0.5057383892370731,-0.2621701756505662,0.07334803121180085,0.27056222372317157,-0.6251580513649411
HELP,-0.1185892017849305,0.04882664590551758,-0.13046295604241887,-0.20827726344742187,-0.0492981962339067,2.149357632330546,0.17180267040102176,-0.4664351959349156,0.4128268996446966,-0.08867406270026851,-0.10986549921157343,-0.2489360206631255,0.09745693178190136,-0.069653256939715,0.05738724459819611,0.34180523943709856,-0.18027831233575972,0.22867379722362086,-0.29586784551919587,0.31601751158606256,0.17030161179825246,0.1975055194944627,-0.032351790910289696,0.24667792693897717,-0.36130475782733246,0.2729028652778353,-0.5253000147650415,-0.3716084434906275,0.13573667842565065,0.2512560485679567,-0.47520046846355896,0.4416863018603862,0.44714280723891686,0.17638908982564155,0.007888130182200342,0.2161727172835782,-0.15312114590907766,0.09846827886704258,0.3705806206906911,0.4878679837733064,0.4214322888139054,-0.20339323832719186,-0.31989615511089503,-0.19350865941793569,0.029936974981804282,-0.260793145707725,-0.2321396125269486,0.017320506961802387,0.16887267467796077,0.28318406129933016,0.20195479220991475,-0.4916472243640803,-0.40280306605638727,0.32271568553251684,0.0022341039276330757,0.09341457230252878,-0.4388415134066175,-0.262625475272584,0.1214875273931113,0.538016084891233,0.48172826949590664,0.19887156923605315,0.00571718210455751,0.3262523033179391,-0.06894546047477716,-0.04790681862984841,0.5572370896539538,0.24816997786853956,0.5626150303728513,-0.38122192607323746,-0.05990203607050544,0.31517363091148426,-0.3939521662672253
HELP,-0.002893873838160421,0.15421392363445857,-0.19168915812018744,-0.48180042506341775,-0.13043651122614316,1.8573085207538085,0.05526405984573614,-0.33381358561442565,0.23874041916085473,-0.10173645486288077,-0.2836700449654511,-0.264709719731052,0.136382979381739,0.16350542016574598,0.08082434995119832,0.2576850274614183,-0.09651318948729413,0.14474471540092185,-0.36642476494045273,0.20972718427502168,0.26178120374749686,0.15253006803367555,0.04918592166982441,0.20987008807995575,-0.4891875083336371,0.3045944602512645,-0.3409473512471759,-0.4132971020232556,0.08677911731287463,0.17680815255057591,-0.4488646106070154,0.41707185860472207,0.4109783279768993,0.029114416689000513,0.00414532231903194,0.17381597957645561,-0.23649525212868838,-0.0818598173910512,0.40991838310789586,0.5311515559935209,0.5475914069561664,-0.2956253799156621,-0.0955060963167397,-0.28271188292722943,0.027994994254689792,-0.24356830352927183,-0.19546106585054285,0.06105645957800844,0.25832986112204637,0.28195597195060584,0.36801301011153775,-0.5433343980124289,-0.5314389533221454,0.21605186521954556,0.024170470133790985,0.06132822542685033,-0.5234271767512065,-0.22311790330366957,0.3193598095523032,0.318804653163864,0.3823024514851199,0.04519242146103122,0.0007689293992540203,0.38656678960644547,-0.019858815794968593,0.16342809414350146,0.43266603556833727,0.24033088512974315,0.36197719040375265,-0.322856925435489,0.1341954599552666,0.2409720479852553,-0.44228750616965146
HELP,-0.12167370178820487,0.11689725291900227,-0.18007271294440877,-0.5904333870532062,-0.13689729233100456,1.9225167649250694,0.07605326796748318,-0.3611022578052852,0.4585462876953177,-0.2373960866368366,-0.23778717996921422,-0.3757935110076208,0.0435140143530109,0.12507382877460965,-0.04246117203146048,0.15855592940127014,-0.0012471545825665231,0.4275906967880955,-0.2872723286228283,0.3737336379954131,-0.014264728186363373,0.12020419429728997,-0.056043232726592146,0.14812312477150902,-0.4593984751184596,0.14754901372805954,-0.41357079701566923,-0.307766159866054,0.20494161182443482,0.17634671427469445,-0.4933614882761387,0.2063660552451623,0.4501223018734277,0.17803911549268475,-0.06769797359858101,0.41287055776324155,-0.19217023453595647,0.005023816848190902,0.3071027803678738,0.4786330528555559,0.2687235324629694,-0.18205609663510824,-0.20957670568440362,-0.09359218012376493,-0.14028638511295488,-0.17298761774424287,-0.0806818795100217,0.15601948318718434,0.1933017350831878,0.044199647103425804,0.3421803908299105,-0.4800155710493914,-0.4975998577581591,0.3504985897858666,0.029485259272277235,-0.02739493045930365,-0.6019293229133207,-0.33500326003938236,0.32979528846682066,0.41700403202529795,0.4320723845394035,-0.014113378339782661,0.02568279754240276,0.42642530973771847,-0.0016230586049198956,0.06301215839206079,0.3772098017376262,0.4451452516026851,0.46845560696755884,-0.18210840004415615,-0.022377295319702388,0.4271230175987517,-0.41385836656446634
HELP,-0.06793807131954285,0.248956103909114,-0.24180594207317874,-0.4548753420375372,-0.06987105696186902,1.9720811700439316,0.09023833532638863,-0.24914316886445187,0.2813990625678051,-0.11441431956788761,-0.15902525846994148,-0.0508379280513844,-0.04985593177066816,-0.02481842559720021,0.11076919935581299,0.0673737311422023,-0.3119789807482741,0.24299989863551177,-0.30931881853161947,0.40999879496891123,0.14898883205585417,0.13454917770242336,0.006464592142974148,0.20456925134441678,-0.3849037676669209,0.33731222041325964,-0.600859655625806,-0.4246677692570091,0.1904113953186333,0.2543769704948195,-0.4495502051823111,0.5102182979922378,0.3831983182111827,0.08792232231067042,-0.0077358722092404734,0.20608477201617936,-0.16358162184066669,-0.021751080408634764,0.3042035829915313,0.47017365579185805,0.3208009727301556,-0.22430272302842208,-0.15760009385122786,-0.2248173498527701,-0.1524075380092187,-0.19599161226443484,-0.19234489290722454,0.16819767233127708,0.2506865772921476,0.3723392584010829,0.40746273473333905,-0.4800620371431101,-0.39501748488339666,0.2579240479556017,0.035795373137845345,0.04922593805409532,-0.3860966629976462,-0.13004713669196286,0.2022461614607692,0.4329368182135046,0.49082607216026086,0.04451996962185851,-0.04566865999862381,0.46912735262231087,0.18197746688322863,-0.001851842727752101,0.37542820454365916,0.33892565328911006,0.4531375531759749,-0.2979086307190877,-0.07562656579165161,0.3669282238533401,-0.34473724947884743
HELP,-0.018675165391067006,0.14609571204789393,-0.18007314940161798,-0.391614997381467,-0.0996435978380937,1.8932869784306892,0.11184882421020818,-0.555721819527097,0.3704142674607428,-0.17605022906851167,-0.22904786514613415,-0.0812558973811843,0.0561642430047011,0.0836731464782419,0.05483296872734349,0.40496542417561965,-0.17188102937562977,0.19852954726330924,-0.25684402135297835,0.4318789775544858,0.1380062084321531,0.25049483263609973,0.07985164154557359,0.24836677619847697,-0.41015827164265634,0.2956732163923156,-0.45095513035344087,-0.3145704538182921,0.14944751042457466,0.2661270592966147,-0.4541410729769927,0.4651951866143013,0.5424144542201242,0.13631897752086947,-0.08565151378622946,0.22688248950237452,-0.09581698555979724,-0.11737699059445145,0.24869678502310857,0.5763020532530552,0.4679823364529354,-0.18901353283455133,-0.3536763176734011,-0.1433332489933627,-0.03666899260607065,-0.3125787934359082,-0.011844531119033441,0.13333161801025784,0.2308389598076344,0.2053190185890996,0.15320581464456184,-0.4203486688140888,-0.4313176337415859,0.27385655010198173,0.13535763892076566,-0.03256804775754736,-0.4951549378950321,-0.31268685920955996,0.11605070650375349,0.36457949213125396,0.4513844790863109,-0.027338380413327666,-0.02471422607419388,0.4679301870506264,0.23055581609044015,0.028321459287879394,0.3445416083992843,0.4079690515392636,0.2933319578550173,-0.3085348111952324,-0.03131387745234743,0.24970928455731886,-0.41125411116663263
HELP,-0.145874623568088,0.11916464739144968,-0.1562097641188681,-0.5208416984237276,-0.13455254617087675,1.91201290214757,0.19108877966342003,-0.42791864901423327,0.4509697526579137,-0.1842601119741127,-0.2105080511652132,-0.09188135359200131,-0.012349034253715335,0.006833444929407524,0.13247765864684727,0.19695154346548563,-0.408672163857509,0.26582705412060026,-0.31388315920834087,0.07325173968251242,0.2705249564413187,0.12611131243833834,0.007838446342261218,0.14892300905333972,-0.5232710669768659,0.26591046627853365,-0.5192593934265577,-0.2644047373938115,0.06498665344922418,0.19766221413255178,-0.498517148660965,0.5164568318444099,0.5907437506025855,0.20072968490424548,0.02063844250916988,0.26458137562940665,-0.2689176731108667,-0.02640109603177815,0.36144221054668635,0.30961445652275676,0.5116325895844143,-0.2932183287475419,-0.17185560718841203,-0.1317957820098848,-0.01415144948086628,-0.1368018614669817,-0.17501231482683866,0.2692649642240127,0.2659757115702198,0.2597127330774133,0.2624974603938208,-0.5423088176467546,-0.41408252961649006,0.3067840403637322,-0.030069366947574297,-0.03693346373991202,-0.5490069867718267,-0.14899550146144053,0.089293999713472,0.3320692064566094,0.5330106178821276,-0.08935254908383146,-0.012685353319166925,0.27154828478413545,0.1670700792406378,0.1763292055839105,0.46520909579312736,0.3526034989882193,0.36264412613307606,-0.12596666626650357,0.04579118700404967,0.41072094974933715,-0.3972941676345674
HELP,-0.09818346422037963,0.2511956710272467,-0.11520604315360065,-0.3550251236563387,-0.08448522390376362,1.8626114966660197,0.07963366014358683,-0.4078070775319296,0.33487359611155976,-0.3197220633487004,-0.16011714437431057,-0.24649863688556015,0.08825765594926308,0.068378780624825,-0.05563849540276378,0.33360082081732617,-0.27283360956141,0.3029945426588928,-0.3049889051112742,0.27828042084787746,0.06005709618852423,0.2528737136966636,0.0410342507540277,0.1129560503935674,-0.36360397686411366,0.38154373195342933,-0.5469017381412427,-0.4195728032942111,0.16785222408840267,0.2641647502680555,-0.46889267131859663,0.35208674282850844,0.4323761449514649,0.07039181061749467,-0.08643358723350358,0.10205384328908551,-0.08044158476073174,0.07091512791402191,0.31429059066985254,0.46656032888662696,0.3548900598340037,-0.25847731089428266,-0.2951122861731291,-0.23656223132811555,0.10154687911456312,-0.22105864198213165,-0.190448310266296,0.0596304377609957,0.34602783360611633,0.10339001173248222,0.25341373376431037,-0.3520697695756751,-0.4327473152814322,0.3047367210915184,0.20365053913612802,0.09784850999800021,-0.5040680326943895,-0.267252363378837,0.04751972016303223,0.4596568533119319,0.46294833458433976,0.09037262783275285,0.14251294702214728,0.29991276859478827,-0.03795562741335655,0.012721476632673704,0.3352631520978706,0.30312927108860205,0.49964027682806966,-0.2952041169027796,0.036375093847975846,0.3349644792954886,-0.32463396673787526
HELP,-0.130163448777234,-0.05756341067189061,-0.12071442878263475,-0.3921084068373297,-0.06920153806268431,1.8792623799424257,0.03550012691898034,-0.3764844943866727,0.39631192962979983,-0.24118856087115154,-0.11043343947776929,-0.27865303875418573,0.2192051978161547,0.04723080582362781,-0.15543188352678824,0.20320065116709576,-0.10670258253708573,0.25286011894803345,-0.44266060492047243,0.2694596265333157,0.09523631533894637,0.2225534616346235,0.043425382412668884,0.08249990006101621,-0.47666727784979457,0.41208251425792225,-0.5131603087762707,-0.43783114099474213,-0.01750558204646406,0.26757454449334117,-0.39901581809234943,0.3660411316919965,0.47401448049095735,0.22812076374012147,-0.09668135717662119,0.08525556355891376,-0.13523660161516493,-0.015567659007020626,0.3593490198691932,0.5078218442299263,0.4942071276246882,-0.4142141746265673,-0.3197387925297557,-0.016934195574937333,-0.012016494347684516,-0.13174429614426444,-0.03195566197042375,0.12200245813673763,0.3262604099013055,0.2930031617748932,0.3575468868193727,-0.4935765544339902,-0.4385014965319432,0.2423140355440871,0.03410396668995148,-0.015338597605821055,-0.5106630590874591,-0.26727116218272345,0.06285787037107164,0.31878050845106204,0.40386931904096124,0.032600483408231906,0.12141481688643035,0.29594688135874225,0.14443297012884454,0.09194741182735684,0.44541154431646907,0.3022246513996096,0.43460219371077785,-0.18678885316553565,0.1222618594360986,0.4492678668640494,-0.3855460259827308
HELP,-0.03234348403428175,0.22563601078932144,-0.20828122032597662,-0.4966085088394335,-0.1036285446022889,2.0024487186182194,0.1995148668313557,-0.43451342582493324,0.2643048570446491,-0.21143043511480777,-0.32969579790354464,-0.322103927590897,-0.023907488732739873,0.07079857406162146,0.1002967434975063,0.22064842481152652,-0.16655181629336382,0.3766961166826651,-0.4482347143480852,0.324234902805031,0.16288292250477715,0.22849290625415186,-0.05712531554504531,0.10156654944674613,-0.40896224109769413,0.4834864229161242,-0.375579958149037,-0.39187391174290986,-0.03048805438126606,0.10484607276086869,-0.318460479505708,0.3443582310714536,0.4475665757611037,0.21164706309391712,-0.14786866106148278,0.3607761330377544,-0.19193388398419473,-0.09862223111399265,0.3963629526424882,0.39784768272941534,0.4623346999636423,-0.28940252774718206,-0.42046233665676,-0.2199804968234049,-0.1672124917944629,-0.16948699648897084,-0.22075763084360797,0.08159592786699266,0.2771327014311228,0.21856150026517546,0.33445798971923557,-0.41339262352717726,-0.5449009062997484,0.2842311574386527,-0.23328148147601846,0.09792733789672221,-0.4714782702156103,-0.3233621799069668,0.16361185866919967,0.45299769628548153,0.3789019773734871,-0.0751656633842559,0.05867625373329455,0.22620109773728203,-0.0152059088954885,0.11465069846935756,0.4100583761459367,0.13957536394018677,0.2653131945789424,-0.26878608980710417,0.09336673272877173,0.21306241190326594,-0.35287516393317037
HELP,0.029686623365006715,0.26918100929624844,-0.13188611674387513,-0.4305909529777713,-0.2755662318536187,2.0984610234195458,0.08026187772617616,-0.4907219896031017,0.3645771226398559,-0.11019127752365067,-0.0795868231137887,-0.19287633686161162,0.15704896993424988,0.04814441732881693,-0.091609883218573,0.3356763571756903,-0.2332324670935521,0.4049069834421817,-0.22079501523987416,0.3317436901935859,0.3101280857506311,0.36179599220244557,-0.032466071909884944,0.10229800320755021,-0.5693445404210604,0.5311256974837877,-0.47962732722582996,-0.2604555415603633,0.017489279096477663,0.3624727067296543,-0.4797578429989796,0.32542728343293237,0.4569271343243986,0.06340811693078005,0.028947438213733544,0.23728337810434783,-0.12142645610864086,-0.030017283741717065,0.36294243713289687,0.4089705814098477,0.5906642198936671,-0.21953825845800498,-0.42623193653948016,-0.2439522151470122,-0.05093960501346974,-0.03820061270800612,-0.04349130698975007,0.04689952520220632,0.455994137379772,0.2330653690837988,0.41412995196514757,-0.56021627657659,-0.6441192579413157,0.17670844145916048,-0.2269478557710246,0.24710781994235298,-0.4302505062747096,-0.3186577203045716,0.1745642272838874,0.3743286130050894,0.46665806883052185,0.09718200792598321,0.02228054049619639,0.26266248658091196,0.10384661789710804,0.08104514776807463,0.4131429024106613,0.4641370561503419,0.37404675653236236,-0.3537415829496677,0.05782280085588485,0.2884771000402781,-0.3492108506012994
HELP,-0.14338151770132598,0.08613290762500647,-0.007116703929531981,-0.5035821490817836,-0.16881960116475087,2.024135122676387,0.042217738750930364,-0.47147975534086384,0.4311185030357455,-0.15605223674862181,-0.1585923956307866,-0.26268677779731797,0.12488292996484704,0.0073994374704422425,-0.05703869605796886,0.31379388609600983,-0.2274266203338079,0.3043208892541095,-0.3122319640829498,0.19696043896992907,0.2410975336787885,0.22803078104190277,-0.1773498518223737,0.18919522157985216,-0.4820408281738723,0.43931714156237744,-0.5600847534548147,-0.37977664761886604,0.10575167257631359,0.24375867898804152,-0.36271177511662883,0.2992910552415767,0.6057607957500889,0.14796174571077275,0.09002091241690824,0.31133418581840905,-0.17257145682919806,-0.1094714227677864,0.37106677231450524,0.5828204918705397,0.5379041385836956,-0.287119931444455,-0.49299530267941094,-0.21935067281509524,-0.08170511866186911,-0.2058143961712671,-0.08350406811442991,0.1907339584664926,0.3417496408619378,0.27121492947874637,0.1703619109253411,-0.49511157540006145,-0.2679390276373087,0.3193202994728276,0.0625043878001411,0.10689954894402894,-0.41418276998514375,-0.435335173315603,0.11919235953259225,0.356150463567101,0.5195030291216756,0.004233327404865393,-0.08624667818995768,0.36745676356273105,-0.02668137111206499,-0.08048432574919605,0.3383513140236272,0.33333305942904135,0.5097734255421,-0.24311854960463924,0.07493734454471843,0.38031575042039806,-0.3807459983840536
HELP,-0.020986406437150176,-0.07534974710599635,-0.14949686942827856,-0.5547291633117494,-0.011879271839836017,1.918708395162518,0.12877694183529229,-0.5364500468694027,0.466340084516054,-0.1809389010365804,-0.2116746763300323,-0.26795085939318497,0.015311048530907034,0.06257604978964904,-0.06414611819696237,0.2523283005268141,-0.3563352768863788,0.24306095705990372,-0.18093804438728156,0.31777965531667046,0.17715359841276224,0.34202643240129504,-0.2053228923768549,0.10177664349781611,-0.4522968071803337,0.4202192156897985,-0.3744002574540951,-0.42053902684711264,0.1566260542686403,0.20714627407095493,-0.3268172656018132,0.3381533982725552,0.46374272087540575,0.06673678777758621,0.06572588510209365,0.19957247495445601,-0.17503852999373506,0.03380934591815039,0.4597717054564909,0.5266116338393874,0.44395909819875834,-0.27101184625854635,-0.29550685941193666,-0.20028170885407678,-0.03872148952558911,-0.19760631903591133,-0.12425093058369825,-0.0007433567250089007,0.3159140998503501,0.2500471813790714,0.394573200162439,-0.46780275619203104,-0.5913380166029868,0.26070726554409535,0.017084428475158543,0.13757293819680821,-0.6130350233466946,-0.2413918374728143,0.1794483221489422,0.30626285928815455,0.42295363796675034,-0.04974342489690585,-0.012891601919433622,0.30037604305848553,-0.01923075865000623,0.07154799049222399,0.3462878876141235,0.2176999204920459,0.5505068197084573,-0.20489374427292337,-0.1245455821973793,0.2812906654051553,-0.3694551347950742
HELP,-0.05084045185565132,-0.001087138999394166,-0.06569869810687946,-0.40511720700743914,-0.06635934708014007,2.0390190988368366,0.1624842941795393,-0.3801578265889506,0.5096079551408053,-0.14302758420026845,-0.32355110363019507,-0.15225341692592595,0.02406080692927088,0.08502045750999886,0.029542835184466883,0.10685947851614815,-0.19320991756992384,0.3032850834588633,-0.3595815369009334,0.30779758446827005,0.22828192741036835,0.18076086440912603,-0.0004786447360792638,0.27767545896534274,-0.38234722678252453,0.36761706022332513,-0.5210991168836628,-0.2975764092173946,0.1032017044485914,0.3421106101528042,-0.4199981521894816,0.27546349411160015,0.3375979792944377,0.1648046341084897,-0.06437203243901571,0.2763363923685895,-0.16250403611260608,-0.020082739310407206,0.4084421239673434,0.3864242648379154,0.42580690093921136,-0.28431140765971175,-0.297311481393293,-0.22822741764741863,-0.07682434920343734,-0.11205871068746952,-0.13617047059731752,0.20253313904796744,0.38555407320009444,0.303953770352409,0.35718104988463284,-0.44166902002591624,-0.3830375135972383,0.2965318197763285,0.11184441000120778,0.12726913818529506,-0.4762003766480539,-0.17301812842050462,0.1456727053636832,0.35069132950169085,0.37888746434948356,0.013701003665047498,0.12519124197123632,0.4041648315164339,0.06589610454407117,0.06483001679532019,0.5068197810827584,0.2779354177622112,0.31983892607887804,-0.17766255704456038,-0.018006773507100754,0.2872450787258456,-0.5325479929596552
HELP,-0.031038212981027075,-0.011563919704620396,-0.21840464214800417,-0.42407621698076453,-0.04715777745069741,1.878344487722408,0.11556882861447344,-0.4858518590415907,0.3411218703701313,-0.2098279298462526,-0.2963622412209892,-0.2224462344337327,-0.039974298403447905,0.13532458661846763,0.032219082076566985,0.2809692932596032,-0.08022824269569202,0.21604749152877378,-0.3533498802636428,0.1310340396704324,0.4150439380584618,0.1712414843221964,0.06465162912045294,0.067948641134028,-0.34049187938910186,0.5001583871813405,-0.4492752264345925,-0.4321290098556706,0.06568599642159344,0.06127053346011341,-0.4267793717354939,0.4864421852673595,0.47074703725081746,0.08321900863259364,0.023448904665799193,0.2897169600357139,-0.30443509267320923,0.0003702710874095303,0.6110298367527408,0.34885412558969164,0.4202356094245397,-0.08221224327202362,-0.17919694725974256,-0.24340722853277066,-0.04219805724173148,-0.1860015216068223,-0.18563294860667542,0.11469678352131293,0.24012838646945356,0.244578113314057,0.2545529126238693,-0.5699450528041707,-0.4555686721926336,0.42659241814293175,0.0396550564256556,0.05161317144759668,-0.38708627538254303,-0.2573517678363594,0.28779693888220653,0.35886888936706984,0.4730231622340556,-0.059948854756380114,0.08572137300513061,0.3550571092244912,0.03310411077461799,-0.023282095356260253,0.35404162450876375,0.3125209341742523,0.4593876551370124,-0.2919259689223767,0.047356920985020104,0.3394389543427364,-0.38097009054046005
HELP,-0.09277645584834879,0.11959009660902198,0.05745929901272889,-0.44620441663737526,-0.053287720968883734,1.9655227080061146,0.10527574891010111,-0.31252515986576496,0.3617005117609186,-0.14672078674308103,-0.2829670667625885,-0.27970683275120245,0.10643393278485289,-0.04368537505419191,0.034264972624210466,0.12200417102532168,-0.20898291110286926,0.16752614585045178,-0.09874496086918252,0.15030402430770412,0.1645952044819952,0.27467265149398756,0.064464269814222,0.2351089024547157,-0.44558122449826065,0.4596382327563274,-0.3713814792481794,-0.3342745207156644,0.0960361691153637,0.2150976436474617,-0.4965205977203896,0.5197368921606171,0.5785842882888211,0.035221441725317326,-0.031059357834858792,0.22992111496303538,-0.17425511997201937,-0.0015919756078870131,0.4918999437460957,0.39587804056259407,0.3593613567301722,-0.1386223536647218,-0.30454253913374046,-0.303378322356851,-0.0974992829795294,-0.21223680602755648,-0.0013901860428808394,0.1946230491108985,0.3543273264245553,0.3011560896556599,0.3901230608083771,-0.5228621669110233,-0.46815438274952265,0.21018973564674542,0.016239779881669216,0.1328690730368996,-0.4366464770006432,-0.1397677333119055,0.047041041507300194,0.39920095816653534,0.3171191730318571,0.0079536133689731,0.10470090654271592,0.31588942572305334,0.0817147290743111,-0.059920061249317355,0.27198883950524305,0.3344950908549043,0.5485933450873531,-0.36143654043243756,0.12215102106390034,0.34594600129867087,-0.49570749426833716
HELP,-0.1672612813423438,0.11941507212840932,-0.19074092056659353,-0.5761681986826284,-0.24043462014139957,1.8627432733457463,0.1418058154403553,-0.41655635713734945,0.34489457679501967,-0.21497417511516653,-0.17302836932825755,-0.17137891038494735,0.06749754241479099,0.11893385396683172,-0.08537426955442187,0.1995433003481989,-0.19954930351307046,0.1831082608970035,-0.35826825460414946,0.11662401460538502,0.3167843490633191,0.10821520647268146,0.10844252764096493,0.1700482931384241,-0.3750138228680659,0.31244713318129275,-0.42781839115542003,-0.29921931892942766,0.1299539016487709,0.30139332666264007,-0.45321505245688065,0.3823360403230114,0.3460735427792903,0.147807693901866,0.06783375228271196,0.3706735066731841,-0.14722883690635397,-0.06805394772757908,0.2803833353512449,0.5389887638882016,0.2833669907089822,-0.2648002592556612,-0.2854755060187283,-0.2078919050987673,-0.05582467960867257,-0.1747807826986304,-0.31901626522722437,0.12180942491036967,0.0841596311650257,0.2941356441151966,0.270013554614863,-0.6403785348024659,-0.517402584512074,0.24377693355385704,0.12833479172903225,0.09387169310213991,-0.4198575442375765,-0.15018846809108102,0.13066276185151857,0.4195169269932684,0.4716922862959619,-0.10249806365047127,0.16331291894858396,0.21942548866333533,0.11101393270558248,-0.10450731741513325,0.45318298081308755,0.4388859113078939,0.39203423383727765,-0.3022613966470979,0.07321068660070465,0.3161204121163545,-0.24338987623346534
HELP,-0.061365477277475135,0.09253872960189925,-0.20160677976431987,-0.5457710381558109,-0.15513187658396635,1.9024269480871792,0.08728996889397946,-0.4686983188600667,0.5529009118232211,-0.31353275677764436,-0.24449989990557858,-0.15550735043880942,0.12761087577265606,0.03999952737137886,-0.02784245112490304,0.25366066281178756,-0.16214053666678496,0.26134781479103003,-0.44962860735935534,0.24518689129034948,0.07208609215368621,0.12983554554228036,-0.01578874379138327,0.195700424200594,-0.2777667333371501,0.30855860673706215,-0.3824827156903419,-0.3267816881734756,0.1804695221484195,0.2855097530243416,-0.5044269498366518,0.28292113177902134,0.498508584774099,0.06367409317567978,-0.09718164429921124,0.1399887559171035,-0.15876460786582214,0.11388105005017565,0.38345723915791796,0.5028770501275593,0.4188878080337776,-0.34070250016443127,-0.20874605230240323,-0.28991085759287544,-0.05695875716405461,-0.21315422040846083,-0.05434100949568668,0.03598487272310459,0.2937952697181327,0.16837440568002093,0.2735351500928492,-0.7586316149878061,-0.2848983245918112,0.3334275153147279,-0.028308976550421278,-0.011831781304519215,-0.4870650400159702,-0.187335836043173,-0.01301248916131631,0.3478551365671291,0.5586347469784164,-0.09029621104234262,0.051905035839290015,0.5093144162896115,0.08819673112261645,0.026932431176153782,0.4456149541536739,0.2578634942551039,0.5130430291855698,-0.31369934705086316,-0.13235904204352145,0.31116788027812115,-0.4661909349230273
HELP,-0.09923637820996513,0.09742556553310684,-0.06259008154827263,-0.4155117424088184,-0.08385023863733544,1.9302451866732593,0.04159245406522631,-0.5905383159423526,0.39404641430644854,-0.16755385437259246,-0.2648972175768397,-0.2456973770426152,0.11436240934309444,0.038021517384028855,0.12627328998079865,0.3161551308780898,-0.10670162410317464,0.3426832507092234,-0.4278917147775174,0.33566028524121727,0.19391618186200885,0.23172228781887955,0.02096215607230418,0.20322253970870996,-0.20413363587657501,0.34545626345321373,-0.3695457760460076,-0.3889376749496228,0.14004103520825006,0.31455704667528794,-0.3945943494829187,0.5543045695124398,0.4028655658918652,0.06697249767425326,-0.001766137741284285,0.3118595205584875,-0.15728828596919991,0.09612515702595173,0.36321583713709577,0.36440914608244923,0.4517193829741054,-0.24372635512525556,-0.224101862154579,-0.20452767734000604,-0.08589047086141635,-0.1918275929459343,-0.12347929267748724,0.0962384481328931,0.24627511338810165,0.2032707313089642,0.38295677666870453,-0.4522939164241339,-0.27172601254774265,0.3022393247909063,-0.010989775301661057,0.29179470375116545,-0.4143230295684761,-0.16547621587730377,0.18572254354167705,0.40902277245449603,0.4598357212896005,-0.08774726934700351,0.07487655654311057,0.22706072676097178,0.02367557383435189,-0.04119087098774561,0.4336816526288516,0.31666282084293884,0.4475641976225095,-0.2587692193989192,-0.02417054068755519,0.32159184944522357,-0.3152204796325323
HELP,0.008687676949381204,0.02640964236943337,-0.28085814813367693,-0.5292863111983462,-0.02129487108078712,2.0276715419945095,0.05232414434177214,-0.39145954863019133,0.531748120046233,-0.19790023247925845,-0.14251024409862506,-0.12301090561303131,0.004386339627724584,0.029489579554210367,-0.005805887113770442,0.22586753455433423,-0.1101559523899553,0.3147593025544638,-0.5595743971236501,0.1775935672295912,-0.011180367947800612,0.19723752880001322,0.0007924090846808604,0.1896595293697222,-0.4969172148577119,0.4054826374589664,-0.3871517667948717,-0.45167041550491516,-0.04049334761867346,0.23940092055853648,-0.2804058537646778,0.5567442334982112,0.5186799976365428,0.047550439281304924,0.05219086813592336,0.20520103109502638,-0.2330432106066994,-0.17825291242465308,0.42434160268221355,0.40526603731054356,0.4347835464134654,-0.42150054873512477,-0.2539448259765416,-0.396825187188416,0.028346332649944378,-0.14408128847722967,-0.14808038597490905,0.16565454092732587,0.1842797360808917,0.2413482395171084,0.37800549015597884,-0.715358736711909,-0.48804415909544585,0.2875714302777194,0.01737533290497056,0.19470881986031272,-0.5373252297794537,-0.2943789383043474,-0.01491521721919814,0.48000482221252777,0.3972801857726985,-0.034653215207854846,0.04127561815334049,0.3839484973434168,0.0654136730286446,0.22868926262188438,0.44139890883325567,0.2527130867223536,0.36416398735937877,-0.31317366141219094,-0.09577146731503032,0.34566126519268486,-0.3261747240361777
HELP,-0.12580994528402967,0.05356188575682838,-0.037108325829126515,-0.5852538130716625,-0.27033694776155126,1.8382486640880762,0.0030664774039221437,-0.38514621180073183,0.35613725335906005,-0.24870011426039235,-0.1639957727592907,-0.2582158201127013,0.1392093890656087,0.16559391737023288,-0.04503924521821113,0.2764986919571321,-0.20280770166735942,0.35599237187969424,-0.45039745662750275,0.15097980946698156,0.13250868805767957,0.11209432482280483,-0.059783331627130856,0.1494394060850935,-0.36260187089364243,0.3189382707640925,-0.5103616713622009,-0.37937956026921443,0.015258086112706896,0.16469101529167435,-0.552789780739904,0.4263230634200061,0.4281111922729343,0.18325247214648477,-0.13454823198787869,0.1980282878759194,-0.02661007002009466,-0.08190432726272151,0.3972283666467114,0.3583879066155041,0.31919491502870656,-0.11376705438914557,-0.25384780037226484,-0.19164118701167587,-0.19439418642083756,-0.15713327615937217,-0.03319344858143597,0.21259511698704192,0.31599233546246874,0.1451993520602847,0.3394734404545913,-0.41440879994646923,-0.5958216971283561,0.19968059337008656,0.10413140806410721,0.14822433589587458,-0.5712997824753343,-0.1810844820871953,0.14597857681776716,0.42166260647924825,0.36622169130668725,0.05203417555355388,0.11298053469704758,0.30494283623253393,0.03904480444121751,-0.03502320482305491,0.5372151536558241,0.2803109659098188,0.33531058034711997,-0.3390190183288262,0.03451713474672577,0.4027386223356149,-0.4957183201449328
HELP,0.07107194300122513,0.14284631378400664,-0.12106745969511222,-0.47891032404784417,-0.10337076025527712,1.9186181685456747,0.2077247722967427,-0.416678583925368,0.4463576308744427,-0.2658329525266909,-0.2405792646522873,-0.2672226587588329,0.1745244947299204,-0.022011685823552646,-0.03458460091802437,0.19234003051624743,-0.21177837967894247,0.3398641831278661,-0.35001094280033235,0.3941347515202951,0.09833209835986938,0.19675850714300305,-0.08050948201774802,0.20067935528338204,-0.4214789315986842,0.339146153473489,-0.3493747691920721,-0.4036058398129108,0.12371092110667634,0.17789466244270813,-0.41473361964091665,0.32511878786444415,0.4206062770961594,0.09937872936188183,0.12641538876268277,0.24945928191653163,-0.03926918240345806,0.010890297440379896,0.3851842872564062,0.578803947049589,0.46203052581705856,-0.2889696605467769,-0.2298852430312128,-0.22574307406329455,-0.21781162330524345,-0.11095473446678701,-0.03819247980958772,0.26767231452014156,0.2962971724695969,0.2156603243413144,0.38122272126943885,-0.3998299675590853,-0.3212037156703302,0.285812750843314,0.019832504519224328,0.020897120181438106,-0.4044161728476068,-0.36854713228719593,0.2004412947144829,0.4062086998599393,0.4637890133780723,0.011477514755228953,0.1681124925406844,0.40280910830313993,-0.010941574562701346,-0.030275798438494372,0.33471013268778277,0.33403538767792706,0.329061412662098,-0.19508157373217802,0.13021335132300016,0.27215082707732186,-0.4036960553003194
HELP,-0.07541117872517769,0.1888709430971307,-0.02963646748387505,-0.6059745519714554,-0.1303659350455018,1.909199483935039,0.014247506382942046,-0.4548530984734233,0.4192151289430748,-0.2534194628856497,-0.37980020040586565,0.027017584621113894,0.09849646534229187,0.05362362384251061,-0.09642035442248198,0.23839335647032905,-0.19659937138836056,0.13098264855519862,-0.4102987568225542,0.34621487049092486,0.31933151725031816,0.21258154195103007,0.06980005939072936,0.1545411079942079,-0.4271266462949908,0.4388294392589245,-0.31143058337799645,-0.2471707546512528,-0.008519337533549207,0.23405474423147185,-0.40154646089564294,0.3999905770417175,0.5046362522739463,0.17159631794122682,0.06146823553324779,0.3762645844574716,-0.19799793605078136,-0.11585821908203867,0.4448097943355575,0.6063603077363178,0.3889110472548603,-0.18260417487106229,-0.21187129638542518,-0.18702013028311704,-0.058134909928042634,-0.2597069236657478,-0.3083201700545882,0.031688895587637225,0.23130134516503995,0.3233520132617336,0.3061733220910419,-0.5093376542980497,-0.5235450456775184,0.34192742696938777,0.1417473956390803,0.16321553151151708,-0.39892116380494536,-0.3627352185393643,0.11022036545797602,0.5149662284218501,0.5067394365346205,-0.12258076162369629,0.041026990882255907,0.362097505681874,-0.02334807629474296,-0.16787779617539053,0.41298996136226823,0.22691206044624496,0.3463651872345198,-0.31012737401330687,0.013681413482971775,0.34174550506570306,-0.45957136444665114
HELP,-0.09435761960489698,-0.022441579372663084,-0.13350081230321897,-0.6996371936092618,-0.12807068407805675,2.004015711874023,0.04155383979187974,-0.3587298806365064,0.4774522303646973,-0.4957571468582762,-0.268339539203332,-0.4329709054299412,0.06774556048028176,0.04411439655547047,-0.20718976424998536,0.3715239324790163,-0.160581004054271,0.21414264700586827,-0.20744796742151939,0.13897173142562394,0.06547642256881746,-0.0007481323460054035,0.12563701285040668,0.193589242398625,-0.367450810252663,0.3756312157628453,-0.3985513456207872,-0.34501227301682336,0.09846341591383162,0.24801973035452757,-0.4724357800992888,0.41703483290514626,0.4954952146616328,0.1147941025718815,-0.1369783132434288,0.13379603879107696,-0.08501533295948328,-0.03129508956556569,0.46292905457727657,0.36828583246374186,0.30921744591946265,-0.3050396620386969,-0.28533616544494966,-0.25554671801343876,0.04482579423691732,-0.1714707230850395,0.02212788522400666,0.15298960444647292,0.069521611660391,0.3200415267846014,0.1936594372815556,-0.4493729034076907,-0.5142409349343515,0.4607998434457643,0.14824665651904273,0.01879502242597965,-0.4576017532353119,-0.22511835325679172,0.20742743061040658,0.3615140430966772,0.3349918052309332,-0.05698519530092252,0.04511568902805431,0.4318061893701662,0.07185162959023815,-0.045014668591883904,0.4569538599777369,0.2589739339456273,0.48030516677624185,-0.07959211175255776,-0.004330623020127246,0.4066005413714676,-0.44848363909590944
HELP,-0.0857219586094746,0.12051727320932541,-0.17387863033621567,-0.27409406543996734,-0.12943892361763776,1.9774289426826563,-0.02810585477200872,-0.38148457185952955,0.4763579807832057,-0.27333293806480924,-0.4570482782005056,-0.20600117272586518,0.0785769441567997,0.10261409749352095,0.15228599745595645,0.1871325714646025,-0.2519653185578634,0.18871109746271564,-0.3088320322588729,0.3209691297824894,0.12015767370127607,0.24550292920564964,0.01878412327279403,0.17046006785245593,-0.49239613110007263,0.3130019718105894,-0.6388331903269576,-0.33239552499265984,0.07889701159703114,0.2544897747438504,-0.3834029144085817,0.45163053303689765,0.4647769943490158,0.10984361646073124,-0.131101857958857,0.19469732062459563,-0.16760496337811767,-0.06560385196788239,0.48496309048420505,0.4029648587651311,0.44437354895105036,-0.22822668049093298,-0.20782875229440384,-0.13027220014842156,-0.003166278734104633,-0.3543130833186871,-0.0302553524198919,0.24282161005632735,0.22395573434825833,0.254489951281745,0.24315703266868943,-0.6236858773231699,-0.5113634315646348,0.2461718375315405,0.004690763816486643,0.001427546561641263,-0.506087153131002,-0.24556670455900173,0.07673614623666636,0.40266383671467837,0.4715162492931977,0.1908505155282409,0.13552862730807458,0.35249787573526403,-0.011996542986059663,0.040358313671237274,0.43121171455426216,0.24886767393542722,0.47177103810152476,-0.39360078639339624,0.004823499812355872,0.3869408053387505,-0.41185890434025885
HELP,-0.09328120950851249,0.10712942136417487,-0.22523203678768489,-0.3772230860160326,-0.18635449139719237,1.9559335657726578,0.15939292663645574,-0.4919340490258157,0.39084195374548536,-0.30389572447806135,-0.14494710891279694,-0.29401166617777624,0.024890468587400294,-0.05324990723446983,-0.11720214352652243,0.3448340867832105,-0.14004029475203605,0.29328799562847463,-0.3772044786891546,0.35522973396075075,0.0978723101008866,0.24669945309399471,-0.08824750500119093,0.11544091653081096,-0.3595403625511089,0.4206573045818286,-0.3966549318006131,-0.4352324193890461,0.041051559239410014,0.2519633547525726,-0.49169091260655384,0.5304418349326633,0.2814518932846549,0.0436510117781788,-0.05952186485274999,0.013879479098008296,-0.28334097809168984,0.04328759510847193,0.4185737177386384,0.5815063070049658,0.5506872317219705,-0.20290822274784412,-0.24247189986317966,-0.1970610053843737,-0.271095449041899,-0.29739734827412245,-0.1177331640130273,0.16991900882057326,0.28569926206502716,0.1641610008506644,0.3894160696767116,-0.3492200744842269,-0.37722704229793674,0.368550907055867,-0.011659241511784983,0.16421540357818426,-0.4357524486394103,-0.2037617565469687,0.16758885231145446,0.34946292167544324,0.3481831991716184,-0.006151437249241989,0.12441516213682344,0.2977315666439581,0.10909238175600632,0.07582417918673112,0.3811690459993673,0.4010367293454462,0.38062879266603805,-0.16098919620983565,0.059105645178634515,0.3412028551170769,-0.45987628295990335
GOOD,0.3135538028815842,0.522027132444064,-0.575232436780483,-0.052009643168051206,-0.06512197970700706,-0.4235511337142262,1.8089421857929335,-0.26512847192132116,-0.25465811877715056,0.16126119216473953,0.09213481582026654,0.2057787568113335,0.5955861793326283,-0.4430359402941746,0.07980560613505819,-0.2660385870000847,-0.20237468856665625,-0.45714629101277926,-0.36368116638934367,-0.2409368342166393,-0.007719596324946426,0.3992671627591691,0.3109621369776827,0.5464803947652976,0.23995240876196205,-0.35503976132588916,-0.31294277984574187,-0.04224241946279253,-0.1270159967236505,0.18306905421592495,0.02014412273090191,-0.13942757246121826,-0.2820169323927089,-0.5933624415039774,-0.24297880589845208,-0.3100233110766394,0.34490519930208335,-0.3932132930433276,0.2240152622682237,-0.01148584857815127,-0.3800679951011591,0.45314452975420294,-0.05978516590650379,-0.1917012324283563,0.3297796756541882,-0.4605745635553813,-0.18809987289312877,0.1718587590114208,0.3786269849763896,-0.12227544805286837,-0.39163808925233484,0.2835151229779555,-0.20068047111296164,-0.33295683293031625,-0.08252317972083882,0.49772845107672636,-0.4888026482110507,0.2517602545404078,0.06247024519307698,-0.09168497171782856,0.28651714730018313,0.41601058625628207,-0.1893283012725917,-0.4040283718171792,0.41059962857391746,0.06442558894079894,0.023719139925545946,0.17932522762210593,0.3028836254037312,0.2866650402106441,0.41700269304132154,-0.19813599963639844,-0.31496842272398706
GOOD,0.461078180336082,0.3625766216243106,-0.5619240249467016,-0.30872876663944765,-0.005886959823827434,-0.2578172275616747,1.6072847625470716,-0.30332299166901655,-0.12232928826372291,0.1165878002733848,0.08126800916276969,0.21099087722059862,0.32385929939443014,-0.3990246214512819,0.31900526856007694,-0.29729222417731993,-0.1692735528145507,-0.41688063326115304,-0.3434204804645304,-0.18045720843160343,-0.11984424512898223,0.3442500437355024,0.19381134273419823,0.5303845836957587,0.021760449588738157,-0.1290937938309363,-0.0739954353917834,-0.271693371797916,-0.05544090070184168,0.18513967549590243,0.14159092867987944,-0.10390166874107937,-0.3650850213055543,-0.5003778910618017,-0.47713268544362203,-0.3183603587647905,0.2288769839821423,-0.31071612596672504,0.3581448860801207,-0.16054587218575828,-0.47755101993175303,0.3933535351227575,0.0422268464059896,-0.15885881192461196,0.33938544419291194,-0.3396848240269377,-0.3226393463326982,0.278466774952663,0.2879585320062029,-0.1698080663449385,-0.3523223223842017,0.24159922861665073,-0.21887851886967324,-0.29922757250620496,-0.045179657386509406,0.4878899636246188,-0.4974333299312018,0.20472623819966435,0.14770975420864468,-0.15818724407857593,0.1643429712937282,0.50648653893684,-0.16328807447345894,-0.3434183220476411,0.28361421482999005,0.22374787260939902,-0.10942184115382829,0.1629202609794108,0.21524161804891834,0.36454754433684805,0.38646944309222386,-0.12825579651131747,-0.3599942595023259
GOOD,0.3482711774231128,0.3912202412439802,-0.44515048301698995,-0.14737066803118617,0.042851798770259464,-0.32544186241471956,1.7354167424792606,-0.22645726416032058,-0.13487907246401465,0.08942801743320336,-0.059681169071295864,0.06817908276231319,0.3862689127983784,-0.5186788343549786,0.2376478087360489,-0.17273342738362904,-0.160791182368915,-0.5394280232922484,-0.28864123723619056,-0.21629367986943696,-0.13747441382885264,0.45903587769608256,0.1851667434308468,0.4170902585091347,0.058560661175520334,-0.3825708457445094,-0.1334108351928196,-0.13209456361015232,-0.16713056982116992,0.28173831203197164,0.009913102586576742,-0.0651686295372477,-0.31204347731830806,-0.5417897910227051,-0.18877599864584593,-0.3822745807776644,0.3634137597660131,-0.49157671664723934,0.23300850940888174,-0.1511887878500552,-0.4947377366442405,0.42548989727039344,0.09525430271316154,-0.3823959960624018,0.35489659671469076,-0.37961753217684363,-0.3664106485921723,0.1756480995287758,0.1976143654746978,-0.1731836828819304,-0.4962369107287242,0.3893357822987919,-0.18351338784118099,-0.29177171568298993,-0.1763176813614076,0.411500396326501,-0.4765086746523494,0.29703198794256386,0.02016895915521101,-0.10422652359655268,0.2867287329078399,0.5814818734130185,-0.37675963480025954,-0.3153008586159212,0.5104763832656157,0.22452947509466736,0.030188982388392044,0.02977783002867647,0.3445556563364206,0.2150749252463273,0.42430443724808903,-0.11334847092198203,-0.24356470464164154
GOOD,0.26333018035849964,0.21929341562474933,-0.35904337219182675,-0.3402215980879659,-0.03664458603964368,-0.4316580365454567,1.6621139702688013,-0.26074379767021105,-0.140397586141142,0.15310940367492926,0.07366168206433692,0.21539708222730197,0.5596060980600159,-0.4690088311964471,0.11438446471679975,-0.28070929607027745,-0.08526120002419221,-0.5358083233413834,-0.3861810535421616,-0.07104153056265261,-0.1895655248670657,0.24467567446760916,0.10234639710118965,0.6391130174143562,0.2151175664007866,-0.29316642552667804,-0.10749746613867985,-0.15933058816634524,-0.07186524185399676,0.08726639019217156,-0.05262959457708509,-0.009026319847518907,-0.47036967021132403,-0.47227661339091587,-0.2847415476716502,-0.32978767047112467,0.2966352887540803,-0.3980652171046937,0.19378505906275204,-0.19392579771270024,-0.4399094312975922,0.40593800247680106,0.05675591865793529,-0.15173767280248807,0.4531615139380164,-0.41661533440566734,-0.3111262500563153,0.2017742026888871,0.3439050003838863,-0.14724157686199046,-0.4491255563479992,0.4940072737346036,-0.1359793232134438,-0.41792636793719284,-0.018059973486230375,0.46839578916369096,-0.33584802585206586,0.4547081698539163,0.0745186534422762,-0.02525137867229961,0.19515399847733236,0.39483252773036737,-0.4056596797343176,-0.32515276392997194,0.5140424077208688,0.23102356498380322,-0.055043091594049375,0.17114842930322413,0.4816750849047068,0.20649651556011983,0.2260075557924663,-0.04576526310470942,-0.11998825855962549
GOOD,0.27725164281677683,0.4436585401301061,-0.4801546005688526,-0.16935408903773028,-0.13020157680643524,-0.406178891813516,1.6416278315964914,-0.2620872906027494,-0.2033060637579777,0.18486055185717182,-0.015549968174075121,0.14415971027794983,0.46729456128804875,-0.3644929150145094,0.2945782502923805,-0.1501089146963266,-0.16708149912504466,-0.4387511278432091,-0.5414773301449968,-0.11212404130943232,-0.07023009159580787,0.18584807699140524,0.21467585974091868,0.4004153441485069,0.07172908034152178,-0.3014806332598233,-0.1758350877444166,-0.10117841977797873,-0.19860501912860729,0.09396865838622875,0.014996887590170194,-0.1348354976872919,-0.35783778140233896,-0.5280989756895835,-0.25215508301114536,-0.2890544505896516,0.1839255861236335,-0.35144479258351935,0.3010066101290175,-0.14905774998971555,-0.32644555781185775,0.30788389421146933,-0.010447642841176122,-0.3659632127603659,0.45746591908925927,-0.39931305616169077,-0.17303717072007604,0.305704393600723,0.20142013808752687,-0.1721436323350597,-0.43220812431868716,0.3314722219581463,-0.23025139153906318,-0.442127882602336,-0.043309891541768716,0.40865519830632824,-0.6729459821383529,0.2246148152023755,0.14611912437737443,0.03290742865553553,0.20188488765482554,0.4206245025821788,-0.32839232785451,-0.4010238699240645,0.5042936641705966,0.29928972696189615,-0.19709212508514004,0.008342354214412456,0.09653607990357954,0.2707411367060506,0.3808248138704999,-0.04444357039456591,-0.15353161632137022
GOOD,0.44521944379906564,0.24536351722181965,-0.4552422213665074,-0.33195909012708924,0.08226982833127416,-0.35610938113004165,1.620681249307053,-0.35902924424902055,-0.1367297113394476,0.2219405146628585,0.08611410818757562,0.24360381708247658,0.43450133526604506,-0.3286477626102074,0.26217856957601393,-0.2601535718236618,-0.02075347842227808,-0.5159571805448266,-0.3660144678965387,-0.34286059481007625,-0.04682473833777549,0.360249887761319,0.3534580188429367,0.41968770925614873,0.12324943391586801,-0.25390675154561226,-0.2205045018290727,-0.14179537381380858,-0.07134973196358815,0.31614742909880583,0.0902257730044103,-0.21137845931184102,-0.46335654411185956,-0.3867459713796182,-0.36094864330014015,-0.3432521889077943,0.296160254526686,-0.28200593372465577,0.2650243706462512,-0.11678759281682072,-0.2617219727793778,0.3785898495685872,0.12400914759574894,-0.31884697291387176,0.30294972763928596,-0.4754991341284807,-0.4180863741147802,0.22628876859992667,0.27345421585398155,-0.13218511934999644,-0.46533546610927495,0.5929560621959926,-0.08443511776596604,-0.3066841389972956,0.10737569633684582,0.36386775385835557,-0.4361401646098403,0.23695874948769938,-0.02446892559768954,-0.031940392698018,0.24360826471941596,0.4712870865167234,-0.2729646074468404,-0.42820073131185976,0.5399487818008851,0.1888521358355873,-0.08337125413271898,-0.03147725793845123,0.3578843477957364,0.3464173569358528,0.42001493275322177,-0.1758875737109247,-0.07387458958224533
GOOD,0.37185525120494284,0.3233177614639687,-0.4571158605755797,-0.16629064509700822,-0.07017062629627263,-0.5987139523555532,1.7499683930383487,-0.24168144732439534,-0.22464434700672417,0.28812487365117456,0.05207901454921732,0.27607305512397456,0.3800808345682509,-0.3611438387201563,0.23796211026947292,-0.27620969035561,-0.014216100844846924,-0.4959957188644127,-0.38582285608681866,-0.23353242356747644,-0.19411313435736793,0.38758598039971437,0.22692414808603803,0.4537000133341292,0.17299934561253877,-0.13807043860114626,-0.27489314266872295,-0.061807162030451654,-0.11954843837746057,0.10151788506341708,0.004417217277601568,-0.09185679633635205,-0.48331158279706377,-0.4848003928374806,-0.2391216679971006,-0.4520782888156853,0.16705660341070147,-0.3716105580751225,0.40088827162658347,-0.17139987107388172,-0.4815852155326487,0.2966905482030676,0.2052087733758995,-0.3964308539678485,0.45626710483431643,-0.4924163419555557,-0.3289563925108411,0.17123359023656168,0.18946023763379624,-0.289232207335942,-0.4813606515020063,0.16083855275990272,-0.3250153536882554,-0.2773487465440148,0.11703996267500452,0.6686135294272095,-0.3824891295507605,0.22462829512558874,-0.08621728989300168,-0.031369569022250715,0.12787840840007758,0.40125022834463203,-0.19991159787639812,-0.33281623333351174,0.33855654995120693,0.03244112461958781,-0.04503449940234233,0.10011529683666245,0.3659228400648444,0.07366224259365065,0.42935161052286513,0.00018425055357247644,-0.2402087640503039
GOOD,0.2733057136121183,0.3030554809948671,-0.45019281790869536,-0.235261575342315,-0.032368972778053846,-0.22538697153492462,1.6980522003195937,-0.21790993456761404,-0.1626125802689459,0.19039498764179247,-0.027278979962658323,0.267757341750267,0.5043071752769357,-0.332108451804784,0.2098272639243169,-0.5361187255194562,-0.03788020681643597,-0.6247603634890333,-0.41264343864467007,-0.3715220603848074,-0.022129938226637363,0.43296949338238516,0.2157479666673364,0.5856952937450558,0.14163381722462892,-0.24831900727331668,-0.14073342342580464,-0.2107289956964104,-0.27268042720618935,0.24983550711305252,0.02513037050273251,-0.2553055975224773,-0.31032008065020966,-0.4745922993527486,-0.1451797513761183,-0.3710460105170212,0.1909605288018581,-0.5307142314818494,0.3253718042760636,-0.11943123557210564,-0.49588595126357465,0.25515683589753996,0.18349809792504174,-0.22649375919612824,0.4824553783632516,-0.4351245097530987,-0.36511017977518745,0.3949730977241598,0.17809395223156177,-0.14637542860163583,-0.35123790831590784,0.3585793714181497,-0.27536020644826226,-0.35853930851549637,0.07023647381029118,0.4529328049025995,-0.35240035281537635,0.35694762598875557,-0.003764454056347677,0.040940434566184375,0.16198633946798308,0.5134080009677608,-0.07707657820036432,-0.3313538350720961,0.2705792068294824,0.14288126802643378,0.11197303812702047,0.0566918253413522,0.3517734278552768,0.1965020081371015,0.3914399930391209,-0.09041352932266616,-0.05051595627869884
GOOD,0.37656330943091526,0.22620325521738038,-0.2626274532130858,-0.1781041494405974,-0.004306876502398867,-0.4562838213532392,1.7506194752626545,-0.31396026741632116,-0.23066097664291613,0.21671712045150618,-0.15442066877164154,0.16070672729947164,0.558164225436045,-0.4415200566157992,0.17009907887337988,-0.2624558217296996,-0.11527905376799642,-0.4118663039038694,-0.35001437058685186,-0.3007542407314006,-0.2168041200432433,0.3321421343470498,0.2047402425066347,0.4811411094735011,0.12357452238695225,-0.4477214091433721,-0.0903402186683388,-0.1874334911766249,-0.26313752128881296,0.24914980529828118,-0.137638538405978,-0.24063376295321287,-0.18057776227848918,-0.4661563590946371,-0.34014505604238926,-0.3838487288902711,0.2709194745167904,-0.3846400033624518,0.26335899627279913,-0.13018330214061347,-0.39824633137307547,0.3000880910246833,0.013961188843829755,-0.35272396337336387,0.5002072696421299,-0.402949084001467,-0.2152154086210829,0.25234824008652135,0.22743160758694417,-0.22499745805260044,-0.345375866151017,0.3304903895379393,-0.26502487531013313,-0.2625843952944378,0.003890951417491073,0.43022071880439455,-0.399563361347933,0.21947416466004385,0.05495944606574795,-0.09938376650898119,0.3470237243013008,0.46696998506541065,-0.2582836134778997,-0.44886785681839364,0.47134531244779293,0.2032016689334345,-0.128833047648038,0.2270990466505624,0.272589458976929,0.22314306745726586,0.41966599916511266,-0.10264304384890839,-0.08307891709612482
GOOD,0.4756929595230001,0.413361436713355,-0.31583836832159673,-0.279359989310407,0.005391810398397319,-0.28395515019882084,1.7115620788522252,-0.33356699236219156,-0.07950604118028039,0.23127172855548955,-0.1316914700523336,0.3838846843438093,0.5526285970961513,-0.40597640109739297,0.1462677540166555,-0.1808201688327416,-0.045811192834135143,-0.40982468290093677,-0.3184242525780929,-0.08305891559070354,-0.08953927801600908,0.35687503920821373,0.1944161992038412,0.5006590653745872,0.2822512210931073,-0.2702691652782902,-0.14329520878352134,-0.10859648735111237,-0.20704249951160336,0.236762902322389,0.031926217979991005,-0.01458410170967682,-0.426477246532749,-0.2927498551837716,-0.3061646302394781,-0.3508113669351697,0.28583553010172674,-0.4737942015822013,0.29088868791473643,-0.13548629355801733,-0.38456402578525944,0.24831949036071213,0.058845247525181055,-0.2877944428984191,0.4387303714347295,-0.4301141794960734,-0.312307887306027,0.2224513935207632,0.23457074085644117,-0.19491107630288843,-0.42766125964321866,0.5156252991705113,-0.14214745473945165,-0.15036390508769534,0.010501346362655354,0.40635413854548197,-0.49688702496102005,0.28995667775357087,0.04642017023342891,-0.1120034974359893,0.09205637735167063,0.583092037160319,-0.3014549639041721,-0.23835492040138828,0.40518194154709425,0.22051986890300895,-0.056070061416056874,0.10643561138299872,0.16489101208276424,0.3676199092648321,0.3905469553997268,0.0008969197444836513,-0.32344272058204426
GOOD,0.3406777659889149,0.40678119704956656,-0.46627668241776726,-0.15975247036157636,-0.04007330455328971,-0.18149970792702302,1.7732259041528837,-0.3501024442814984,-0.18481921440348717,0.2596108560948946,-0.14017798204855053,0.28330663789158717,0.37194547267678174,-0.29471510941006585,0.1749890882114709,-0.2275569642197255,-0.0825478103027772,-0.5780729361462651,-0.31286702126774113,-0.23789201093775045,-0.09386615613195755,0.319425231008021,0.2611781589748601,0.475308129045763,0.050864805280783916,-0.1479062627984674,-0.16966160257237292,-0.2138964580835172,-0.14960524997081007,0.05650963498433445,0.22694382216250336,-0.20143148047308707,-0.30676694174687913,-0.4729714528420447,-0.18673105383247254,-0.3782949152249861,0.23438159684333423,-0.5361401241775335,0.08181997833700272,-0.13338287983327393,-0.3169941854953633,0.1789581265896778,0.22758007356194637,-0.17728345513381105,0.2867837565906805,-0.5415560103000178,-0.37693462544444156,0.27598989964118414,0.2048805853396114,-0.21821852915301068,-0.4783456837819041,0.3723332139866891,-0.11933171553661155,-0.314542444339907,-0.0369521017937837,0.48959579297456823,-0.4741612756277189,0.3099616371016798,0.0644814215973902,0.012252461989661748,0.34273988270392025,0.5616884595830677,-0.31494387293217274,-0.4013220422939555,0.48278085067000365,0.16378684716508335,-0.06475018575253254,0.017666548059793855,0.3583680355413247,0.3562713097241029,0.4103756855029685,-0.12478865867142613,-0.2617620273780862
GOOD,0.4116975606609387,0.40798022128576805,-0.5221797803446082,-0.29589125498669233,-0.05030765564951738,-0.2585621642153585,1.7359049173737924,-0.3354374314691355,-0.24376033571751032,0.11256160086046363,0.05236238288509225,0.13831439533554413,0.6030257493633305,-0.37664762114891187,0.0826609103875097,-0.2293968520577077,-0.04950554193461085,-0.5021467161477834,-0.28894834702231403,-0.22981092121967545,-0.10745522405809954,0.3968028108725804,0.21912593644896444,0.5796225744062651,0.17775517372784563,-0.34688313033666374,-0.14192082588277086,-0.028687890882071437,-0.06399490551195379,0.10021459930091793,0.1584863068933974,-0.04017284613549321,-0.4347960287311433,-0.4612468546191143,-0.2429523513646673,-0.4786831357318738,0.3419325615779898,-0.19312156012182297,0.3334463227212496,-0.10138224273142057,-0.44913125309840346,0.339001132755826,0.0016131467471733607,-0.30244207052322925,0.23773950911863467,-0.41997692237637674,-0.32518046260135036,0.30149104483291483,0.21895952883314904,-0.2915927519164661,-0.4219360042458732,0.30100046828180244,-0.05386771545784788,-0.371765424773901,-0.0215440752236594,0.3291393952415887,-0.5444713725310933,0.26820912508554745,-0.027165988470807034,-0.08958242131127418,0.27848221003707374,0.43193290367258935,-0.44702826174592425,-0.24963572354473382,0.4342084120569705,0.19123899957235618,-0.08057899352587408,0.13813101232464342,0.3206535327835397,0.35606957036206677,0.4413920207215987,-0.18323522592964114,-0.17417528641281335
GOOD,0.4224331405300564,0.3331466640720645,-0.5173345303292486,-0.15285846201119643,-0.06274693114053748,-0.35894484079792327,1.863790793559583,-0.26176464972516944,-0.11859739846823518,0.26075521936797,0.008519649945414522,0.1822425789419175,0.4300403515801679,-0.32489789520820006,0.25955482057102414,-0.23395076984976726,-0.17653943274678996,-0.40206879802766377,-0.36929372352954554,-0.13222738223583233,-0.22442732449484135,0.5568679590592643,0.26161258157995726,0.4387791836057623,0.15076639130616273,-0.18964160986500495,-0.12161883719521838,-0.25974841602018656,-0.08209227243094515,0.1453753528643931,0.029520373117931258,-0.29127609307396063,-0.388034281372349,-0.5154886536906166,-0.24511669557904983,-0.4345283021791783,0.15571691701988016,-0.3679945483866341,0.20419389073001046,-0.17262532497038635,-0.4196195022686225,0.1703508085385569,0.12926735443360027,-0.27886269127504,0.37329708838146436,-0.3785176775210168,-0.34104604425977647,0.27273941020451314,0.19901657646484913,0.046547473173411236,-0.39890315965822126,0.2667615282883327,-0.04612546935364875,-0.22084709509901135,0.019658763301645205,0.37524098449466703,-0.5625635538507262,0.30024711948673816,0.018460717918700464,-0.14494835205670376,0.30611320685737786,0.5894168003383639,-0.30889563065869924,-0.2918811581013103,0.42985927549277914,0.19765936006892532,-0.1275036654111687,0.0562716571415353,0.15788290448513848,0.17522411086662987,0.46135619906187286,-0.11510032398688028,-0.27979572940879305
GOOD,0.3042777904686834,0.2559396224693097,-0.6096986388601113,-0.1874259470114265,-0.2668739785635041,-0.2900296520055784,1.7671402827359677,-0.3234179877123169,-0.14742958242598128,0.1404518251955691,0.0001047307237545779,0.25565639329829454,0.5653288103012508,-0.2608269844717994,0.32974325376991637,-0.3334745542718792,-0.02490525847998635,-0.42665214317341615,-0.4160090005582596,-0.2511309891359593,-0.18815023362179345,0.3147145427371129,0.1306704077766535,0.5119735351224027,0.10169010854780311,-0.25607935977879787,-0.09820923132766415,-0.19583402762828608,-0.10707631593332255,0.11384603834431384,-0.028809454607792148,-0.11345677264233867,-0.18120495689253954,-0.3750286498450838,-0.1933234384714938,-0.5022839040752032,0.29705333436292974,-0.3218135018690434,0.39105446136424116,-0.24903952568882412,-0.3681448609511405,0.39787993598334714,0.11576994749733913,-0.37226391192294905,0.41494186411405143,-0.420435881759315,-0.283957627289877,0.1972496102176733,0.14467031824101545,-0.17423501611443776,-0.492084385098092,0.3057940346564787,-0.19747385322942393,-0.2915049741827843,0.09916060189254267,0.31454252988436954,-0.5600426742867204,0.2352365205241215,-0.0715414803576147,-0.02762613837651521,0.08459417351073012,0.5224143058108118,-0.18207319391292442,-0.3355759808798975,0.26429622918111534,0.17744303003435813,-0.12575319630268356,-0.022900696872172277,0.2919685526134891,0.3343807680974548,0.5227495765372944,-0.09594044744699864,-0.19283377772668472
GOOD,0.5342672027284646,0.5446617099327856,-0.36675638811151917,-0.22429819312993493,-0.05609957963003984,-0.34199081938106773,1.7864488096943807,-0.3810605453319663,-0.1276536511249859,0.18939090266738196,0.01278938657233528,0.15677941536521497,0.4809841731929903,-0.24190949258374853,0.17301151182657556,-0.2488768246352885,-0.23288597225527913,-0.44690572085748415,-0.3467670732136302,-0.17090478476774115,-0.09958503237184341,0.37726227773751786,0.33592503217961,0.40153248392633833,0.2145341929311299,-0.24127386137109086,-0.17807620310963101,-0.29470812519119804,-0.26228158996451106,0.20103133106578694,-0.0265367197556007,-0.03497160218079204,-0.32791537113559666,-0.5918619839029647,-0.22027839396360888,-0.4055214829127769,0.28178423331928704,-0.3039351938227974,0.11268425546669994,-0.2043120653941259,-0.40057524778624337,0.1768285049149208,0.031058756106428394,-0.1859617031376322,0.38598284525515625,-0.5646960946772055,-0.28305258135846323,0.21965623900111775,0.15319465790686784,0.07378833967462323,-0.39198889389670966,0.3354011085988772,-0.11443792082154566,-0.3275655243597455,-0.025389039179425213,0.4341828796068281,-0.415758215741408,0.33986365608709335,0.18636647435810016,0.020449558192829356,0.3126060532061838,0.5425658211354472,-0.17601778817578834,-0.2995665558456993,0.2860496942675737,0.20876466240637512,0.048144191605872064,0.009034036430923653,0.21424949235612548,0.26822366336039966,0.43510250573500786,-0.11756531307391083,-0.20200812083337735
GOOD,0.44209868090956295,0.21621668763543964,-0.4472038950360481,-0.22690772719473398,-0.19323035892950946,-0.2825992105994974,1.7549016430112852,-0.3022936644983777,-0.10452148150925686,0.188980630753084,-0.07694252228498483,0.296409663545069,0.532746902279793,-0.47031790536532525,0.2800088823337792,-0.29233903461387906,-0.03649758903699755,-0.45498112396936935,-0.3778545414684802,-0.13708590023233075,-0.18466494112464873,0.48600863711181114,0.34139140266094903,0.4284170596653133,0.08569327278732637,-0.2882178391893147,-0.14232454953884058,-0.07535957947817909,-0.30691119041260995,0.059499940457907144,0.024125873995560532,-0.0997013983087824,-0.4262136821622099,-0.46340161983158684,-0.3404418557768005,-0.4282707904022099,0.3870153684989117,-0.4149526912308906,0.19537025171014705,-0.10380036014388616,-0.33923835409424535,0.30928826359444506,0.03497128572194211,-0.2179084561650264,0.45970002750882044,-0.36316876936147924,-0.3010334040919839,0.29006094035738794,0.2726092591247694,-0.19617927321512013,-0.3324198177935244,0.4101888050654177,-0.03567310195886789,-0.23086974310691455,-0.13807494536549833,0.3783574283162283,-0.5858810341371756,0.21469843724510257,0.04276425759215767,-0.0050528014446777625,0.20890797569438135,0.5773610848108235,-0.32427628295133737,-0.37943089115859246,0.31370492922506915,0.2845169234956575,0.0642529571890621,0.06268958025514995,0.12716064288050877,0.25637692720322003,0.4384665622720473,-0.12394620123570413,-0.01852092788183496
GOOD,0.547065814984472,0.23713292988500478,-0.545490338224645,-0.15960370325488796,-0.14243026232673828,-0.3131027728875515,1.73085465712727,-0.31865343046512457,-0.07185630721787259,0.3078741872116244,0.013775546761966642,0.14160469502612846,0.4727187513549991,-0.4301853970688899,0.3689495941373895,-0.21420292294365054,-0.05332171713289209,-0.41516880112483484,-0.36716168225977724,-0.080058303626454,-0.20368531472955526,0.4763882249158353,0.3691731282251424,0.407067078439036,0.12608405415075766,-0.22496196697835824,-0.25830615020662556,-0.2896825955648231,-0.24678550190124046,0.16879815999637723,0.06431728224376193,-0.14414552050375942,-0.19645887107428522,-0.39576675970902436,-0.24495098831950235,-0.4269643831254331,0.29103155951578225,-0.29937767018159056,0.29782934175021625,-0.04160544230157025,-0.45091487256928026,0.27089851644811974,-0.034559427129391765,-0.22195487963330987,0.273199270714316,-0.4559825157145183,-0.3318014361775233,0.26984411679325887,0.30262220634932907,-0.10243625764507491,-0.3817842666988482,0.29693779983088536,-0.18808906734754838,-0.3741877124915349,-0.03627514689809059,0.4488206572604276,-0.5343901880677542,0.22945156703956865,-0.013109628227571557,-0.02188710543186722,0.21523652201129842,0.2885165079595571,-0.14010250960502257,-0.275282465196224,0.25165735325175687,0.2277395796065198,0.05980177944323295,0.058342774822987706,0.2575363952837654,0.2475346100023537,0.4614733204482199,0.009496689755102053,-0.30187654295657257
GOOD,0.34454552118825765,0.3851703956791824,-0.42836856074538743,-0.16370502717698648,-0.07208161200659106,-0.3982999274073705,1.808819276630279,-0.4132198332247883,-0.19274241550195742,0.16470567067228484,0.020900464471037737,0.21522139694049638,0.5214539464894299,-0.2833902166557716,0.1597416064338022,-0.23833010805707852,-0.06582963816342503,-0.49441745165642415,-0.5165902722347493,-0.15188758349390394,-0.12088902129560117,0.48656772411176813,0.21500973995756922,0.41881774558465973,0.025906316735831103,-0.49814284058791514,-0.20472233417294272,0.041155722421886615,-0.07183037685056219,0.09358939490068709,-0.010366902583565304,-0.15625816405990742,-0.2390276516970379,-0.29989808995615724,-0.2739816354531119,-0.37143504845670267,0.32707644081698606,-0.38877045289712125,0.24678697672239003,-0.11048744592366813,-0.3883840120482852,0.1525911589232628,0.04127213380218448,-0.3589100210907925,0.4498887581408826,-0.5175902686194056,-0.42337198532509934,0.10897581362951334,0.2453280614318739,-0.2850288310506148,-0.44902956411379874,0.4847084758508336,-0.1562877769340106,-0.345096589020837,-0.07795113732925363,0.44502491709633246,-0.4667816388345225,0.31209091268789196,-0.11821647286535056,0.016445429185720714,0.10705583505732472,0.4270915840201449,-0.15959498537551664,-0.5350410546075257,0.40593744105729235,0.14697203937002398,-0.06431480847885225,0.10175561736285323,0.24682006827886993,0.1658315791037508,0.427678640971199,-0.0746217410809205,-0.21140620034978302
GOOD,0.5679189125757943,0.48403272934733865,-0.3070135021594279,-0.16877397633790694,0.08614713741482508,-0.39621526846616734,1.7012593869621542,-0.3618996256185332,-0.19303215813379182,0.1665847502870074,-0.0015934074026204663,0.27305033617716484,0.6007803061755548,-0.5054238178624859,0.11314794323814426,-0.46500908940187136,-0.15288139491739888,-0.5026706679139573,-0.41996641280255054,-0.2713385674870977,-0.15088829313489013,0.36865031070337645,0.1710341222686693,0.4842674287404228,0.05321584573772965,-0.1657640210302745,-0.18543516640507868,-0.20816122994850342,-0.15258228910268332,0.012499675382690062,0.1278921637218964,-0.05178384433346622,-0.41435570252831494,-0.5683133579015139,-0.3619649812479687,-0.5053243081824845,0.14970615543215587,-0.5028946806049965,0.012459268662421585,-0.14343012112327824,-0.4375461331454611,0.41521616079888024,0.1585973175765974,-0.32295802944671836,0.3748687260256775,-0.36649430744473843,-0.33406059452728143,0.2656939528581229,0.16090239728212188,-0.20758926188992408,-0.4312799390490659,0.33016433410966284,-0.10102957895796752,-0.37343120227409243,0.025289005592484027,0.5529072003461505,-0.4315495327621933,0.2020823834146043,0.10027449179686163,0.12001127456622687,0.24721862253400656,0.5293140842598758,-0.27037919008901645,-0.33431654705881525,0.40662132798001915,0.0875095144648986,-0.032097349393248195,-0.024581586650499435,0.22061869383330182,0.42596781381455995,0.41413692858139767,-0.1470165474540509,-0.18731824196496483
GOOD,0.35675193685911943,0.3857275376866502,-0.5473098806810719,-0.13392752972129593,-0.04670884600509203,-0.40788708569814264,1.7587761450014565,-0.16067380424418395,-0.21703023249680725,0.22389092266562177,0.015524117374360616,0.2708349380790367,0.533228623080505,-0.40561340692511144,0.2217545291842423,-0.26179512316243,-0.15398179968386072,-0.43043347426299305,-0.39308796339454843,-0.03380523815585701,-0.19864296126166986,0.2939605703718374,0.3314462078010153,0.41264328329585936,0.0020081538509269387,-0.2272840312493104,-0.06574542128230164,-0.12117625590338721,-0.21924542349019496,0.18324888682136659,0.007818196914592419,0.018292571014974668,-0.38589472936630675,-0.46994099244787035,-0.26762546147289434,-0.48534596059394197,0.270011657049835,-0.40163017969539005,0.3343752471323451,-0.09873010624319792,-0.45688740609551154,0.30112056436469486,0.0742738235244993,-0.26735158672922504,0.4688755558679963,-0.37644519575706503,-0.377436612516913,0.33748370176858833,0.26948572720189956,-0.21494631301432046,-0.5558922590773044,0.37508947081108984,-0.21461776053225518,-0.25989600066408,0.06779009416127826,0.5157532495271849,-0.541348437935891,0.4368734673891718,0.14409621409075657,-0.01741081577627101,0.3973931490969463,0.491251434999608,-0.18810201462301004,-0.34277092294113864,0.4801472576767539,0.2618816326946487,0.02270026669135812,-0.047699252981176166,0.21250849429190835,0.3667760723391315,0.4597450789501747,-0.07711153432097596,-0.16597708209654716
GOOD,0.31274291612168026,0.43995691056016833,-0.42346931844969116,-0.18948153276762553,-0.07099294089054077,-0.30925054138565317,1.7080564597680261,-0.34139858367177306,-0.010250986087388364,0.03635842536520678,-0.14318815918326647,0.30109249085199014,0.36362905271675183,-0.5437357458377753,0.29070907543565355,-0.16885029267427137,-0.19016613478129515,-0.6107635320489583,-0.46159471636243565,-0.23621546389249232,-0.004901167002122675,0.3652054495590681,0.3083615255556027,0.5299243486559335,0.2048652049035478,-0.3083647281110997,-0.1731605003062697,-0.19770001436999626,-0.13046602041124167,0.2702348890524626,0.20508122473344606,-0.1458261133346896,-0.33959977716717743,-0.40852339744108995,-0.23222384185642128,-0.25532154040471683,0.27681614853813086,-0.41929707489654056,0.3343319235318601,-0.09009727633430539,-0.38340236672948746,0.306915429175243,0.15379836854790427,-0.33344464094715637,0.35801926110081944,-0.6666006598371772,-0.34838612623608184,0.3265732976461239,0.21309123720867243,-0.2846417775637834,-0.32361794792109255,0.36915891886636265,-0.050802311992917015,-0.23575156192624575,0.031117989434802464,0.5570275957033424,-0.48642634715720484,0.17821285717672036,0.20042129760382943,-0.02618845895378865,0.35558463219652153,0.5363335789818265,-0.13931568715915513,-0.3972743283979449,0.39779097211452297,0.15301946225247232,-0.07686873812832566,-0.0521041555601974,0.25868889095337544,0.33631793421552125,0.3654527350362914,-0.1462507069000764,-0.2174649266252189
GOOD,0.46380208753998836,0.29098339504951143,-0.2663638198396321,-0.30023320621150884,-0.10233658973882531,-0.23700876195869278,1.807400859198287,-0.24508900317729426,-0.2081951503852755,0.12362780374431592,-0.08642422131242962,0.212955597064122,0.4918276064187174,-0.45235514191623427,0.06971268861880794,-0.1761182760200751,-0.09993656809974222,-0.4072903184254033,-0.38882409643921645,-0.13679904290709133,0.028080929997074233,0.30812229912334765,0.17957906679988023,0.40012389325754427,0.26740585234458203,-0.25973234097714004,-0.10134676522957635,-0.3916701117451125,-0.14354896776081877,0.1440993611775515,0.1418967110418511,-0.06187495328742718,-0.3844871381923556,-0.3514752974712231,-0.14743504577925912,-0.2720734880839523,0.3464444655360639,-0.4096847079971237,0.24279433302704617,-0.14767853072216913,-0.40891721873809955,0.26515967277131436,0.06605618395915298,-0.09275458622666971,0.41955640999399957,-0.489131504866416,-0.38620052962631424,0.24406239091354656,0.2690066482931106,-0.199791880454941,-0.4422921374523956,0.3921233558955504,-0.15475919825320555,-0.24786390587360232,0.07461592199183201,0.4031415786969399,-0.4675409620928714,0.26586973829833027,0.11729486610819573,0.015141550406628373,0.2171305678885333,0.45272618821621863,-0.33587016673562753,-0.4759729963681365,0.31385506761106985,0.08865555769645198,-0.11527545490266514,0.11005014976138869,0.1599068051635991,0.2744465603091684,0.48692146916983625,-0.13954575255537804,-0.24593946724306237
GOOD,0.2954338124613998,0.3008371041412051,-0.34359110517631103,-0.15590217367828318,0.11528441361732053,-0.3866953204284318,1.850672161279963,-0.3737938436414342,-0.1934541882861801,0.3810655114643483,-0.08471515348933457,0.36550450913137306,0.45864861349994784,-0.4696084524980133,0.09511176666911395,-0.2612411516027716,-0.1754041002231066,-0.49078085830558127,-0.5164545792727928,-0.15186973001423132,-0.2814098013932732,0.3947783710717133,0.13110942679538762,0.5702532920449774,-0.06972111656631677,-0.28092186593783075,-0.12759231134192395,-0.1514532274943462,-0.27325211394821103,0.033784546513361186,0.09331924818500384,-0.12446959359480247,-0.4366476776191413,-0.4124370571749964,-0.3261814956736277,-0.4451191286607952,0.21611074114397663,-0.4482586277848077,0.16058828493882465,-0.08807673617421063,-0.3025707111957877,0.20099169369053016,0.052350037133073055,-0.2773627457569125,0.4318461925458754,-0.37567583688093953,-0.31092935974660874,0.20107995181076593,0.25562357813452985,-0.34193611602818624,-0.609494745658521,0.5653080302405784,-0.25093261525929744,-0.33738461087890476,0.059567090165115064,0.4379867400124961,-0.3856343576974095,0.3408144678053262,-0.042923128692810675,0.026991570781027055,0.2849372337817776,0.4960656762624499,-0.23699233728998076,-0.5349357834141617,0.39608790604442184,0.0916270456881226,-0.15086306057126134,0.034229362209692825,0.31165007723873683,0.29600736093554075,0.45489215397269367,-0.10886383487654522,-0.17648526764531974
GOOD,0.38511452850676187,0.4529685161669994,-0.39753327922184367,-0.18351612105288131,-0.12078345357160976,-0.3058959932849758,1.7493945272612796,-0.3059412854355195,-0.1914293506810299,0.11091727837157156,0.007878976502686638,0.16995546520028731,0.44106627920166946,-0.33650387741613563,0.2448867595388891,-0.36223722919782597,-0.061641296164944695,-0.3045867620424467,-0.31004497642215556,-0.2021897705951835,-0.05341462341347576,0.5755202594932227,0.31088143043489175,0.3336584089896764,0.14841655663432815,-0.15038325808146885,-0.3374600444466061,-0.10519483606929217,-0.1897554112385485,0.27819925006039015,0.02511544554675793,-0.08711776441599542,-0.32211082011762937,-0.42073198201738027,-0.24539699875436047,-0.46445636664021456,0.2643950686954045,-0.388028478451156,0.3226568551171164,-0.07559527520770096,-0.4792288328394084,0.239154423930681,0.13201034776953072,-0.3022243898732649,0.4549367098572098,-0.4592045842820104,-0.18137191930241292,0.19308565774304007,0.32447897930375813,-0.13205019103051696,-0.47320685609617685,0.287811448295845,-0.032087317410832206,-0.37649687510423235,0.04057244642037383,0.4378557481412078,-0.4556530664967944,0.3283115631804435,-0.0019724286818241232,0.08009433460868018,0.17811895982769416,0.4543097537203469,-0.38584794110895954,-0.27266358646007444,0.5639306155276986,0.32960443234829867,0.028763704400835102,0.04356820410789325,0.2457514599807798,0.24719954302838593,0.32284212583494537,-0.09679566986650613,-0.1338881715714506
GOOD,0.3316797760870228,0.19455967456308365,-0.5534263083136697,-0.13084409754740134,-0.19413630516460975,-0.36549455945407855,1.6993085564296893,-0.29484792458772885,-0.13459191834510742,0.1952981081249121,-0.029804982585234535,0.16300868201894975,0.5333200684357704,-0.524551222403762,0.27206829167776153,-0.17812842880458196,0.10141644372956901,-0.5274726437084717,-0.40890791216124556,-0.17595647368314524,-0.15971531887298682,0.46635507104192203,0.2836100386577228,0.44403239425580493,0.09122467734353895,-0.18362060513652992,-0.2736406428754504,-0.1988599817901272,-0.12912780812467478,0.08763067408983478,-0.25246896361730875,0.0011502943667871524,-0.3525480874288266,-0.5784661914466794,-0.2075317781472254,-0.409193248588895,0.2026598397662721,-0.35792374290339923,0.22835249188373072,-0.16339641537490937,-0.4881906312984068,0.2306388832242771,0.13847474107503116,-0.36410700535336205,0.33088064789434724,-0.44664934255348343,-0.18146972881693682,0.26267892672789483,0.25643179006551176,-0.20255158629621733,-0.3654601752126528,0.5130830898562162,-0.2213204079610453,-0.30316331963110754,0.029944064451736745,0.45261200453713846,-0.4458602240323339,0.22230479920161372,0.07190555917290169,0.11998290395433078,0.26919114587497794,0.3129627895878611,-0.30238530718880996,-0.35528102455022664,0.4016357899243094,0.1634780079513176,-0.039112617223718726,0.11394849582239686,0.26632081766171806,0.34908186231933047,0.30026621072320014,-0.09336978836115772,-0.17184770844910474
GOOD,0.4215315393062492,0.3248546766837395,-0.4957376221948353,-0.2636393123107804,0.021453326097209638,-0.47590344600617357,1.627475635192089,-0.28199661900686396,-0.10990629044882996,0.036526946603649635,0.03220452456079506,0.25301140934602073,0.5024609256178642,-0.3776570618999275,0.24360542772446842,-0.23285359755855836,-0.04777043937849932,-0.44761201736540923,-0.3709375650460097,-0.18659406920756313,-0.1396008984256636,0.4656183459219947,0.39899218939845693,0.5144604325846046,0.12926411704643553,-0.16105188281379756,-0.1406281930350819,-0.26498885941215783,-0.23217212781097918,0.3192777471283376,-0.026266743998505974,-0.06896403594159878,-0.4300067205172074,-0.3751173376130305,-0.31797891989574134,-0.3859062330983891,0.26718575503475367,-0.3471127116024922,0.2379518413519018,-0.04154417923101368,-0.3742002591479947,0.3352765695569064,0.13174150721156042,-0.20820892956461226,0.3628844407498971,-0.49263841718021745,-0.17401279118847285,0.3085495792573609,0.24172989198414221,-0.2748626292089447,-0.5810349235179544,0.3346645832320791,-0.2225150912579237,-0.3291126216580249,0.08429033751311828,0.5324199359835955,-0.36769612760025294,0.21734673469900012,0.11552714366090969,-0.1135365263368864,0.09679150551145474,0.4597076603744742,-0.16993576091288445,-0.38312823240854166,0.4795397074742942,0.11570463122457392,-0.006934101191704255,0.053771609644038126,0.3674833894266276,0.2479660913453867,0.376503279724381,0.04456180210950643,-0.2527361494741657
GOOD,0.41806510630405097,0.33146800475990557,-0.3792583056903896,-0.09255115716217366,-0.11064223975413705,-0.2840280771997493,1.7811308675531097,-0.3053919639551047,-0.03131301340699247,0.2847227401834556,-0.08612224824637219,0.33526368730500855,0.5017371540167078,-0.36393270191284094,0.19099235680619447,-0.3882391902338111,-0.06288154303655978,-0.4425078672066807,-0.20451390149064322,-0.23415222927216323,-0.28659589101647287,0.3052513589631911,0.36911076524797437,0.4363597987179611,0.20817752422327065,-0.25778574463102305,-0.2503198755757633,-0.02005864015874015,-0.06808353651867444,0.1586028302132926,0.11055174938062327,-0.10473083259125293,-0.3159032221043772,-0.3368751048849093,-0.4027360573337174,-0.4212197072943691,0.28778191210909854,-0.3607425855184872,0.12433332609426317,-0.040986953914170274,-0.5189389055274135,0.21274573684957437,0.05956776495369691,-0.11259829358502688,0.5980124591198801,-0.4156599117751872,-0.31723623502364595,0.2645519436311357,0.2361707252266844,-0.09341640830744123,-0.5354269976127587,0.4536352566511571,-0.3004413670536499,-0.3427582417768247,0.015856153266147,0.44311885508481547,-0.4567417836057006,0.27980929177435887,0.07570841509958884,-0.19621068543289422,0.2900912523971503,0.5307288648974531,-0.16338152923639063,-0.20858725749680712,0.44574844984517564,0.2818740205404846,-0.060565981292122435,-0.04277388903428514,0.3225007826356019,0.33219377743010964,0.41994432736587806,-0.07813975701682926,-0.16834913898484996
GOOD,0.37403317064312736,0.4124192162188679,-0.5269616398149146,-0.2610876074321623,-0.16232713748170566,-0.14821050468927202,1.7358448814641663,-0.2188274657890305,-0.24110293198327198,0.14874571859978067,0.026209226924140634,0.356272008651359,0.4130083917098168,-0.41565547217333876,0.14621149559701035,-0.2793048979388364,-0.16711115159111264,-0.582076653265525,-0.34339829086864215,-0.1265749808622147,-0.24913762579826215,0.3456258381054265,0.23381711711656145,0.6087231565649729,-0.1275342089274061,-0.22268856445913143,-0.11800471522234032,-0.23713503764493638,-0.2014440303699778,0.19960337949406504,0.028437181123730063,0.021349038278401733,-0.3426986230333816,-0.4089629638498665,-0.24514470711712805,-0.33699908772323,0.2232539293771867,-0.37140691743407916,0.21898312322445654,-0.17163931097775864,-0.35262021280642664,0.1514979368826103,0.18738690777565725,-0.4417389075077358,0.3823830414768829,-0.3794487368697085,-0.3932509415747213,0.2859461019531685,0.2346277167761598,-0.18459774929497852,-0.46587125548242686,0.320854139146197,-0.311912384461749,-0.31260524896670255,0.08946268852754762,0.373739118657537,-0.48895136850650384,0.392977013298359,0.05939331124039794,-0.04637810238928421,0.28693794397237604,0.45269229765697483,-0.21629329030764147,-0.27720054983430353,0.48516745658554516,0.250183599248029,-0.2286312792931967,-0.020494104353066117,0.20445565738283106,0.20935551628952065,0.3622860195566536,-0.001992117099804777,-0.1980359529590099
GOOD,0.3900903434516344,0.35899363077282737,-0.4851970537940126,-0.21565622121509298,0.0543271808946028,-0.46887299033498797,1.8319541551943872,-0.13199383829071915,-0.05201286048607823,0.08408597473172695,-0.056833157146923406,0.3212349586392475,0.44131544653763777,-0.4239341354210881,0.2014892887053139,-0.35940391036792363,-0.09594392118737069,-0.5636345288587816,-0.3062947048345686,-0.24776921055755363,-0.15389397711414943,0.364029909315248,0.27237696347078155,0.5379696937528403,0.12199139907838741,-0.31431145988954323,-0.21739794779907107,0.008627940356834563,-0.09762454590847199,0.1571355369629382,-0.01512493621343388,-0.22969125098935092,-0.2606515571786532,-0.5347331000790096,-0.19686649700039274,-0.32633141193135773,0.3936692028266803,-0.32679491767732827,0.20744086850611201,-0.11306870063800606,-0.42465876331616315,0.29123037019128695,-0.050226845359370526,-0.43663904048840324,0.455387515794734,-0.46921544834223816,-0.22137725733060304,0.2216838160121069,0.20928596512551584,-0.13636599376756456,-0.31354806548921066,0.33278373201889444,-0.2663088213370574,-0.2072459336363614,-0.006905046944792371,0.371408069279396,-0.48843689051563044,0.20831337362666286,0.13437286131060666,-0.18160923308640475,0.2522445366900881,0.4858011289542261,-0.3186774141841918,-0.2293820388115297,0.4847484849515499,0.1325907596660444,-0.07050569002390036,0.1448028125080018,0.25201607224404776,0.3851581498256728,0.4651909567509006,-0.052926548933970696,-0.1870469596629628
GOOD,0.6529502293377731,0.2955615866493106,-0.5407409266912447,-0.21561697570436092,0.05569507298526408,-0.5248461212189567,1.5776871482599544,-0.3474662429944824,0.016252470999780194,0.16531589142382075,-0.11090417258984436,0.30433491386465983,0.5941622828506418,-0.43454849953630675,0.24592016114377435,-0.257115253553515,-0.039742042760298545,-0.5038538609084026,-0.31380213756499514,-0.11314526678377457,-0.1008702439839535,0.26979796519581656,0.12710381705730397,0.4170443624162145,0.12047050303394793,-0.21355029963341204,-0.2566719204646933,-0.15422509260672534,-0.09784734332472975,0.22640424302712953,-0.0059785968747541815,-0.1440494853423138,-0.45471568163452547,-0.3386349200644837,-0.24324296015956287,-0.5215072999601136,0.3835767213897688,-0.334818157887679,0.3197718029244411,-0.15902975253097734,-0.46014365704344773,0.24771828496046167,0.24900509343579516,-0.30431773488122243,0.3182642295566925,-0.5064979304588901,-0.32419313052030707,0.3765232257312057,0.23152506216030844,-0.11204425048599652,-0.4151508042081517,0.3436592158236245,-0.26970336490062446,-0.1767643072263536,0.09533875135238933,0.4967830534995072,-0.3824402787258557,0.20899492765611188,0.0936738094775135,0.01239816983778351,0.3196273924887968,0.47835174487254895,-0.11279484295403552,-0.3137144456560025,0.518641105478916,0.18496468010054226,-0.09174686113277897,0.15079420925326453,0.30429538217394136,0.30074903693619837,0.35220354813503674,0.0077196837645151645,-0.2700660075510976
GOOD,0.4632270121008326,0.2892797736762087,-0.5209497882992615,-0.17293429743226452,-0.010362746074178995,-0.31040017912645235,1.687825492166258,-0.226431178397751,-0.14225432505880672,0.1787506537032475,-0.030511774498726864,0.18075400916403106,0.55134203557727,-0.43487053805362363,0.3453606945131477,-0.33565441570161636,-0.05968869540536327,-0.46157344726863253,-0.37310222176563146,-0.1256688706937089,-0.0948313350430098,0.4424623692014957,0.15670211633212283,0.37847860054344573,0.000554056700945757,-0.2778131189933662,-0.0031175125453824504,-0.18409797944967715,-0.005432381197955444,0.1702918386315854,0.04360699352176581,-0.06691406218449947,-0.3741917766507275,-0.45967772643021704,-0.41739336728878196,-0.46365745331667896,0.15089987454293066,-0.3294828541464131,0.1151607487144102,-0.001407545115489947,-0.3981398099693218,0.3894828491801532,0.02789811954906992,-0.35411622465806025,0.3668632894101903,-0.3696069698951589,-0.1289762572308609,0.2927161313365412,0.10412457087621751,-0.2884801711107629,-0.5570411577286999,0.3477444911717851,-0.2084812978138398,-0.31521543734914287,-0.06981185302133634,0.316338871309153,-0.4489241890766862,0.3045569585270647,-0.022313976899292598,-0.036653681325068965,0.31982200778561476,0.27936260187957485,-0.14473923705928554,-0.3001762898140714,0.48937206852615767,0.08728254129798294,0.0009579455536889298,0.14542566981882424,0.1934901790181468,0.3354218609801807,0.4088414109898467,-0.12255783469662843,-0.22230488926426184
GOOD,0.4145003362395586,0.3528303871689908,-0.5165289336430348,-0.16486520581717798,-0.011897713937989898,-0.31605349628065665,1.600593948515544,-0.3622553200536901,-0.2208875105097238,0.3017685056663,-0.008479129654452671,0.2161527840669933,0.4165104409145408,-0.393441784853403,0.2696903900903271,-0.4160481532609571,-0.06711004683185479,-0.5075049189047838,-0.3296390081592449,-0.11629459382934926,-0.21365580672828743,0.29004905645533646,0.21746083405703504,0.575148422457535,0.1659240904298222,-0.2884960936364664,-0.22313210002147105,-0.22491203509237828,-0.27731571531121446,0.23574609555396836,0.10820123618599149,-0.14554682804540225,-0.3909647432559931,-0.5337227407563638,-0.31719455556514226,-0.45134248098118906,0.2730287178228987,-0.32459033394218384,0.278896943186599,-0.18143656978739842,-0.41447683315098305,0.3644221365800758,0.004447505569821,-0.25292512933074673,0.4917728426683861,-0.4743328913334036,-0.4596125739192005,0.05066849767543419,0.23424294919388555,-0.20220698016960933,-0.4229563394255742,0.39722107013292857,-0.3046586285772768,-0.36883154136626567,0.0499068976509491,0.46909629878340214,-0.4770042404849259,0.15122188917232648,0.09967033119926196,-0.07046015011835235,0.15942055398282637,0.30713369702672244,-0.2250936529455795,-0.40574882780832877,0.42781758239023515,0.18091784526827748,-0.15376825942486858,0.10668869236023835,0.1768308938185244,0.15340132410981916,0.29001590283846934,-0.07341616076306928,-0.07906090437985996
GOOD,0.4043202382335003,0.5196913051699948,-0.33728029734279213,-0.15499865907846336,0.06927931051629571,-0.2108254266436027,1.8242939897675114,-0.466234405917516,-0.17229981344226775,0.10778489949072217,0.07577978023765776,0.21399099955750334,0.6013926987997317,-0.3753283257094902,0.2073315459781743,-0.2999476577198883,-0.10029245671289035,-0.44563769665029945,-0.3693788923545258,-0.2174123085169818,-0.19046427188051146,0.5452667983225108,0.40161384554589147,0.43451916901041143,0.1669891340260632,-0.32451097826533004,-0.19849131771968648,-0.2671651977974473,-0.09191896734596798,0.21172601494746604,0.08484371180518338,-0.043515229990358756,-0.4204790582108023,-0.5038142692303337,-0.24554673338042732,-0.4201739655801705,0.2909990415794145,-0.45147982261899167,0.33060670062046965,-0.0392588514088882,-0.32765537453631766,0.36545968736509354,-0.007879500585805596,-0.30260065033509304,0.3385425756272643,-0.47532367734088476,-0.21355929614859048,0.13422606117404937,0.16268677619587538,-0.2422871870421163,-0.5430964577336337,0.3744587326108118,-0.21366070747549407,-0.21534123902653055,-0.0059480496661042485,0.44694257194665094,-0.4472545926864425,0.06728308499205429,-0.04233841949089279,-0.043867645931568,0.2711173894341303,0.460330836081557,-0.16438312420228152,-0.31555465567120866,0.5385053862884284,-0.027820294308428917,0.07671786349672094,0.02468733296009286,0.24760299579650355,0.3679736510245444,0.25071298910278955,-0.09342391042331688,-0.12588386157709336
GOOD,0.35167451468120325,0.45013788831025126,-0.3990755051894689,-0.18276818088477081,-0.008768024743258607,-0.22416452134500142,1.7781983885746797,-0.24115769539876386,-0.22386380432531447,0.20984014121119215,0.021238543346514954,0.32848250184859373,0.36856825028732176,-0.2975644886651499,0.13923460076314043,-0.08240438107323908,-0.15660102992602476,-0.5604791776371523,-0.38733303055040275,-0.09635352010026647,-0.12961038099560757,0.5339453638660311,0.21777318401650386,0.43298561198923813,0.04031507107085417,-0.3003908467626747,-0.2841221097523244,-0.23206978579217655,-0.2703442795321011,0.23048177625758398,0.14922348962955256,-0.09684464952221006,-0.4048221951440225,-0.4183187709288357,-0.28430609712232735,-0.31134077777955227,0.2098108017206921,-0.45758227340241087,0.2823209670328812,-0.11596266087492782,-0.35247147429935166,0.2440481219576286,0.11432278336935277,-0.2205195048102083,0.2717114765171264,-0.4550153782202472,-0.4594757376440396,0.36963519889126717,0.10396981523089492,-0.2258396963770751,-0.4383672428016549,0.2811072677623144,-0.03836598733256755,-0.3596221709338392,-0.005521632055605109,0.35506733446589084,-0.5122927517996861,0.25708558952161625,0.1287176440659136,-0.061740391227334816,0.1833981482078926,0.46532108083762713,-0.3801542111088996,-0.26169172937396673,0.3724046179443932,0.1327561325425033,-0.21770588731119658,0.032723802517133034,0.38019968221240424,0.3219535862020473,0.5086139503488584,-0.06382834745379555,-0.41620166500840605
GOOD,0.4066066636250799,0.3931356667120895,-0.38153491147272744,-0.19924075531632643,-0.1184232742411147,-0.33567122557776885,1.7026174897974566,-0.27359643879841816,-0.1611179470436052,0.08406952551827973,0.027441330007583503,0.1794624385301583,0.4359281696321948,-0.42056675551055134,0.2285455535207909,-0.3793584755885473,-0.08295461292592866,-0.3807021490180243,-0.3564309044548656,-0.23361708060497408,-0.1872663122199202,0.4232450393797052,0.2866367093890625,0.592497907880342,-0.030987896250733504,-0.23721124641662442,-0.1575135588370329,-0.18550481096221927,-0.14507050654791154,0.15460129816699716,-0.049097168788354004,-0.09749374783907785,-0.2989698712895826,-0.48164594841779923,-0.19641791894344746,-0.4115203661725702,0.3222903011403629,-0.5140414992128781,0.40362272990371123,-0.13254765577206484,-0.4656765205017904,0.2914699501605582,0.0037278433904571334,-0.35771981135924985,0.3979647205809741,-0.44561242611878055,-0.28027033752472497,0.24933154837458832,0.20273089005792885,-0.30697438713603886,-0.4769646402216201,0.37098003972919197,-0.229401654558472,-0.2809130929239569,0.005245061310564802,0.3987935807018571,-0.4398719219062075,0.3046155356827468,0.12911492360812785,0.0840925212198588,0.3131829963584087,0.347388910439815,-0.35750275988182006,-0.37832437825051635,0.3518483833050245,0.20019282629583524,-0.022286590342809928,0.03457856318135628,0.3407879210310459,0.38936789968778307,0.27494794542251677,-0.18746744746668484,-0.11880987785584526
STOP,0.07979952119631326,0.5566712775227998,0.5036548401433727,0.0003553350170759223,0.21132252393138473,0.010147422787342979,-0.06221949088470807,1.1923704777821973,0.12512373794724058,0.6283386976797759,0.2427250865217139,0.22834320776467767,-0.3514970925112728,-0.03128197515263244,-0.296084658499792,-0.17412970971180852,0.08727459972467094,-0.13205644573357694,0.008505940627267818,-0.07248203715825229,-0.227792649658381,-0.4052017385688133,0.46731980279699925,-0.34777639122539195,-0.5655822928716054,0.2954382497805288,0.43080998845329505,0.24207095069143802,-0.5277941185379934,-0.2541260266321276,0.5601128530975442,0.10653771730946612,0.10614223497276631,-0.29995425447147134,-0.4487960126344999,-0.550856082382607,0.20768174259477662,-0.40510567420435417,0.5390983138087841,-0.25315810908145403,0.15105772449550342,-0.3945101789627298,0.10028831716311287,-0.4808070429552714,0.38242922826589015,0.059033809022347145,-0.3736817554097352,0.5165261507404126,-0.009479253548744133,0.4270932500809006,0.5009580268490972,0.4966099805967049,-0.44844002461868065,-0.4203806732472249,0.4690549351125938,0.10342944269081508,-0.28411441567964807,0.2759137438973352,-0.269857696461392,0.28365957320232127,0.3497277808564536,0.2039886724346223,-0.3034581209248641,-0.2582698712452035,-0.15325470949677295,0.054788582395045596,-0.22672630541888253,0.007314719471717128,0.05515356656673421,0.021586912618760452,0.3818935943775772,0.04023675632604594,-0.12486015972735484
STOP,0.0023375772301706815,0.5767098910474168,0.5256286854643007,-0.028735047090908662,0.159702948246208,0.11760300652223221,0.0015552492444422267,1.0194499418238605,-0.044658332825922895,0.40013095984570995,0.2828179769405515,0.1820769909540777,-0.45793337525515615,-0.10262099445618747,-0.19705867286485404,-0.16886208475057032,0.17160611546847443,-0.142126985377872,0.05634971551224987,-0.1348609940246862,-0.33820379975456977,-0.2562235950860746,0.4823423813647623,-0.6000276393664297,-0.4858873592315264,0.31879403487525265,0.4748915424727465,0.19438139988846104,-0.45422463017967696,-0.2078557312937687,0.5040139937842177,0.2989627822234993,0.05422170645342145,-0.1881941452058277,-0.44855419902396604,-0.47332337031975635,0.10910875972221801,-0.4505464828785938,0.45616224684061674,-0.25089306112160503,0.12463867692224796,-0.37785679936890515,0.08898190873339645,-0.5100193366021243,0.14093774112128316,0.08996730875916888,-0.5495499589543027,0.2446819048758566,0.10754614425721656,0.4052094894048591,0.5194623296548315,0.324122642211586,-0.42973098905011475,-0.3470754739888558,0.3940646153058852,0.07014177375867595,-0.22093163651756925,0.14092152156366325,-0.23873412248420606,0.258092226919333,0.2900812439675165,0.1658741848545755,-0.20367548864627177,0.07851801010184198,-0.11770772469933889,0.11681221260724853,-0.3928102542007814,-0.030286298784861453,0.07250479298556925,0.031035903303343215,0.29608157807395974,0.07542470018752509,-0.11789966826478715
STOP,0.034260156335441064,0.42798443022609844,0.44051943433809726,0.1140061016643886,0.33141482359020386,-0.004285254287822476,-0.0798495457614287,0.9088919738496435,0.10306145237600536,0.45294928998912487,0.24839815479787555,0.28511951125678575,-0.4337078981667507,-0.13091627568023628,-0.22827545770439425,-0.22689785891777509,0.21477555706059254,-0.20218469276950501,0.08337594578578464,0.0063666258509454815,-0.21956760156222296,-0.4196747113064007,0.27752916530880967,-0.38003931433804866,-0.5119389679914365,0.36978697375833197,0.5506285793546013,0.17683894835223596,-0.5005284502804125,-0.16655118527200635,0.38244688700272567,0.47883769815441535,0.0072100209826091236,-0.35750068709088195,-0.47504507241816823,-0.3024706662154013,-0.04089641131714977,-0.48944938112675224,0.5317313433058971,-0.31392416982341936,0.24126109546951807,-0.40238292516136853,-0.007884326576795962,-0.43126252330651843,0.1763873775010231,0.0813461826096145,-0.44493293009230506,0.310982574387616,0.07265912778459302,0.2759395505573737,0.3982961654074604,0.6058960907357713,-0.509103574705582,-0.27620219852672345,0.4920782993892138,-0.06063580331180748,-0.3674372799332369,0.28083904572147655,-0.11944301032234389,0.19607879640290124,0.3308088638708192,0.3650930453105072,-0.19868252849436213,-0.22416348829872923,-0.07883801949830896,0.1122517109577197,-0.33558244337726384,-0.26684910394384775,0.041840189842765545,0.01583248141752954,0.17357287687076087,-0.11700214872480755,-0.19120750602322012
STOP,-0.048377417283295844,0.3966695338896469,0.4528484740443384,-0.13910674985283647,0.3286261445053732,0.027050239243481718,-0.08424375885031696,1.014068237493741,0.10939497617303853,0.40393137378225463,0.2735784506037456,0.4413078839936128,-0.28158795939281794,-0.07335525168072896,-0.2800725559733582,-0.16647310231626206,0.045051344331669956,-0.07301220538782184,0.05186582513634258,-0.043708531810978446,-0.20053553737785892,-0.4060499163072777,0.6268935027172442,-0.5419561761949291,-0.5524044342707242,0.38232547950848655,0.44919742039977567,0.20379031880574475,-0.5716390382055647,-0.2339851397792797,0.5121632798206934,0.28338888737995926,0.12398517888311684,-0.41178929165832834,-0.5421780661943985,-0.49273686225946545,0.0181982637779904,-0.6180651666410747,0.46899846472229695,-0.26109455954140254,0.31327603318339825,-0.38872330924401644,0.098750688107442,-0.36846534848772905,0.3642670784800029,0.05690581229650954,-0.5577133462133589,0.35420105739382507,-0.03408488450087585,0.3637119012883574,0.39252584215385805,0.39339357897865096,-0.41089005844786847,-0.32278973293190716,0.4582869630541206,0.019256621927346347,-0.26060066637641194,0.3445040401689336,-0.2508021268760233,0.22090155395667788,0.3073337420098486,0.271283494098601,-0.28863124206973456,-0.168989208812244,-0.024687765944105648,-0.09538321655029629,-0.35815659563569624,0.03369747331602212,-0.017433073084808865,0.09800823287589841,0.2726167723263109,-0.06675859002852032,-0.39680214587839047
STOP,0.11523112790612347,0.378319549817773,0.5154744861288794,-0.16756627213071196,0.4260129677183393,0.21981045956762338,-0.12316651721805244,0.9681835466459469,0.13582525957256814,0.4416213644324298,0.34228759757590743,0.24041670066691198,-0.1810682285417914,-0.13210659553125442,-0.36415208949724576,-0.20433659754779965,-0.016746008204581234,-0.007940877945423669,0.007871316440256737,-0.022100072945853186,-0.2510382931488468,-0.45382755057584245,0.23901812284229856,-0.44077266575610596,-0.3944130116476941,0.2535203332543339,0.3731926111258963,0.2913681111326825,-0.6164254698656153,-0.17574713845562595,0.39947109042559165,0.2203408327478647,0.08667683749521438,-0.346190433360556,-0.5421986805767077,-0.45081997274891045,-0.08234812344310508,-0.34677458397331107,0.49712135252263173,-0.4200534474985441,0.12932773232633,-0.2656085683267224,0.0881776559036428,-0.30844625895096556,0.2121589969489044,0.10864780169689389,-0.37970787365589076,0.40420758922018446,0.13720110465126756,0.3642111975457702,0.4074897522572742,0.3716958098401708,-0.4264237496680421,-0.32316761568043856,0.3553829696953417,0.07635054695544881,-0.3529205171119523,0.24507486292287947,-0.13619942479022806,0.25345646545731476,0.3644481737108539,0.18981329367167177,-0.30947906666797187,-0.02308091418724942,-0.13388048040547484,-0.04832003175951612,-0.255511048375487,-0.1315230332152198,0.03232180114638035,0.03514158267446773,0.31968557191539887,-0.024140352070705112,-0.3156044920033911
STOP,-0.07605593073927867,0.5078824464318308,0.402247623597533,-0.010070940293861241,0.30265785095590136,-0.04140819755526769,-0.00726922301469916,1.022095485447734,0.15470298340655436,0.371057915423042,0.25803701869906603,0.3992408811386569,-0.2994095757065929,-0.008534071586156627,-0.1660714830246518,-0.25505772461339243,0.158735411845734,-0.01319192326378478,0.18332286805013964,0.01754892696071203,-0.1359826019575383,-0.42880944928888537,0.3248478905968166,-0.5168040195071478,-0.6315306319726499,0.4342213649972824,0.474147503572373,0.330409286038853,-0.5832461281148432,-0.1866997796513098,0.4322322476076157,0.20585469950910087,0.19696928797749166,-0.1745543570123791,-0.4686864004583883,-0.47642349655179395,0.1471416650357561,-0.462597837414184,0.43024806559165496,-0.34958034808905564,0.3675647884323735,-0.13116773917734545,0.16510690151616916,-0.38113079632077257,0.2397585019170884,0.021066223213072388,-0.47241589943300116,0.3043247765050646,0.21911173809076356,0.5660948937239259,0.47632564487294415,0.3436587353735563,-0.3507703256626491,-0.39813160052632496,0.31546505462466823,0.010568872390806724,-0.3291389904375768,0.205020214171455,-0.2557474182729586,0.1873498501832493,0.33454523232144046,0.2776769332939042,-0.3760169192298751,0.02324081318986372,-0.16541913460261803,-0.08491895270596603,-0.3589114086030878,-0.05619673737520113,0.1275013758620268,0.0532628727454445,0.365217668713221,0.03929739348615773,-0.250699150886423
STOP,0.03499156261127126,0.31465051294301116,0.43570608013170964,0.00541037885845122,0.6360087351476884,-0.05307687300474545,0.04560228438312272,1.0092803351487045,0.23778686278005812,0.29227530969984605,0.33012900842036247,0.17374025673892685,-0.36555629486852736,-0.14429561932642107,-0.18121974881059558,-0.2702580636370463,0.13260998740151622,-0.13371396875871636,0.08252128836714442,0.015167865449388335,-0.3159889769906954,-0.339748967942954,0.34632606909762864,-0.4009567575972053,-0.47158290109499845,0.31003546924218156,0.4496088627985243,0.29296642726208266,-0.3838500270986411,-0.3159378966003014,0.3811821749994495,0.3641411356094528,-0.04908263155798498,-0.36758028556627875,-0.5706458161154829,-0.512374566005691,0.005074312392991026,-0.6332721163981031,0.4027946063784028,-0.2652182107804524,0.10898383609913592,-0.37216185282392017,0.19582929808695948,-0.42332264193594965,0.29418090371161065,0.009237893264705421,-0.2407553183025736,0.3052826300689312,0.028770240020580665,0.5269570042507071,0.40208463408982315,0.4243388921005996,-0.4447498654626624,-0.4010288284900547,0.5173459705824452,0.031836276534554425,-0.31324582166785775,0.20837805200690362,-0.2844456658961231,0.11511536688266087,0.21005135716821732,0.3080367490732732,-0.15086452754805565,-0.028697802469145536,-0.2773082986176563,-0.02833228885898904,-0.42079450490726866,-0.036030954559989045,-0.02264289098927079,0.07906194908061948,0.3183681827523509,-0.13434565311393595,-0.34658294731028805
STOP,0.010676011550442843,0.47647807868701314,0.3432454143025518,-0.2104872862709311,0.32512188128900793,-0.06902554288562684,-0.12173446656288836,1.0193528203681446,0.034899023161218096,0.3303058923760205,0.22383489265709508,0.28742400255705364,-0.3976839937180463,-0.1358947911332492,-0.29723256623915095,-0.1706727051134316,0.14979578872865698,-0.06807635899850448,0.16375465514955273,0.005553000026349869,-0.19429983902692802,-0.4392710968060529,0.3608175835194847,-0.5588488185102162,-0.4979851685739042,0.38258873806050075,0.43875753209514834,0.22412539902055428,-0.5389151402348568,-0.2565614269164775,0.42787202954596526,0.2494434064703106,0.012402508210149016,-0.2228729886519957,-0.4933697464996794,-0.5134122657625939,0.13289322373400347,-0.5113294210449889,0.583751573420229,-0.3945254588017224,0.19574964084389476,-0.45732149632094665,0.012343469746507015,-0.5537595513503129,0.3264837463379733,0.14624139608527598,-0.35109969270062685,0.35089598761396296,-0.023371017600105376,0.35756505945044204,0.5390371380957544,0.5353619577905662,-0.4124103872434703,-0.4202929609719027,0.5971956835320787,-0.06795943151207882,-0.24347801052317974,0.3778210729305347,-0.30262185876068826,0.2935535748696113,0.3789306415172707,0.28110205391675575,-0.3054268797327139,-0.156336606729025,-0.06359291093867096,-0.12259402548603911,-0.32216763973840395,-0.004245870860724539,0.08960060434020777,-0.08015956937576539,0.4252002137573601,0.15296357801389002,-0.2364039520692373
STOP,-0.07283068414966229,0.44302050127970694,0.45189177930939134,-0.06593342928879682,0.3223807784946418,0.0657610530299847,0.004496146970044669,1.0761726289396314,0.03713283677540506,0.3735229932045671,0.2340518355569587,0.4396979074595878,-0.22295889852971496,-0.09712701766534709,-0.16077036356834512,-0.12020781042613346,0.0940410362548498,-0.25566189391132677,0.03972470385425485,-0.08830178308689111,-0.30403045539764495,-0.5234895477633706,0.4312560050701446,-0.4626662882056863,-0.5917392702634378,0.26712745924865083,0.5897087221781231,0.15688710663233135,-0.47106224962241106,-0.28849203729692513,0.5123317779469263,0.24011563996132038,0.0740065220079196,-0.24964148437197084,-0.46721532957491346,-0.47281261872558195,0.13954960917775544,-0.302826497083512,0.6985339640670611,-0.36775345776919965,0.025247923441077375,-0.2973006545298287,0.05499361788981583,-0.334505362799096,0.2895692965104686,0.0896094098868872,-0.32352077892840714,0.45008863627311285,-0.06390618992577787,0.3562638150421513,0.40817593693501836,0.4283827994005491,-0.4402934560677119,-0.3443056640165257,0.567394192861566,0.12541759825636423,-0.21547290526902038,0.2014777942224092,-0.24750487680334346,0.2211875087178778,0.3784569970482538,0.315316819969996,-0.06192045971314383,-0.13530247674115561,-0.0559689540653794,0.17964982992399917,-0.37944370021215207,-0.03591805389202918,-0.06480744957444153,0.03827594855124694,0.2574830581334469,0.1010785707588029,-0.2574305687638132
STOP,-0.06461857843427292,0.53651466017186,0.4700728420285989,-0.011345007809364968,0.22880924404733372,0.07277379457830827,0.07362322312875119,1.021093862159793,-0.026745507689141926,0.3972493309335331,0.3783830726975664,0.37639157114998656,-0.3743452362041069,-0.24419738777655176,-0.30128946097773,-0.22156292960291707,0.11525508615810756,-0.14361630686208182,0.0004366805252946984,0.026842293655430477,-0.20215037215468562,-0.3697633135763661,0.2538396226142813,-0.6825678236511342,-0.6133511743735814,0.28835426571500394,0.5429194217348947,0.03972307808107234,-0.3572979967873563,-0.25966449118987656,0.5806462996979541,0.2377266455759045,0.1071086385385103,-0.256323616161978,-0.4202148890288867,-0.49784183677056837,0.14983808025083373,-0.3899924981458809,0.44153603841403066,-0.29723662790708993,0.05967838289148944,-0.28874003706251794,0.1964664245747137,-0.5189435953536781,0.25946792369900773,0.15535959879795874,-0.41131990872126095,0.3617941533194636,0.015738659454810906,0.3873401297662848,0.4096878413912824,0.4238415032577309,-0.5167301007257168,-0.38432399712115883,0.6131885248129441,-0.0459298820884064,-0.36076634580082256,0.2575512030597438,-0.29288380375746176,0.12014834199288718,0.34841925478837077,0.22744081432319438,-0.2759293251503266,-0.08610723548993181,-0.20940296439571043,-0.14805265391561817,-0.27895737289970945,-0.20199663764358422,-0.06735122510910867,-0.1122781662500226,0.2810095126365516,0.05157919829158845,-0.2602290415877347
STOP,0.20156307352089328,0.5562224937716463,0.38120693090634383,-0.1833349103733542,0.5371572895611937,0.12827360205708435,0.05890545613874024,1.0609522063559014,0.09585643586631154,0.2820120685245705,0.2926969828108335,0.2920156564959832,-0.4124020688717792,-0.18463266915191465,-0.14558097187427974,-0.19409871116795305,0.24523304769637425,-0.2744705415487428,0.01892740256620623,-0.18528103582517647,-0.3101382378616191,-0.4708530222475852,0.41706322748642993,-0.46728054030892036,-0.5526907374282373,0.14857377517661943,0.6150263701683623,0.2042416504307477,-0.5740293755612064,-0.25131531084587966,0.4881783139038152,0.2827901349738376,0.07868232505603143,-0.3555416777922825,-0.42483676661913233,-0.5588878949431406,0.06353529110595207,-0.4262639783554509,0.5899468591261914,-0.1897542010625548,0.29517122094660303,-0.3708660532917291,-0.0831892244303225,-0.30698426468555096,0.3764341036456412,0.031163002456550015,-0.34013818357262016,0.3220119656855464,0.1671207654576403,0.3804031370210154,0.5749154766819929,0.48339743329444207,-0.2784112122246531,-0.4161460198174669,0.5201081780717334,-0.08994151446884324,-0.1942668070013166,0.34158781112562797,-0.04395286533142309,0.2657788717962143,0.39521331405024857,0.24659694717497807,-0.18264184199124553,-0.12877272261576964,-0.07748013605936366,0.005234171028135434,-0.3608115383277976,-0.04249434186229811,-0.01924062306159394,0.00133050657834528,0.40603360210463996,0.03136758982560811,-0.24145077571030266
STOP,-0.10637117915453231,0.5031459108949574,0.498133436036891,-0.11943759980234159,0.4874246283840089,-0.13987033953630987,0.0745052584188182,1.1119884457750409,0.11730134502826312,0.41467494701425445,0.3241881950050951,0.35577118306373356,-0.3981419681302203,-0.1176149030920292,-0.2814604307116285,-0.27158618956240477,0.13691294146278854,-0.18036502060447476,-0.05913087651809132,-0.10462760458155487,-0.2772963533977228,-0.3223182450596326,0.40409390858942884,-0.3780360143401561,-0.5516720103566725,0.3967313295152659,0.723980773510423,0.2555854250838274,-0.41579425295126304,-0.21782836019345414,0.35805667406789515,0.3554696359712309,0.09131634945667656,-0.2839190812315058,-0.5563527040096414,-0.42361986813642805,0.03418856436137692,-0.30747647527302513,0.502763668604423,-0.4144807303291822,0.1695876596030102,-0.36719102565077194,0.23308355341162218,-0.4901558272785421,0.2574810434731322,0.041894825135627874,-0.37389262775205184,0.30683551610360194,-0.04410591851447483,0.4059687436296221,0.3926718662115332,0.37312823927666133,-0.46531962851130143,-0.2842665744149963,0.4621265925747976,-0.10312939159956865,-0.29875522427484086,0.2740113412558894,-0.34261634971162636,0.35729392481915423,0.4066921360502629,0.398677196784783,-0.19458194176305,-0.26587722193117097,0.036077700564357426,-0.0778125506723196,-0.39520208798003187,-0.035023938069222105,0.12104137824909167,0.11597196729724439,0.3924029195985399,-0.007611665750469069,-0.2954246795736937
STOP,0.03788869580271589,0.45886357704584363,0.5268449915052202,-0.021161096827623238,0.3679295599769701,-0.15880906094313496,0.02199495665135562,1.0462557509200359,0.08741675860907268,0.34023195947945206,0.17415097636315408,0.32336822309726526,-0.36857506684222574,-0.09557511336982841,-0.3204682335645459,-0.07081186630494993,0.15962453089938644,-0.11147001794608168,0.04363474439339028,0.006693958498432795,-0.18198061633127988,-0.38550983076039297,0.4752676901095513,-0.37450374164282013,-0.5985404066168724,0.2427670111755615,0.43439008228748616,0.10690885990217205,-0.48974604398264737,-0.22530045691192616,0.47010923666577437,0.2658745208448031,0.1569164643750437,-0.25189477830310103,-0.45819115668394556,-0.3867997429706102,0.10212150842213592,-0.31335099783760245,0.4578049416156314,-0.15678031014522992,0.13272854731628364,-0.3035414863571513,-0.01130915240678445,-0.32982342217529503,0.2285198159045689,0.10819078997635655,-0.46587666628191055,0.42356420309333465,-0.005441486074429153,0.5562654975927315,0.3369436051212014,0.31285755602033066,-0.34609063355320513,-0.42637372946655827,0.4871268246402351,-0.03817847090815169,-0.36679460854306756,0.2635049953675909,-0.13452150718973382,0.30746664828308756,0.3558291988598351,0.37324484073808917,-0.31071367857759874,-0.12441777223316344,-0.055084601508307,-0.019160268040897113,-0.35237301489798856,-0.14358144817134522,-0.15572432057593721,0.09713831057702331,0.3393581558446363,0.08949436873630263,-0.3041949528589948
STOP,-0.04680902842189696,0.469793081679457,0.5240355308078972,-0.1060866871862537,0.38476506902943247,-0.03723679884903161,-0.0011598830964148817,1.0493549298524094,0.17208590598206375,0.41718812240443726,0.4198200506586277,0.17850236070346345,-0.3296774490707584,-0.1271987097320007,-0.21718762754281484,-0.24915351246027534,0.21429505064659227,-0.13417907131201137,-0.026267583570527386,-0.06278075095851245,-0.23843736338068144,-0.18193775441505505,0.4758339453067837,-0.48465372553869396,-0.5073008466739652,0.40288228876206317,0.5767199131520472,-0.005821165831995712,-0.43328670955844856,-0.2710724498131965,0.3669311945190032,0.37902138334376895,0.24649488488937227,-0.21859561481341855,-0.3975955186927019,-0.3348090000054387,0.04555989147262249,-0.6267738392609302,0.5461794269901328,-0.336425089421578,0.10077348567955385,-0.35119387347845005,0.09829721100096414,-0.43130644471493124,0.2038322140744402,0.06704052990110884,-0.4153914238226926,0.19422760818991894,0.03559661852304653,0.3140450722417266,0.4693454498398003,0.29562438343964015,-0.3411994234354571,-0.4117754437825919,0.44426775317443695,0.01115718918286374,-0.3310687027887237,0.29196414882906313,-0.29428348076258765,0.18267692703266078,0.36971411139609195,0.19317691859653,-0.32709917594305316,-0.07852338532793558,-0.08890098496587442,0.004768337689223183,-0.3064160095221503,-0.04293990528109909,0.05943040043284522,0.0395038995393451,0.159316118010434,-0.12249626909345324,-0.1149801430669582
STOP,0.0102189517290196,0.545288576485894,0.42804324646870584,-0.09221171753875579,0.2843530819414861,0.24054202811532455,0.032015281346305886,1.0121754289381562,-0.05814846660610509,0.5584766059820327,0.2670715783768278,0.34585547426418983,-0.2715911781991371,-0.17857699474086602,-0.21299886131887172,-0.23241578048449346,0.00030523453057211547,-0.0420590112287751,0.04804266707849011,-0.020017725037210533,-0.18051076203973068,-0.35356200899041823,0.2673155026086526,-0.5354498765006609,-0.5243055244577428,0.2602794459314267,0.531131488167101,0.322054273921328,-0.3771113895094114,-0.30044615454827733,0.49517996925859387,0.34425573253304276,0.11650033134099338,-0.33339009640545253,-0.3399833726120537,-0.40501691261487544,0.1881928110256219,-0.38189131909554513,0.5363610173066514,-0.3988012403503397,0.19958954334486875,-0.4770245501925398,0.07329922187364127,-0.4329258041870262,0.26353663385108866,0.18124118513168178,-0.45039282968310174,0.32841633649823937,0.0487764784537593,0.27439293006022736,0.39533828121715237,0.22164419650368775,-0.4690565247511912,-0.31062711397405035,0.5234871343762835,-0.05998480343762012,-0.2585220897129474,0.18366532312822553,-0.23590225103947962,0.46164131085804316,0.4849498834795156,0.2884731476966615,-0.21314065860883466,-0.176746651091527,-0.1508921254028077,0.02024766387284735,-0.3746185537107828,0.024802018002468965,0.13635784499370027,0.05831865936353553,0.32803940645165236,-0.11712787151335693,-0.20940725786456083
STOP,-0.0812805017588141,0.43582851405785267,0.5324656303096827,-0.005189856842518797,0.28330165209514424,0.010554598804816441,-0.04418962230335926,0.9591357617525791,0.02319107189997082,0.2715275290499895,0.3347788557157533,0.3178790331122121,-0.2952286186340198,-0.2179028769124478,-0.3624007284309687,-0.17980357559927923,0.08466754868974341,-0.14699777283078772,0.0375391559292381,0.07536331049012798,-0.1793024406068341,-0.2469422944775221,0.49335565937931325,-0.35236495991396377,-0.584304533166509,0.3742514190433884,0.46226970120632016,0.09403189080489358,-0.3650459083726732,-0.296805175387937,0.3874145698406265,0.27543914311393936,0.0031019139828055015,-0.3186351279689744,-0.503358065287863,-0.34067331191901157,0.058675486206656566,-0.3454264705100416,0.5615370856037344,-0.284914441419375,0.2705569644494273,-0.34384782548058995,0.1429774294067886,-0.3740302904724144,0.13360514573120214,0.10862124927602687,-0.35111545515917575,0.3254660917119081,0.05711908459381661,0.37256367043936545,0.3064133211930278,0.2964776398120832,-0.5451802387650411,-0.325518658847834,0.2884832730460916,-0.06571757275837252,-0.3230382099904826,0.2470917256196608,-0.38422930278241424,0.25952673559789186,0.2354328663169692,0.37485582055202216,-0.2756934468091712,-0.10603046779371655,-0.08644708824230715,0.010812202333317582,-0.32966599826017257,-0.08169879348426815,0.03822687297100316,0.06900076702064875,0.2586896566156886,0.05144392399737976,-0.17387845329418913
STOP,0.06668473805267477,0.5438592636803012,0.46945322683146756,-0.1624625456732317,0.255850697506862,0.06885887902676828,0.08717698556935932,1.2778370144981763,0.15252046602339847,0.30694306996336446,0.2187520434062935,0.4685985299757419,-0.35722207598180306,-0.13774938208553328,-0.3436284369825025,-0.058876445098424546,0.1195660000793754,-0.19718429446057703,-0.018808205644315637,-0.036922436053593195,-0.20984794755983616,-0.3380277484171512,0.4355959351949586,-0.5097850618968411,-0.5418516394949382,0.31400236789963926,0.45275647259324897,0.21668718508927526,-0.48341088764756474,-0.3451442448018912,0.5222770892297917,0.27897003501626116,-0.0005509042181164187,-0.29126788482219046,-0.4662491415436281,-0.47249547137752673,0.1457503127225836,-0.40630043364153456,0.5980253582460153,-0.2937772734912176,0.12515517089043754,-0.36646914279001064,-0.04025204965292613,-0.2836403856367999,0.42577049513541626,0.1369459905245371,-0.34515659918746255,0.36866164465893825,0.07630308801356529,0.2937959725469882,0.4107087844575598,0.3500155444988816,-0.3997062767964624,-0.3838110258765593,0.643451566703887,0.060931036496533295,-0.23902498856912074,0.24830931352748792,-0.10163306208672362,0.22481931632851995,0.36381969478058335,0.2876433456494274,-0.2582845042586504,-0.09546092812992132,-0.24370634482098893,-0.13254359399482318,-0.3046567051262938,0.0779260256565413,0.038640678847013214,-0.0259205118106799,0.20447212965907138,0.08009667931754628,-0.3145916895675329
STOP,0.061672035848515355,0.5004584569937837,0.4939635902992471,-0.08488237339895689,0.3513138050807249,0.03371148949790854,-0.0390686351922818,0.9778841365373678,-0.11682599336936814,0.38608916557080386,0.40168410383124836,0.34472355210226985,-0.3218542319455841,-0.20027095240956844,-0.18700794528903802,-0.19362946248860605,0.20553408859685007,-0.2137031676933266,0.0007002552264535472,-0.12928034726299323,-0.3319539111849934,-0.4795601406101824,0.400095758126056,-0.5456027159834015,-0.8068575381972766,0.4127396035571557,0.3620834419779976,0.27424109050458717,-0.4822289947635501,-0.10391994801785925,0.5515792987837709,0.2682358845350369,0.010634758816286088,-0.1429210760956982,-0.6036994818413639,-0.46386813248909436,0.10149122647025287,-0.505626209143951,0.5219112606812467,-0.30145137766556784,0.24729942129261684,-0.3338222263985239,0.07350793349909433,-0.4119194960992549,0.21402427355593803,0.08524119554375731,-0.4709842313749066,0.2861560608215375,0.02012661455928185,0.4120384571544506,0.4194413981859375,0.4938180956756488,-0.4620919264027995,-0.3632940841274909,0.49714802683170345,-0.061089441598579236,-0.25588668427432876,0.34988220171284307,-0.220794281436846,0.245342402340827,0.2808595113743477,0.4417720853916707,-0.2778207014278647,-0.23180410276456115,-0.01793426714927754,-0.017912445067402256,-0.35687049413563,-0.09117425201857976,0.16052016046074674,0.06007621886942703,0.363880527716065,0.030343748366076582,-0.2476121084107091
STOP,0.1221031712090637,0.4492008714503106,0.33914455527721354,-0.018126137649019214,0.360358383262545,0.05190622662921876,0.04941614688099741,1.025304523755118,0.07563011709665095,0.3900419102543718,0.23281478862941873,0.38145096734766226,-0.4530516516170848,0.04732002087860099,-0.19660610661324618,-0.32632276032055213,0.06160603713445102,-0.1486998599020367,0.09204874777963504,-0.14064901338460056,-0.21082241408081498,-0.4142861176446531,0.3328289883389075,-0.5587668125130499,-0.42484314012184027,0.1910711365601385,0.5350412552134741,0.29090365226390613,-0.5022108290041886,-0.26911994615348694,0.5649023002377518,0.25221613131591025,0.01866764949358113,-0.3027779850475857,-0.39240374613538853,-0.3757550276118144,0.0003096447731371077,-0.39766886386264594,0.5591428064331554,-0.19232858167027567,0.24151600443938767,-0.3484810882098727,0.13171075602344723,-0.3634764082136412,0.4463702976651413,0.1616177223217759,-0.4015494684846717,0.25465783876991177,0.0005452406011725239,0.3067159117710767,0.3994184107932436,0.49459319694521003,-0.42250848687797327,-0.2973042167446708,0.514711708391319,-0.0446465617816148,-0.25477593475725524,0.3074322237830657,-0.22457690691042873,0.23927042632679546,0.2757617692428246,0.24962527607590335,-0.045275328109693064,-0.00010410668687953206,-0.20465626851150093,-0.19808459849603713,-0.3265317547439662,0.023947881968421625,-0.030812356478296873,0.11344169483688746,0.32467279518502495,0.004289596101337211,-0.20872686339231028
STOP,-0.03233686106787096,0.446332738604234,0.5093129398893089,-0.0900821849525233,0.4733243561533725,0.09877387462689681,0.06206099382379543,1.0510036896934465,0.14395508460507866,0.3747693087390329,0.30272406929105333,0.21301370093889724,-0.25691565004521344,-0.11830217708549301,-0.10819403825393409,0.007299153149216586,0.1406048996083772,-0.12974216173311984,-0.014987343505779446,0.010881232535282975,-0.1965616764386541,-0.3615537786624844,0.5302214483412822,-0.554580497088419,-0.5722918453365358,0.30788366469389156,0.5625070323059358,0.2714922069308152,-0.556381242872777,-0.21278554127528804,0.3757256747505002,0.2415849182259262,0.057563258429575895,-0.30741379023765864,-0.41444103498117624,-0.45622824872250345,0.25322575774040745,-0.49794295287593004,0.4838539698421132,-0.21978555778132086,0.20343369761937366,-0.22541985877098292,0.08335967792847385,-0.6076116291246112,0.3609840576652003,0.15793923977441438,-0.3377266981097414,0.19570791891638487,-0.006020582124981813,0.3744959233287764,0.3493336642732813,0.5598615920380975,-0.42315622682542275,-0.3819671136558102,0.5318664745414602,0.033144954829856535,-0.5285773640209188,0.21795588552670891,-0.34873786501082016,0.2592401754710279,0.3141743847030373,0.2854943824553821,-0.3922337717133064,-0.12316960389600279,0.002461423379901573,0.10402887675264523,-0.275118074896608,-0.1543671730615071,0.11153513475484961,0.08962917698105369,0.3105253072592951,-0.14466840668128433,-0.19292848143332345
STOP,-0.03716010403435977,0.4969625100329087,0.46117106776980493,0.035501088767820904,0.31059289540335294,0.04205875439153952,0.13804511879546488,1.0023062818786368,0.13912053858093232,0.3846886727328875,0.19993049223469778,0.28641002363693185,-0.28473455233502176,-0.03325376566831546,-0.1488195645221096,-0.2076658434824067,0.0005594049311482829,-0.16071529859595043,-0.03382464280214639,-0.07888964767874337,-0.24071766423985302,-0.34639734946230016,0.21536364295163235,-0.5473152696822825,-0.556388976213382,0.421767919956188,0.4077033901337086,0.2452354164855757,-0.4949764350906978,-0.1898663711845761,0.519489249422805,0.31830375071946515,0.02242649383766558,-0.4113266908084311,-0.4658629416182586,-0.4366993434802012,-0.014008545467745603,-0.5768636567938609,0.5138165397951068,-0.2894848316096323,0.13145557706191255,-0.39086545567302966,-0.10682568598791961,-0.30920759922872376,0.162788471943767,0.12830184602471373,-0.4166301622908554,0.45175367876998623,-0.016361712645278526,0.42649252684054895,0.28074922093912463,0.2654256425314021,-0.37450811309029414,-0.5218443053710528,0.46944840696143547,0.06850445723653956,-0.202051158683278,0.21649764946277048,-0.3627950297001718,0.26797527695108464,0.44466632047857557,0.23128433100203075,-0.29021722047463394,-0.14037358295028282,-0.0410202999021544,0.08955432661766485,-0.43179569337030577,-0.16739249433162984,0.19798269627007556,0.01752317354984933,0.340131853639683,-0.038019968769915924,-0.23001909273010754
STOP,0.08701807234043235,0.4932529380743606,0.5949682050800267,-0.11371007718252871,0.2995916564403235,0.0617803497006086,0.048952819197662256,1.0731998423436606,-0.02877849168809711,0.4255791438588095,0.2501999624108171,0.23983898357329042,-0.33747239704340126,-0.21847236785277352,-0.3576263892596227,-0.39332223434467206,0.21931832977451668,-0.09075768110151192,0.05135668775976165,-0.11487661067635481,-0.44346702411398575,-0.4628788758925601,0.4491077643179087,-0.41325268970784185,-0.4469641523697647,0.33946909622374344,0.6011208720003003,0.20081984994657298,-0.39791104864636634,-0.30407636882910366,0.4013313955517403,0.2281472137400331,-0.018359869889125177,-0.2104138482554422,-0.5450494397610173,-0.5617808349653866,0.16907968110313543,-0.45193049240979827,0.5706375005530369,-0.275608205604438,0.15045843545349236,-0.3388520852700996,0.0501040603592887,-0.4929214042117026,0.17840842660572376,0.030463365995413307,-0.25090671806481857,0.3155666616622816,0.14564795808763914,0.38409946925493416,0.487730479241312,0.4927071219312102,-0.34600755916336845,-0.3480160508847599,0.59789513601869,0.017869138946924205,-0.12470356882362998,0.14007090424358332,-0.20785187897417254,0.24988157542149567,0.2623641901853218,0.3306301150363797,-0.34515880584819403,-0.1507161719815892,-0.24667602179854828,0.115963039461497,-0.3511511079754876,0.12582077319964735,0.07501898463703931,0.06755685364913439,0.27300221444197825,-0.06637350437549841,-0.2273783515745692
STOP,0.0044920816224719865,0.36212761910970215,0.33435088559820647,-0.16426680831872809,0.46629963230445204,0.22033007503931967,0.02815501934188728,1.066879485077955,0.047069080721948486,0.3258191026984044,0.3901481738036716,0.43620325621103295,-0.4115444882908036,-0.1481776231404045,-0.30278438740657765,-0.21770384353356223,0.17441200392811435,-0.24017311025904184,0.09801539273917056,-0.0032397031409537175,-0.2247565354384179,-0.33315113963589954,0.4036506045877786,-0.3912562403028623,-0.6201239362520972,0.29889571888299643,0.4910658888977072,0.013326236955948256,-0.5716023806233981,-0.33839771368018956,0.5476791798478292,0.25205678446866675,0.0013535248202328765,-0.1977404281071457,-0.6150626457364554,-0.6448380527580768,0.08305347952467891,-0.5939846650938453,0.38085579835260075,-0.27074146317122333,0.2807852689022836,-0.28183114131941656,0.12879555392229314,-0.3200979659325983,0.09649120782708873,0.120954051519187,-0.4562019625641497,0.2887922495207706,0.09185178535339843,0.2831686716216578,0.276534685208327,0.4711936090131198,-0.3831919183986602,-0.3681036257757557,0.41731273733834695,0.04710719216527592,-0.20736171580601429,0.2764888497024543,-0.32990046208909973,0.1931958203602818,0.4043124720517165,0.39043867511942354,-0.25207512007217087,-0.11835526334542393,-0.09968412540872854,0.013264358817349595,-0.37911253246466586,-0.2790647541913843,0.10620451064724744,0.17528411235405636,0.2709084412160012,-0.06799777103400673,-0.2801841192775426
STOP,-0.004787108333991276,0.548910730521563,0.46007071425047497,-0.15098033641693603,0.21514949823850968,0.11251857638398922,0.05971678685031446,1.1398088516259974,-0.00348022958937734,0.547652882525431,0.14063828863051314,0.34308522641138045,-0.4928375827994129,-0.20477706340231377,-0.14191324891392748,-0.1175755771862849,0.03584171025475082,-0.17672315005548717,0.06874758633110142,-0.02036747246456514,-0.11325809093565663,-0.44109528616352095,0.26289565226580647,-0.47606914383145055,-0.5349419788587004,0.22274704338367018,0.5206244535508135,0.21005372738623307,-0.4602051854195317,-0.3448653093464611,0.5107595426880012,0.20323639643343652,0.0005813326289843962,-0.2825724290466232,-0.3462843208764739,-0.4163524978787115,0.1981562638716498,-0.3648019609801253,0.7818567127902425,-0.3132890411015872,0.3243394357196657,-0.2639294582354313,0.11977602136231659,-0.27744954209056794,0.23323338205448507,0.045026292809919315,-0.38825206552003605,0.33397020744625455,0.07249868301655585,0.5466122128175589,0.3783716358616104,0.396133472479084,-0.4082699195174059,-0.39730771232749007,0.3345853434751189,-0.05880939001720919,-0.206796087791852,0.3846682285732697,-0.32808426419053616,0.13447309608017488,0.33970448206714793,0.11821577210505368,-0.2615498080410348,-0.2372647906848744,0.02277590722067356,-0.07027357424356054,-0.2004004135527418,0.041551758691009535,-0.040922393300313636,-0.054047774366633786,0.3044167700510511,0.00896276853883894,-0.2415243219701327
STOP,-0.051910260798103756,0.5289808342303025,0.4769258033188639,-0.11480212252451048,0.26365900184971175,0.02847704295052047,-0.05359621258903105,1.0596391569693389,0.08080980528590295,0.42151451324127176,0.4214332419688404,0.27572156712329626,-0.2597031320537022,-0.12318356110838023,-0.28585462750164053,-0.1936174591404628,0.07483323076028135,-0.11283477001149479,-0.016047843753251537,-0.17872598240102033,-0.16104065007233032,-0.3327466591883407,0.4514893239690069,-0.4762288725108335,-0.4369695416617657,0.38387206184491734,0.5598212890421863,0.15833956200628713,-0.5724823057094858,-0.3043953130716683,0.4704319714985488,0.2892505620032516,-0.083335382702319,-0.12540388158882965,-0.5075534731841098,-0.4653221740364347,0.2115447827912713,-0.6657659052092733,0.4526946321724357,-0.34758554839264627,0.18380255823322572,-0.3588192058447028,0.1558642049733021,-0.36551200147560464,0.34342124602354956,0.08869071646970357,-0.525783150290225,0.18221042638832494,-0.07533400308182849,0.45037356634659953,0.41916495069392345,0.4036946976821018,-0.45170095233874297,-0.2181045122100568,0.42187352243807996,0.06182637788799068,-0.26163291228917285,0.2647893275557782,-0.14158377489817847,0.3442181186339579,0.31812182129897404,0.348199594834652,-0.1968408828300603,-0.09778645481596976,-0.07040860135416158,-0.0637677870831152,-0.35711509992635077,-0.0939807719658741,0.08289312782979327,0.02409290733776742,0.21608330801525516,-0.04054047937355183,-0.5251572491032991
STOP,-0.02934620578626132,0.4722808495562982,0.44480869100951403,0.07084183813527004,0.36661473755635654,0.08570398984554742,-0.11970563520844774,1.0257926970492814,0.03504168588241452,0.33769143465852397,0.21614339595402438,0.14166730838393216,-0.44213921779816706,-0.07162308064524044,-0.2782282587092188,-0.2245969110063108,0.07910643672150873,-0.041824932333660025,0.061034659134328914,-0.018268821250939926,-0.28111282894133294,-0.4540869618545789,0.42015660814987665,-0.33721433732838224,-0.3839655230968389,0.3734239853200371,0.5089256411386475,0.3391883761638299,-0.42115189609350534,-0.45680273512113956,0.3875082324335435,0.3356554782024693,-0.07615756143936675,-0.33494641094019,-0.5416149895658889,-0.4996317998622577,0.08898644687213,-0.501297757820923,0.5596547433045977,-0.3378340757423046,0.1799369513035786,-0.45287404691906785,0.1220411172565805,-0.4731085126495813,0.17981599829314115,0.10196834071434735,-0.47518860758923,0.30650997001646196,0.06769542872222752,0.39547370011095345,0.6015521237021634,0.4145215060210466,-0.37278774228919426,-0.5343777620449122,0.4188538791630195,-0.09935227419463102,-0.33813632503506263,0.3029075280056182,-0.15286957336532522,0.2547861283894032,0.31915420796445637,0.23379497419828707,-0.13686421170714388,0.06731901041162602,-0.07594454038402838,0.06642196323019761,-0.30515752047622596,0.012910442931589557,-0.08238075173332961,-0.007341905830317512,0.351537985188105,0.11433377400605355,-0.33466681521733876
STOP,-0.1524507265188996,0.4294080902332263,0.536510016066732,-0.2142821572742693,0.22646866291262685,0.055741328482504314,0.002478187336257376,1.10252137990291,-0.02432343036733617,0.37457964302967117,0.3757486813873399,0.19088544920831935,-0.22191797771883925,-0.22694391173753148,-0.19884455715955532,-0.2139213983614141,-0.012053317117392756,-0.17496811040195998,0.10429215251858559,-0.06204707131754224,-0.12390688863480485,-0.28973736092005087,0.2971960041193546,-0.5891281655881789,-0.6027310137476962,0.25486205207970447,0.5851481019913696,0.271931783766995,-0.5283283677709097,-0.2741979805813134,0.5841671406752363,0.46124512025216435,0.08755059048013522,-0.47588178528343295,-0.4618468264924532,-0.4043586769992832,0.12995144879871262,-0.4200469301487942,0.5221953718822034,-0.4153877999048111,0.13980828720020028,-0.3706324535579991,0.12532660335678264,-0.4806594369994321,0.30325063518665496,0.10921650223852541,-0.28693752539225453,0.34525180694965235,-0.09336205868539868,0.47334194720506023,0.587667790608833,0.4774984570758989,-0.4852277271443646,-0.4655979085797937,0.4114683030356055,0.14786577182926966,-0.28797214241256724,0.21665301699241576,-0.2483897103176967,0.2018631241301862,0.4626978066327614,0.20310517801397637,-0.13150073326922887,-0.08861405820467616,0.009813124307491178,0.11788244160319591,-0.32584333774681634,-0.07273503835359085,0.01607729706468796,0.024127342820641884,0.18734311352535998,0.14153292838230103,-0.24955327609582958
STOP,-0.08283473243977378,0.30386737873265357,0.269491620284444,-0.025932075052241092,0.271104048810586,0.006875788150004676,0.05080822872028038,1.0136802088905097,0.11769666375259122,0.40819905571330184,0.2734034825431532,0.16049711224394295,-0.40564946993876955,-0.0933477236194871,-0.3213568285388883,-0.08765515308160479,0.26725144941319723,-0.08270536256244629,0.18012436877347865,-0.0038405726617374916,-0.2561254033640474,-0.3885844326102474,0.552904133032578,-0.5305109334055474,-0.5814936957682748,0.23606218591432443,0.47940858961910604,0.14682506062221123,-0.3508046077421363,-0.25600125056418366,0.5495608050428015,0.2847110209274589,-0.02441593201577842,-0.3678908061943032,-0.5582691334475007,-0.4513364878404541,0.15357149807166245,-0.4299124378028821,0.37453632722282415,-0.3166489013781235,0.12862241539788588,-0.3128230011808243,0.07841958553751069,-0.5131625552958975,0.34422079310895104,0.2720269300470892,-0.34704644759181197,0.33555946603591713,0.02169495851992262,0.40486719147951733,0.3557646659359518,0.44069964601874634,-0.5132918070918764,-0.5302180611733086,0.5052739442612818,-0.010700533339228333,-0.30747954848582787,0.16704875868982866,-0.21253525663439524,0.14800168493300628,0.32617022978053434,0.4254611256253962,-0.1738570102360339,-0.20791203891129867,-0.18873712244770785,0.0034184455239725225,-0.44265280302458565,-0.20766798808440054,0.05337275141921758,0.057383856926721835,0.35594829648678883,0.03837731302492751,-0.2744409344201164
STOP,-0.0427618814498223,0.5105600416355617,0.578090237991284,-0.1276688305827177,0.23896303746648972,-0.047541711954483784,-0.05758253110952291,1.071171943336738,-0.09719549461597465,0.43571156451775067,0.33164689001878456,0.14247087590383165,-0.4184053963258687,-0.13517607447880325,-0.278272661774116,-0.14251372008287683,0.0682483977724161,-0.03403462448775488,0.03500426554077149,-0.14014139066300324,-0.2984597908512129,-0.34575908505230624,0.3942081487013359,-0.4379293619373357,-0.4492977119196941,0.16520975154243872,0.4056043322439145,0.14545282447335056,-0.5500112970164562,-0.30693819945760875,0.5517546678313361,0.40448284036454674,0.0433685773884713,-0.2832417594656206,-0.5420644919978339,-0.47200351158350745,0.12818253414894157,-0.41365007924739566,0.5575052400039769,-0.5007856105917861,0.19850376605830786,-0.2342122761163783,0.005044226913321168,-0.32824936606471933,0.24226228053234808,0.09891497212018678,-0.5047845619905169,0.2606463045946843,0.10505794055774316,0.4921377724293712,0.4187376861741521,0.3223058500755111,-0.41871043527095486,-0.27846344139153434,0.6271351273203387,-0.037735813187367184,-0.39457537519147556,0.3368935764630403,-0.2577918265039181,0.3026589393435255,0.35977155585117065,0.21358784883433263,-0.22129264294931414,0.006285643443583289,-0.09868131588410316,-0.09151149497115839,-0.45971868194759646,-0.10930312453482974,-0.022027910426198852,0.09730892745443315,0.2302324885595285,0.14163464933786607,-0.37618825435362013
STOP,0.1967320897688575,0.6073107288888839,0.4669928588699113,-0.21938599276880874,0.31618832932455987,0.012320564959494889,-0.09018709028689942,1.0782448315584474,0.008083260079858656,0.34338546279919807,0.2638395584293037,0.2403244384028058,-0.17381843205485845,-0.18440772350640033,-0.23152460243820616,-0.17244291816753513,0.10775936151443513,-0.10088911434087755,0.13120673639275585,-0.04018306567593158,-0.19539277795936677,-0.39991840031739023,0.38076502915758464,-0.5615704645282056,-0.503216982051645,0.34609912978478863,0.5289841048516136,0.2415256095528751,-0.503362563012998,-0.27787616558715844,0.4275309814978979,0.3336621714543599,0.04910958557158129,-0.2486944155038434,-0.4055655506026468,-0.5358872401339846,0.15971649400306537,-0.47551130925674706,0.6553256298918331,-0.3339201927833427,0.2663205285213626,-0.3437120024471084,-0.07097093956736499,-0.461043839175314,0.3372161129675147,0.05030553787616782,-0.5914538117857541,0.34607394784604517,-0.04036828905937885,0.4321377286210555,0.5407151401899541,0.4820643743508147,-0.29928233350033384,-0.4239631999610359,0.4762525030253553,-0.0959540743459164,-0.31650942277405997,0.19551370191576356,-0.34025261632447457,0.3364842180451496,0.1699289542476473,0.39387448967964517,-0.1262674778084461,-0.0583980118824431,-0.17590957821424918,-0.13530109081098476,-0.3764994429609491,0.002479686921536328,0.011028081510733645,-0.051770963026528186,0.4117568127569774,0.15208516473401823,-0.2873440106074926
STOP,0.018960154652098216,0.34856134965816654,0.4225486216301491,-0.04673531174716186,0.3490107775037758,0.0026544136616388075,-0.010183593120941265,1.0191872024550879,0.05169753337083936,0.43443671476461476,0.12273088236556229,0.2803691835146283,-0.31207291857360564,-0.18718932771772254,-0.30514172686695473,-0.22011627280960003,0.04121534561075258,-0.1347454844017222,0.07101803810536876,-0.22953989702412694,-0.1611540118324893,-0.4277964765425981,0.5464755113822654,-0.583958517107248,-0.5677326725583753,0.3105650214768851,0.5298689763006729,0.07104144152393607,-0.5510541661064038,-0.22600416048557917,0.39597278454735785,0.418206362283933,0.03048915589678526,-0.33508914666699274,-0.43681025345008945,-0.3505291364166353,0.14529256422973835,-0.3773337717097162,0.6277609691763297,-0.3903648609004682,0.2857786685940442,-0.4668179193318704,0.07408562364062532,-0.425094142774968,0.36621444077660814,0.17870121576361697,-0.3682506385558328,0.372460421158631,0.08768810891445808,0.42653397972344165,0.41172771438948036,0.5359140432667778,-0.29718361422527795,-0.3903749740616531,0.5067167219570575,-0.005866760619472071,-0.39072182252582793,0.24274964228969748,-0.10773844270366978,0.16723361801609749,0.5064492548338653,0.3780334820624312,-0.1938323397583679,-0.05351396304264928,-0.16012553247352568,-0.029945382073504345,-0.2173152196341232,-0.09669229671954027,0.09567353107138364,-0.07845421857391224,0.22404775698645737,0.16944527172640048,-0.27016304918555073
STOP,-0.032866788595236715,0.5782885105084432,0.5553652833159523,-0.013910144766662275,0.27503042073018513,0.0203144355234013,0.03668619345515289,1.1105160087504309,0.033296024546827195,0.4142368994128203,0.30152515325888457,0.38925872520928234,-0.27971369510885125,-0.2620946844532596,-0.2838855080285951,-0.2583873871430374,0.12498633714265926,-0.06136391858934856,0.06882229631308562,-0.08294891417565096,-0.2078508581073937,-0.387883023916621,0.34063048520743006,-0.5861235220569005,-0.6623586352624571,0.4281723103026567,0.5365202398165873,0.25610370862119,-0.3835102509008793,-0.37374721410688,0.33297223019355976,0.339342805495362,0.09026155384018547,-0.4016438353334613,-0.45686810910201325,-0.5111563635545564,0.047413818751220096,-0.5048420203101699,0.29830785625189504,-0.36392610437761697,0.15436379631054095,-0.30037208283269534,0.027435010176843636,-0.3682792016394719,0.06281527695430872,0.01779323691914582,-0.36935354247286944,0.3238770187541531,0.11465545741465137,0.2772240772621801,0.4751122408532706,0.3693766520637792,-0.48111056655014595,-0.2997584744912804,0.5806579001127183,0.07037679708568853,-0.09869459316699106,0.3710087771741247,-0.29934970548610196,0.23854673826949438,0.30846994517096626,0.44659056609120584,-0.13756259542616786,-0.1134918368578394,-0.01651621294648349,-0.10730295920057656,-0.31260620944822615,-0.12256374899390433,-0.12430438553471285,0.0944718955834391,0.3925877175994623,0.053911509376454086,-0.28385344073164487
STOP,-0.0910954900234022,0.37636149469114644,0.37815716053976817,-0.10626437332523526,0.40671655297154685,0.12810017848470756,-0.12012952041185568,0.9995053944412962,0.016361828902563054,0.19805128028306496,0.32542352495108473,0.2666243587537803,-0.34912236435413885,-0.03388086819638529,-0.2597303622870156,-0.21854315474164548,0.12530555317412084,-0.05050643890370714,0.0844152227482041,-0.0063635838295710775,-0.22502985352970312,-0.4111451855036144,0.4008801141686889,-0.5488763100299643,-0.5437924410075969,0.43702811110902384,0.6574474279947757,0.35447866083671065,-0.5905867504785991,-0.3868983760982845,0.3765659457063484,0.31935524752419325,-0.15789812358390204,-0.31024341588920107,-0.373061850940362,-0.40054342090427836,0.07125329148434603,-0.5128365589412279,0.539009478469925,-0.24179466608672598,0.1680563804500965,-0.3636895603251416,-0.005187357183887353,-0.5258966668437995,0.24919892469149804,0.06124689150812859,-0.5146848358776774,0.40027266421102387,0.08568426906677315,0.4772498860809241,0.3551777452409632,0.2618217352374106,-0.3848283094278801,-0.43217125541585366,0.4164523590565418,-0.11296342457276942,-0.28381174941782467,0.3958506722626958,-0.27615074049595917,0.14003144448528765,0.38944044993216337,0.2980883596769833,-0.3954963012171212,-0.0453937203405,0.08352842471340438,-0.21676995608985006,-0.43148363038163384,-0.2754121166777861,0.004758636856212921,0.11093989550996064,0.32834048996816056,0.12869415432850878,-0.20277205425991407
STOP,0.1463849882444847,0.5620861057970938,0.4234641134301116,-0.08223239348845418,0.25112810104467576,0.02481534808897145,0.016702421318624077,1.0481714754958236,0.18135499257259902,0.3741644855626181,0.20556693611050353,0.21674826190700708,-0.2876629396938583,-0.25380162551355634,-0.2828899769618376,-0.07788469790793039,0.1029472191529918,-0.14118461775925245,0.05782498517319167,-0.1438639191035968,-0.2819552183850357,-0.42021109962800757,0.4135402997535261,-0.41277463305118245,-0.49094266248431406,0.43501967382388584,0.625226781542552,0.2907242047122325,-0.38672764929264447,-0.3525668550425342,0.3798867854869163,0.35004212227704806,-0.04049694114465274,-0.2863690380809157,-0.4239344416468719,-0.3660686933877744,0.0916436115071814,-0.5301636672721921,0.5192670716462993,-0.40249964198817306,0.19684507000580312,-0.3455802824496891,0.037854701684050925,-0.4123084336283519,0.20001723608747185,0.026761655315356313,-0.4736026074811946,0.21897864206440093,0.07436504052439047,0.49316490614867836,0.4803281803063955,0.399508040649722,-0.48709521895664304,-0.3194970668564614,0.5388196515061621,0.00499447279360964,-0.12224104697699051,0.26755044678929296,-0.2562659775015091,0.19523030153267432,0.21241556133129652,0.33717057442666404,-0.23439102117468674,-0.057586926612219314,0.06060124340057557,-0.03998722348789756,-0.519667845803188,-0.009044320024795806,0.02413174170689375,-0.026887313496653173,0.351681736834178,0.08022220408784521,-0.3449448703032486
STOP,-0.013893346547960036,0.5874095427364405,0.3979697836205227,-0.08223692955413854,0.11066936099964284,-0.07527979848808826,0.024357287343798474,1.1532030861455,-0.03498766409176991,0.4065430555280043,0.25007641647079476,0.36256418909866156,-0.4374952258494676,-0.10714434099703754,-0.31909033830946476,-0.16624167555824604,0.0850538276784032,-0.1553585125611615,0.09892276516581681,-0.05800653298118607,-0.22400894571640795,-0.4331098885166608,0.3980463285244096,-0.4708631501436656,-0.5774788782644785,0.29884004073015585,0.41239606475529617,0.22391519389119335,-0.5321127383254375,-0.2116471214929862,0.5256408584824964,0.23478436708868522,0.06661525617283306,-0.2120579642197719,-0.49965445968637334,-0.5373959293470346,0.02458858128664297,-0.4098267187213079,0.5658471937881703,-0.3332519744161858,0.27199836863141147,-0.5821571209784139,0.1462977931544534,-0.43194429595595674,0.2781205493972023,0.05927967683155212,-0.3021767080491845,0.2637276592835628,0.16497544090524885,0.45329398368892687,0.4664365109515653,0.3941714244202691,-0.5268723356312417,-0.30460137700258844,0.5126184778113444,0.09653069806341139,-0.2772880527881082,0.2361259781867448,-0.12466771985629385,0.3801672211784379,0.3380335519590195,0.22404277754671212,-0.16110973077890067,-0.11870307121441688,-0.03880797073465978,-0.029469159845828447,-0.2075060270029189,-0.10348910998971356,0.04922536351723651,-0.007387161037517492,0.2973799050707967,-0.015629953901350933,-0.21012743219885158
I LOVE YOU,0.21995745251911766,0.23250586622624714,0.3266609827925262,-0.24872443171129316,0.47190393682752957,-0.3077848262914674,0.23323095953154938,0.4066755725527179,1.0121298231539035,-0.28871929898838417,-0.07156417741775814,-0.09865842916114767,0.28394598426988577,-0.09859569062147397,0.5377244345834064,0.06106117044350422,0.4081562140542549,0.05377977949410276,0.3564765685525162,-0.28962660367380144,-0.04218968213424268,-0.3871880112034147,-0.1737858283256331,0.05628045784704892,0.08797311912568642,-0.5203132578116775,-0.014583095366062789,-0.08557892113174398,-0.33544848527614823,0.12500126743720408,0.2162068289100687,-0.3884137426519335,0.14193264043748585,0.06510024196930086,0.28691484519976496,-0.24901283523980905,0.11743246822335268,-0.4297646642933166,-0.04589823987153094,-0.2814594069592724,0.43865339188313174,0.15704976976012974,-0.700503659028687,-0.40256589014666017,-0.14801905139584168,-0.23121630689924041,0.1362449910551019,0.19709606780374422,0.6282907199149755,0.3039590844723709,0.19447302238958494,-0.3969057188557412,-0.12399554641056426,0.018446079577621035,-0.11950602334747103,0.2207184814792696,0.5460666960979944,0.487797407128348,-0.3928162754095894,-0.25967797365461,0.33257295023680694,0.46025272405324946,-0.2454538980479935,0.34914346102148996,0.1602695399894985,-0.09505667358667153,-0.46472457085037894,0.4345735849634482,0.23930095384401617,-0.42304987277756984,0.32295141190995436,0.13092357747840733,0.44355534107418343
I LOVE YOU,0.2550748145726813,0.4060743831493651,0.24375443515589068,-0.3083530694723617,0.38142755385697,-0.32997611487596124,0.3029027695722367,0.3057039178199429,0.8494124833743777,-0.3825591066226255,0.08784551799267237,-0.04196616716228688,0.4331136645103795,-0.21911274820949522,0.4720910469073247,0.0569438889210684,0.6497875310116243,0.20901985842407536,0.39950148592419654,-0.2467325852403687,-0.029754076090828294,-0.21336935948874067,-0.18632751099926464,0.12955455008263725,0.1828874018077508,-0.4899277860374409,-0.028657245088370975,-0.010927937187910464,-0.3852022025355241,0.08970302921000417,0.13002257724587638,-0.5023861275497878,0.2807753745360886,-0.012733543362464433,0.3527576115385054,-0.3035125584503815,0.2022380117687786,-0.36770859177190385,-0.14105186971097644,-0.21851132771530718,0.36038116717715846,0.14801497559738616,-0.47729780204366085,-0.3911189831928358,-0.06140494333631916,-0.30927119666118674,0.08318194552830037,0.16640549250400705,0.43407751936471406,0.4400207094404365,0.13854550295996962,-0.5715590745768759,-0.06295257604297992,0.08200389968292272,0.0010327633596767453,0.2040404420959614,0.5078355291374982,0.29587791740893055,-0.4194443652167456,-0.11558994860775296,0.3042575888202934,0.26884050863410647,-0.16683654244133314,0.2081706377009801,0.21690016824805153,-0.029365321071551927,-0.3622774961048098,0.33319422429741685,0.04299125010714702,-0.4194216797823954,0.2550726152721581,0.33789535030043116,0.33804618522756563
I LOVE YOU,0.0844775926898358,0.41124818416269915,0.49481248230260905,-0.33586618418760683,0.2769403907861979,-0.2615376599405493,0.28102832092951,0.30089509100983414,1.020582263757634,-0.3393900944084202,-0.04045481629102993,0.01419894161586012,0.4489368639927829,-0.24490368756955164,0.5735011034063733,0.051873099421988395,0.5973527896663235,0.32809980073784467,0.2550627667062502,-0.3687227155173871,0.13442096932749567,-0.46484396066859146,-0.2961699072118545,0.18303726485885818,0.29204076839306115,-0.2713586956476301,0.01011280314336295,-0.06932164035054203,-0.43326260913771797,0.06816482590545314,0.1847143824590314,-0.4386330517866835,0.20889995484492313,0.17187411736946362,0.39279645486003595,-0.34754339021328257,0.2915196379048885,-0.45979837975910554,-0.24494002785942293,-0.36147387264544517,0.2341917903365858,0.2796061860485587,-0.3936082123068296,-0.5143797862398518,-0.19237507678738835,-0.27103691285610504,0.19300704082086942,0.3241728226301104,0.462703900520388,0.5682507512239771,0.16650630293019303,-0.5038847637996082,-0.0867073582449831,0.05731377030112482,-0.04945398156501561,0.03741814022819448,0.4665335290914387,0.23398703271792767,-0.415694396846455,-0.31260669028290494,0.2870017164809362,0.26200829687843064,-0.16319655848859993,0.2663224009301733,0.17627358069466076,-0.05714614497356415,-0.21576917992272804,0.46069506869516064,0.16895987829122266,-0.2226273354694781,0.18963889303086018,0.2578099215160134,0.3409427955044894
I LOVE YOU,0.16301941079406163,0.2700598757642206,0.45642558491128205,-0.363605324918502,0.3087958363389128,-0.2574312982353324,0.38033809608819513,0.1760429366891399,0.9511224567345501,-0.2787307411409789,0.1021672954651098,-0.11503027545187572,0.5659215544938339,-0.2248238215638068,0.45202760014343596,-0.17667148717009767,0.38946114060312453,0.22028273579298294,0.3509501213345011,-0.29586455346910495,0.03019508841287652,-0.32364812727107406,-0.3095075645428993,0.2043536856935915,0.331056288823446,-0.3778142305971126,0.11382888550432597,0.058003301703494436,-0.39903503291424214,-0.0070703657907940564,0.21020158618020568,-0.5062657629924368,0.2828012619113839,0.10985053189930659,0.41205102176760955,-0.2505679939015951,0.4037600303133577,-0.46498100152245747,0.017704730320210083,-0.31981545797258426,0.2121205100151052,0.17376060800172283,-0.4285037950597305,-0.4839002974809475,-0.36411172524094826,-0.3395043720481103,0.14044299641122782,0.08608221964876513,0.48711205906089317,0.4413335764114014,0.00281018010785572,-0.43871887850240765,-0.12701669543722127,0.13422625012664974,-0.07001592144950186,0.084697216460472,0.5458309576820162,0.3119430195455829,-0.30863201324130624,-0.14947323987070965,0.3582118472725255,0.3110966036858012,-0.2764122208729828,0.17290141334911147,0.19690383663896904,-0.25667299770365054,-0.3431095643522732,0.3330460547563725,0.09880780332675805,-0.31615021188835374,0.0872191854300489,0.3376635084751173,0.4599667312181897
I LOVE YOU,0.30324008273597985,0.27804310889315786,0.41804221899996,-0.3278492038435982,0.3825504448113706,-0.3480756185848152,0.24647633558023738,0.2124471420228993,0.9228486130054837,-0.4698065096214901,-0.08197623098965255,-0.26873422146998266,0.34897436141609794,-0.026734129506078286,0.2891024172476643,-0.004658698715666459,0.5621680309411796,0.11154130218419706,0.4728809279568246,-0.40124076139879605,0.1947936485342346,-0.3356322712509773,-0.23923124899124226,-0.1090295441543826,0.13704150575411905,-0.4064362025933169,0.15392639486132076,-0.047058247092517574,-0.42594532271515817,-0.03499141043471095,0.24726753193030268,-0.43970327354412736,0.2305333492302437,0.1275551709439889,0.2779047755447254,-0.2810382084370478,0.39488221048138666,-0.4635485297501692,-0.12488670670326538,-0.34515674251469325,0.41219438241553447,0.23288442863650896,-0.5160897844964222,-0.46320682460910073,-0.43371588737949773,-0.2898950930867428,0.20196058154829447,0.12328643948816936,0.3855255543836822,0.4474380437335971,0.08609096490182877,-0.5546972844984108,-0.1163738614764924,0.07786641092446184,0.024609481934581755,0.3342469399996284,0.5604384811420807,0.4440227363515126,-0.33515689625727874,-0.22707889774026707,0.37348169266236525,0.3401145394000069,-0.14056219224339234,0.20825687563713408,0.14543105016701002,0.0677694241924628,-0.335344307488302,0.31304888510906204,0.11800082669500689,-0.27111771255766975,0.41855321472032525,0.1704184401490561,0.43849217643281435
I LOVE YOU,0.20677832383431888,0.41047631731031303,0.45232858266273035,-0.2984877548952074,0.4163857892883408,-0.3695291411833603,0.18250083013345095,0.24580746707015858,1.0458697610616896,-0.31011298525737474,0.15311328073146657,-0.004667538799545887,0.2518609575479054,-0.15009131417394772,0.3546063175985906,0.11193192768270246,0.28680567064389995,0.27085416318124017,0.339200543442443,-0.3300105422558255,0.11196231779248442,-0.19175366514616224,-0.1289445606007607,-0.02348203806627333,0.3385629976279019,-0.44456395154029643,0.14341680207473842,0.03994763950916006,-0.5061583774157841,-0.09942212820923982,0.2987539635113277,-0.38299844725180215,0.21291197131854833,-0.13718149341853209,0.42120119302332815,-0.4449393545877224,0.5071865763479632,-0.52107216449063,-0.09504415784881415,-0.28211386945495487,0.4052089299652035,0.2308625062875776,-0.46420305814683166,-0.5252025547088941,-0.2266265275934798,-0.4088623829287413,0.1395746169644585,0.02348610134185669,0.46718782624316063,0.4441461698748743,0.22621129875316354,-0.5186180290968889,-0.09282380863447548,0.05730353216654565,-0.011945455370276848,0.13157121468511623,0.3531381817446147,0.4925179305136259,-0.4347356603569976,-0.24828486307867714,0.2488826277672791,0.26284997352779604,-0.09314621992560818,0.24161924313238953,0.1482946236985626,-0.05066445513505002,-0.2983867418803597,0.44643979989645155,0.19335826727922195,-0.31379148390795375,0.13094851161981863,0.21792979355218012,0.399401922558519
I LOVE YOU,0.1919809625121804,0.2869512443497754,0.3608178714221957,-0.3588577266559885,0.42983070671382195,-0.22359420971065896,0.25256471737668984,0.06275184470330378,1.1971664170102454,-0.28008021096212,-0.04089329666828411,-0.0846181490569646,0.38688595684852356,-0.2057554587716621,0.4861479846152996,-0.052454384178703906,0.45719773741132164,0.03713021195007954,0.31121553402982166,-0.4812517799504414,0.044346517085755675,-0.3383972326544052,-0.2514599173019892,0.08552207933537026,0.233951879249958,-0.5013372896764683,-0.05348131130655917,-0.0724064654652774,-0.39424594016853554,-0.04063233334959903,0.08060059599220992,-0.34711971172934586,0.2873098161040016,-0.018609537381920838,0.27685631259502025,-0.1982244697715551,0.31923940833194264,-0.4389086468181083,-0.03611629119517266,-0.3139405592229327,0.47439445840205463,0.17190379696577715,-0.5202677680248029,-0.4891492908368896,-0.13157654884920617,-0.336755833769136,0.13858808882634793,0.09920601206366761,0.3656056043694489,0.5293019835156052,0.2445640936400602,-0.4112372778927653,-0.07771803899515654,0.048862854584171715,0.03367652105526364,0.11402808898744723,0.5055172561792584,0.38185744136907823,-0.3463502863297126,-0.16061482377036496,0.23248838073469802,0.4120120217992601,-0.22925420409565658,0.34724401939118077,0.27367467424477476,-0.10893619243086013,-0.2984942590902494,0.2393764929639004,0.14696502582441834,-0.30254790651179486,0.2725586895077085,0.2469726091472899,0.42230105155214537
I LOVE YOU,0.1382812373332611,0.31869965297441827,0.3542055639163917,-0.371098209449415,0.5041931641114288,-0.30730215917712544,0.12721439669207457,0.2445511199589943,1.064938001480223,-0.3528182070705115,0.09125580707752454,-0.12767244115665,0.3577546625403537,-0.2827087534691902,0.45848766890594234,0.10470863995088153,0.49369289999634686,0.17862015694831246,0.37039197943788615,-0.3310948593653881,0.17899465180784108,-0.45609781326681853,-0.07813421634565666,0.14064109224640395,0.36648126937484926,-0.4483691608795592,0.07708477401682033,-0.010576248012819478,-0.3423847496899801,-0.08546500399092768,0.23534457140850584,-0.48121589719628033,0.25321938590594784,0.16324448678955905,0.30482540746676434,-0.19348342811414804,0.30071660842102754,-0.39496654552010263,0.07581505810887817,-0.29077744920013043,0.3699517848514048,0.21611560760768173,-0.5010581846256239,-0.5705850905944557,-0.044018890098129676,-0.3892228239569555,0.008506265383360287,0.1513644211380923,0.4705007687267988,0.4354162762120655,0.15499717756458295,-0.507437119949305,-0.10695914001470343,0.07865974188203421,-0.016217363769301604,0.3105123373690703,0.5438228143176758,0.3847561622101023,-0.4965667370426815,-0.2248777958123121,0.3982202693166658,0.3900309226736258,-0.3728421017961173,0.23981695677677778,0.13359044304495882,0.09329965847117322,-0.28865070562536116,0.20590643615118484,0.20731734419920633,-0.48699757450903064,0.24081161211407667,0.4484095790040813,0.4957079775250885
I LOVE YOU,0.2151824608864251,0.2674643674595609,0.5033514588268097,-0.3428316527096473,0.3716676901669616,-0.3458479923085574,0.1643628945266707,0.25882373547894366,0.9751620795632214,-0.2659482648035231,0.06612994594792136,-0.11530196300160772,0.4701814619806761,-0.04247279405328472,0.4685981644018308,0.015394647580654591,0.49656405646560675,0.23865577279999028,0.3963056586496055,-0.2663859800802791,0.1545407458201863,-0.37278919630617746,-0.21577601274350944,0.11316091525229656,0.30201991047899845,-0.5029153919381121,-0.05100601802263026,0.10282785796091462,-0.4194405659824249,0.11919335540546294,0.0333108363443074,-0.43012592598401017,0.22796958971100523,0.14124883452824172,0.3108277627671654,-0.3280214640067787,0.4081440900433242,-0.30312011147967965,-0.103984759272226,-0.3067951609151066,0.4776672807113003,0.2976271888616718,-0.39212416782773996,-0.5226951146991415,-0.2614282376731653,-0.22578538773484347,0.17908133801113268,0.10447867950287462,0.4334422638669837,0.4588376894733918,0.1504450349472113,-0.5177055291905013,-0.04255394108915228,0.055413844014491384,0.17944471145743968,0.2061713380241698,0.4714564097777293,0.4985612592267616,-0.36286583872598366,-0.04055626296412895,0.307913936580151,0.3605505021888885,-0.2726856067023844,0.20010301043323814,0.14472582877809168,0.07242290145866302,-0.28190248757042874,0.19192673131603025,0.18534389448403146,-0.40891781001101846,0.1695488109790298,0.333483640354003,0.27940360928577285
I LOVE YOU,0.0962239330621437,0.18738349135725818,0.3704244283697781,-0.5288714303153441,0.2645575592629631,-0.32113115619350385,0.26199885798787453,0.155958977509221,1.0373915703998688,-0.27052236291928505,0.03512068045294538,-0.16321820842985546,0.5772897828937924,-0.23140696843095615,0.38695096005735047,0.0006272777709652316,0.4737775420311984,0.30510832139988736,0.30454147041240237,-0.4932670305261736,-0.035863404412341496,-0.2149307142718483,-0.2266183878588519,0.11017378369301835,0.37033701783591444,-0.5001836550793248,0.03288307287360853,-0.017289936534464895,-0.5261567606489644,0.15187018524182858,0.3661330216951702,-0.36508905858104884,0.339268820362719,0.1367759786673703,0.2740834133629473,-0.258679127228831,0.2929712482975352,-0.6126192003051404,-0.006628729636544886,-0.2561432037962036,0.27064329029366274,0.1760968092127051,-0.390462991818469,-0.4799214251120317,-0.3446530901461332,-0.45377191266252576,0.2788872126104178,0.16906575440222377,0.5266322308892706,0.5991070047561787,0.12218825675628606,-0.4661607662711451,-0.29833319804745406,-0.035423245539513426,0.04523969397380184,0.08797381063478288,0.4967019021259511,0.4595828596229009,-0.34627117764287296,-0.20755379058271572,0.34837824203183904,0.27885046288255433,-0.29852545631735916,0.3390371808760367,0.23543046154065278,-0.08960738061443241,-0.29341759109511345,0.27729176248645715,0.139619677585491,-0.2881508227556851,0.22561864799097395,0.2506956592614232,0.31619093250706676
I LOVE YOU,0.1075602154847522,0.39622003113253484,0.5369067729422718,-0.34970605868123983,0.37923087622412954,-0.20474455332694122,0.16952939484079999,0.31309399854506625,0.9607735978372579,-0.3231776586822561,-0.03471481223303894,-0.08806077471812725,0.4917685378747619,-0.24460567041043435,0.3886306821361998,-0.023798730929688726,0.508978917220157,0.10096732359798885,0.2661025530139003,-0.535021195255603,0.03018465543924361,-0.3922865687614663,-0.16215889949586454,-0.05971310890268594,0.27848719299058006,-0.5015647728786197,0.003671816913298244,0.14301763419326088,-0.31358095472668435,-0.05172121191558875,0.16089387250073117,-0.47511049894691987,0.20692539249425712,-0.038380705323685926,0.33071345627947546,-0.3347357256797711,0.3411021765106503,-0.2687437016850165,-0.10462227479252417,-0.36097144876012116,0.35424296155239804,0.2152150484870667,-0.4878753169531903,-0.5355029763349125,-0.34128982184989054,-0.30602345041955,0.05884585487806045,0.28079503119409377,0.41243629638344503,0.41071840983579255,0.12117740137304812,-0.4823096201748759,-0.2103158090209739,-0.040874220297825115,0.04896822036517572,0.02192332066260906,0.5044097003848415,0.45138981875686063,-0.3376807765084446,-0.21532957871427408,0.18877560505205876,0.22744964485301067,-0.33305934662434067,0.20031782470793946,0.1745366685560931,-0.12176258156482582,-0.31235923428331697,0.4433795334645395,0.09795311000734044,-0.39648368898674863,0.29927910474919667,0.16724970238296402,0.41426229643788676
I LOVE YOU,0.2936166557737434,0.2257016572958307,0.3128836743933413,-0.41222137025396977,0.39842295721120846,-0.35407561835380974,0.39460461475210296,0.27193914601766955,0.9441581605850434,-0.3886567249833666,-0.013131689411661127,-0.044858229181960425,0.5658098415852415,-0.13419394908489088,0.41755259780987775,-0.11869647991261487,0.49398350768056837,0.31869015905290043,0.18634526562684012,-0.38914780891241635,0.004529482765828874,-0.4659041958870824,-0.06686022724682236,0.1945491199702714,0.17772790080703993,-0.47373404335021596,0.005560937803653982,-0.02473618267466017,-0.46443605822624423,0.06340566029980281,0.16857768315099342,-0.4096504319900145,0.21562302749858067,-0.018309318826791016,0.4287797141454648,-0.45236644881406973,0.4760723047475841,-0.32560347565738823,-0.08155325117180728,-0.33618555537349776,0.34658578213565017,0.2211168417753141,-0.4598563373763713,-0.5672106787535106,-0.2033281889446081,-0.33602007287478447,0.10625216305429802,0.3429317790870955,0.43123299768926454,0.31097180040093375,0.07807293544453091,-0.43804265940917103,-0.1987961632480829,-0.06636173565973745,0.11080864225112956,0.1169236512542022,0.41245399657556514,0.1636921600373609,-0.34146488040998363,-0.2327810074426217,0.4371687777672958,0.23673849738420083,-0.2544887684852168,0.2544775880523802,0.27251305595292286,-0.005798469968227592,-0.35514025373877445,0.4924644896320536,0.1528685335764464,-0.316604732190608,0.26485612327553115,0.3664895718375428,0.41639112524505517
I LOVE YOU,0.40145883505052027,0.3130573485007001,0.424903527090911,-0.443194695135799,0.41882220825366123,-0.27897522899791427,0.3205582429481589,0.2644101467771424,0.9663240559556434,-0.2588638298373963,-0.061880994510284844,-0.036005781034907376,0.37384033203298606,-0.25209931411646247,0.3465752705114277,-0.1345704935509358,0.42210777565872876,0.1695711667397597,0.32756616818356504,-0.4264804252251875,0.12743602222666747,-0.32668146543819454,-0.2282908335911787,0.22295091557564956,0.15211059273742822,-0.38030069879648637,0.04343627754414399,0.03376253811647988,-0.3308182517355122,0.04526025376402622,0.12779362024134627,-0.4176542668164973,0.2893065283030108,0.15701723514075983,0.38005594747712995,-0.22938507333118344,0.2979632435312468,-0.42221548246203705,-0.11634141948422919,-0.42841113852723234,0.4789532435347019,0.11538686955725799,-0.4531405112895174,-0.5169640292759573,-0.2278258444168656,-0.3025134931947701,0.06787909669839856,0.20032331957346272,0.4792406332013565,0.3899923435466826,0.2317897356417173,-0.3849305212064009,0.020975870234895028,-0.007821090511639026,0.014469585288594235,0.12351572216562134,0.5138131676717586,0.5250758715641654,-0.3521457563006236,-0.1928948341367732,0.24553579533530395,0.4881984143525629,-0.2626566792814395,0.017818103650695805,-0.010018367756371105,-0.0004698955752169415,-0.4003941402792453,0.39294599096474786,0.05827141449726726,-0.30660377529892935,0.2499443616927834,0.2555006409005378,0.331173569545363
I LOVE YOU,0.2647611972305286,0.28827211843614764,0.38634973826127383,-0.43447860219995305,0.3715816390043935,-0.15304730880283363,0.2365059097140083,0.1272788784076308,0.9317631259728523,-0.30147079463063853,-0.07166270728635467,-0.003992544647722751,0.30521816186385753,-0.14978447320988622,0.5178346530303166,-0.09097819149142275,0.4994775895097956,0.23412828653703505,0.3268101916361029,-0.35417165206205814,-0.06256751107807756,-0.26103068148599395,-0.3541379827889475,0.2144386805085471,0.26094668199699045,-0.4229649455554749,0.1601089119329189,0.15999014846767118,-0.3560379946216737,-0.022874310072479098,0.18498518248746548,-0.3794545935671322,0.2964955560911475,0.10052034033513575,0.32867154310071944,-0.31456198494970633,0.22207375224669776,-0.3539544305706796,-0.11070493243598462,-0.32024983772695387,0.2310161008654125,0.21233592576589855,-0.5837081966043062,-0.525247027016626,-0.1453345095459915,-0.3516547241266241,0.12187409800202324,0.10566759788775207,0.39814759194575905,0.5788689943201379,0.22127557562776876,-0.5312927006663873,-0.14944443212893962,0.032928202273946224,0.03422641903624285,0.10139534512030529,0.3189212009423184,0.38267434941840717,-0.3984911706705567,-0.06943567042369908,0.5484496810893148,0.3756800836182654,-0.2787995087437589,0.28490931676962566,0.036157972182800285,-0.06909053958318812,-0.4286558372813325,0.43268741672731525,0.08099749943610667,-0.3539662685184318,0.20127148274740816,0.239119396347799,0.3490506321607729
I LOVE YOU,0.2214135118941085,0.21988219496733646,0.5405605918011522,-0.476428084379575,0.39619074512713937,-0.2527501764457938,0.291519298065293,0.29087785954225803,0.8810818222227544,-0.35276745051080816,0.002777142629098329,-0.04147198067282827,0.5191437445454875,-0.1813806436327666,0.3645841953564317,-0.0843170580963376,0.6451074674480551,0.35738905240363256,0.3157752339675796,-0.29233881566129927,0.04034264871875491,-0.2809381512165326,-0.3126924947389432,0.15208462950994928,0.3077832986962498,-0.48694689014375625,0.08001698725223455,0.02038938510799164,-0.39688851112956436,-0.03783550642812038,0.27937330517542797,-0.5479221276168759,0.17905038119493194,0.18088321716136285,0.136469229774873,-0.3332181106290095,0.3219072640299887,-0.3771983997218973,-0.1343948214913457,-0.39057606766895664,0.47412326536429056,0.2891804398748612,-0.5049814079261626,-0.6337303253548856,-0.18425729761717366,-0.3421768424587469,0.07693977963974019,0.007391890464839207,0.4202265666397258,0.5133643882224923,0.23227009227041479,-0.4978596549214262,-0.19087995679762373,0.07189859047327313,-0.09178107314218839,-0.0050424518847506095,0.4534746471365716,0.508908453212348,-0.26437579321579385,-0.33944183564097585,0.2981287867620587,0.5190185712234904,-0.279702741632986,0.36016715727686466,0.2501182238693578,0.06879261374366341,-0.334213511227623,0.3553423598101142,0.10500188849046944,-0.26710056037974655,0.07388165087244614,0.22836168351714817,0.517638036985627
I LOVE YOU,0.24203943001017933,0.40043228032522477,0.26989458548695794,-0.4732295242481679,0.4877474518583987,-0.2926846248261089,0.1537306724949481,0.2789599020126346,0.965818425920867,-0.0763713628372629,0.0398310170852749,-0.1537742401740632,0.4890550946090617,-0.011077665149977184,0.4365073646299747,-0.1020053333352327,0.4678986181335087,0.18833104710796816,0.30866939670626925,-0.5062305811093565,0.15615863125543866,-0.44924196502687513,-0.15372604359444686,0.09923739706173616,0.2440578209943232,-0.4987925787091344,0.04664109997925916,0.09992582906020517,-0.44924112071103534,-0.13767546958857746,0.24080351033793637,-0.4155063776685193,0.1456485757294927,-0.0020597976872963886,0.3054034194434404,-0.4655264427883754,0.38990617362593,-0.4445434516610989,-0.07308466553756923,-0.3854969100229526,0.537419913778657,0.09127266102259221,-0.5145161073980038,-0.3945499452096265,-0.30070398341390614,-0.34943540864170425,0.18045192245476038,0.04327932111198031,0.3884584747698996,0.4672529801038816,0.19516234539146818,-0.5601087361264396,0.006243306580663105,0.051617004309309066,0.061311935963861156,0.16077976080689027,0.3354868904705679,0.37601108658359284,-0.3923909507065285,-0.25436834894039173,0.3497060585075092,0.15572304524024225,-0.21438240482153187,0.206322792740109,0.0027540894112896563,0.007317790744172423,-0.3930407492814809,0.3582014812470872,0.15749921874594158,-0.4787022250781911,0.06605439812175523,0.2850637665192743,0.33857483246337794
I LOVE YOU,0.16304370000017088,0.32604852611238144,0.26076095612298256,-0.42631931958670005,0.3841654072287073,-0.1615844123430276,0.16327867953783076,0.29195938585454817,1.0083595739262674,-0.37022329806747567,-0.058726781075043984,-0.010664144406500056,0.48073311881242986,-0.1818815033180269,0.46448169194698197,-0.12353185735013772,0.4502282523828645,0.20298736004419676,0.4038767728741661,-0.35809570532541735,0.03205605457279811,-0.40341910712492846,-0.204702994150199,0.11066245947333199,0.20386382495757488,-0.4889725963292073,0.14127868942314797,0.029160363642005832,-0.3971735066687927,0.19450154424388524,0.14612316564783628,-0.4313553276452904,0.2798249557920615,0.07553874073564215,0.33651572699820037,-0.35225618960411287,0.3619812348206225,-0.5524178419157089,0.04765667787035152,-0.16347206582865373,0.34968228563831644,0.28905995229852394,-0.4981077520630312,-0.4896918421243273,-0.2632255766342832,-0.29113512293931154,0.08380136103824287,0.22660932251853838,0.43858740222422266,0.4506602214809612,0.03959092264907357,-0.48953672469974496,-0.2326693746046109,0.0180690685739613,0.1543612175674011,-0.007823656827138162,0.44879904880166643,0.3343528726911424,-0.47431743036913776,-0.2973189267983969,0.4507752472354716,0.4632257891265642,-0.3083368706588263,0.2626607678558724,0.09851791363335746,-0.08074193258129686,-0.46248358488373287,0.5591894583180086,0.26571666966313023,-0.3831418690276117,0.22758948893577996,0.2094351867763177,0.46255645640391113
I LOVE YOU,0.16717574779096,0.30463922644553487,0.3484539786040877,-0.3453914436993533,0.5697612018697378,-0.325487946634918,0.2132436219212973,0.2268377715609421,1.0293198612576577,-0.3032942600958237,-0.03947239389707669,-0.07336336203038787,0.27848799303962746,-0.18405120591845942,0.2769042616227281,-0.07998442869856291,0.3884920839515221,0.28751334320860783,0.27051744135995326,-0.4243641225534607,-0.08568657926369089,-0.27550799989263486,-0.28929098887715543,0.08495173641190976,0.28847346190574596,-0.39826875292926345,-0.057920958828078836,0.10746968381263197,-0.5130702931465428,0.0192728377897492,0.15110170517217816,-0.5279817180269734,0.2630876769158382,0.01854532908959318,0.4947136342407126,-0.33135955643503096,0.23791716528151247,-0.4773476785011418,-0.09756076218905986,-0.29155646262030177,0.4007825722561058,0.27784053525258956,-0.6083105775740224,-0.41390364916825173,-0.28186302263801266,-0.32458465182186363,0.26799280528845193,0.09993595722342959,0.3747767239672725,0.3700973152581687,0.13185767138847507,-0.3930945958684109,-0.23014637020090828,-0.02635875810165903,0.07723887209050115,0.1532567349323546,0.42057422907150394,0.36831913913135556,-0.3178237218843851,-0.10747851236968839,0.46919041026257424,0.43469103307424,-0.2782340507475562,0.376078252448965,0.1129272590094083,-0.15856647292052553,-0.2895561244614623,0.506740502336465,0.2309411617725332,-0.33690391625203536,0.2281113941195625,0.2840042802038595,0.3986856686854322
I LOVE YOU,0.17084764120160784,0.26096162823040453,0.41040398587023486,-0.4035069191617992,0.3933035218092229,-0.21906766571255926,0.21709099120501602,0.21219853276105088,1.023696013696086,-0.06930742006430596,-0.09544319589850786,0.007384787163082038,0.3946540120307889,-0.14513818541118567,0.3320105844475306,0.10986634640438553,0.4821557639313249,0.2900609896083173,0.20942859852052698,-0.44650459095586803,0.1191395403742202,-0.37017785671983094,-0.16664468303143443,0.29179340785852315,0.2665947608794639,-0.4967158257383434,-0.021165135463071978,0.004086308850942785,-0.4553832191444857,-0.03015043458565039,0.2233554853597914,-0.40450683860278397,0.2951040929481847,0.08699544355278684,0.3493204553367122,-0.07908353584365255,0.2754791802177041,-0.4083872717323409,-0.23899236513793984,-0.33114829532086854,0.30411676263301307,0.14653133774670407,-0.5694993707184262,-0.5986463500321523,-0.19896601023929622,-0.29989023878539645,0.06858202146782308,0.0015755000293608545,0.45083781707712334,0.48959663085504423,0.2127951444733871,-0.5760263325539949,-0.1894752011603362,-0.07564832503183933,-0.05996191314141225,0.04015907324500133,0.4197688014710774,0.3650777517572743,-0.3819174738089909,-0.301661479933437,0.3219304668457346,0.25176088241105327,-0.36504687383040535,0.27383692700307577,0.1190130609867146,-0.16512336424250687,-0.2537045489096451,0.3685777594855496,0.21407609577124043,-0.297537915667437,0.11725422459011013,0.31587231565086193,0.24026378808451468
I LOVE YOU,0.16270293550816406,0.28315058109770985,0.33928926992803327,-0.29561792199668613,0.41711476495409683,-0.4153974876973247,0.13582612961113447,0.4011872120130394,0.9703537975230767,-0.3430599996924845,0.08442503368624868,-0.2221339350477224,0.5295343114854731,-0.20408797600641515,0.47817524348123636,-0.07888237998172815,0.33840382805428004,0.25163221542142616,0.4051582939387882,-0.5829955619554725,-0.00631786864571153,-0.2582681040712605,-0.17056907047923625,0.16068533649125621,0.30069649442870283,-0.42338812444314794,0.042741253918997926,0.1546052673243612,-0.45238060159457333,-0.000638143838912009,0.2799107264194369,-0.507962293923645,0.37425927045506857,0.09973406179326931,0.2413157628269757,-0.29742423328221007,0.22241075170070318,-0.3985673490805733,-0.12647466148205283,-0.369691602760149,0.2336098924592064,0.1415775941803333,-0.4890861984201621,-0.5202367196272518,-0.3223630496858161,-0.3550037605598443,0.05146177023226045,0.2375481382678104,0.5274812585473114,0.43147364741513516,0.284986782004198,-0.5056019699722913,-0.24504131574240318,0.10795972877413873,0.12830891779600825,0.1829104230442263,0.3994435897860437,0.2863636299252905,-0.41911565551303187,-0.03590711009578565,0.23895891178511186,0.3899673176882998,-0.2320320513872779,0.3061202059999661,0.07123831598161919,-0.046436147020404675,-0.370389021329391,0.32135111056494337,0.23678262750411191,-0.42053078538153266,0.22799188832426592,0.24589576078578682,0.3105758653963484
I LOVE YOU,0.1354585448013506,0.34693579670396707,0.3994073206261134,-0.3906393257081185,0.37440677097468733,-0.326533079209647,0.23517704215986554,0.3439852005101655,1.0508297802793352,-0.2898472521939949,-0.09463881560500899,-0.11348771206909322,0.3449539574124793,-0.20398603350435046,0.2873479089978554,-0.04147405942874802,0.6297710677842454,0.2530483299021582,0.38752716243169133,-0.31833923468512576,0.0632055575202895,-0.3748797750392583,-0.314112336803988,0.13931859035983163,0.2306968470570907,-0.5293109743123449,0.12282717227422096,0.0031831734945269308,-0.1933820946621983,0.03296373740174745,0.212092429046252,-0.29165734467361193,0.07762492654034395,0.05352875707535871,0.2985434345057594,-0.2964283681853446,0.35136352729698017,-0.4222852616554881,0.015909860960603872,-0.2656853310939133,0.41473998946207197,0.2419074815715957,-0.577710233522674,-0.47431935297665667,-0.1898334114438468,-0.4466614782251429,0.20118447554218263,0.00080384161426722,0.6435275498514721,0.4490376073357894,0.09046056846983355,-0.44490662777921164,-0.09090978632453103,0.17683064906074072,0.14175385376192537,-0.0030459969342859633,0.43894780724027743,0.31242034411350195,-0.33171955260725794,-0.12081914838068315,0.22778258654739425,0.319250546063028,-0.2751784442635028,0.29814322654635056,0.20479621534854514,0.06758910284321228,-0.3322300672874514,0.37931124114296166,0.20938038226000352,-0.3526910886844955,0.22872246773816868,0.3430455933342956,0.5575680674843055
I LOVE YOU,0.1554097670691396,0.492023848363927,0.36123482277317975,-0.32418875970552175,0.3534632480659913,-0.3851146510897972,0.33472009239778266,0.2249170363615268,1.1112230084141643,-0.21921496800480622,0.024797645969985557,-0.03587281531605992,0.5056649633485144,-0.06614327875147799,0.40462133375213755,-0.006735927059852688,0.5844021276109672,0.2409780458084505,0.2898071783300734,-0.44483378739081786,0.1540737775687843,-0.37653365094267754,-0.17340019478462715,0.10052029497765466,0.32014135731000226,-0.4487989048484693,0.14519727237102753,0.17663751295773317,-0.4282235964069523,0.10735554839970597,0.18682075084254415,-0.4254809570082931,0.19789118091883065,0.12391091601134624,0.35733091621704993,-0.24080151527679544,0.22446347474045547,-0.564587494097248,-0.1867807764601221,-0.2605857166251726,0.42989708095615,0.29526675967482174,-0.5069991162248009,-0.4737852829621927,-0.26483284421808917,-0.24732514061464542,0.07355653789404852,0.2580792167632564,0.4218459300421281,0.5780595730873686,0.1735333184827634,-0.48143789763311673,-0.2013284926090424,0.18650287904603308,0.07844501870772233,0.1442971262663158,0.4797158525164692,0.3323340397638045,-0.3372302829526998,-0.23935581864386465,0.3377110512569672,0.3955845507797622,-0.2018730632680626,0.23204009197898193,0.2868892415513507,-0.09198566059495054,-0.43093519042929446,0.32496336356453787,0.19001452916805675,-0.27544306680133374,0.14527322763236922,0.5364310636968439,0.40145316147661025
I LOVE YOU,0.20661875488919892,0.21705043711470592,0.285994340287421,-0.5363505218593774,0.5027284536649484,-0.20575114619380175,0.23678580368873306,0.1316560877819114,0.9863011408497615,-0.16566103770154533,-0.048423876019421726,-0.15212871584067877,0.3880934616391652,-0.16368800646607726,0.49603065850831257,-0.21714917802155081,0.47789922549327585,0.1816096707909677,0.28649123297078816,-0.3347663337845747,-0.018003185536059937,-0.3429052152257421,-0.1638770415770484,0.1699339941783026,0.28277504739321474,-0.41506381704488937,0.0884849994028648,-0.005150200179144249,-0.3119181081316279,-0.09407706076716126,0.24346983920577192,-0.5012440409820598,0.12284267775718963,0.03081771682409712,0.3237512037545549,-0.17098472042115595,0.4788474899175619,-0.4158102814721804,-0.2072926092035831,-0.4050048691845318,0.4377703773102616,0.26157239676639993,-0.5232276322891418,-0.5844148787686329,-0.12936876716314055,-0.45495602038188193,0.09475950229324256,0.20167632871616195,0.2818784677849785,0.5283077849647257,0.3493192150296391,-0.48521378139810495,-0.14377429225947863,0.0166875479965038,0.017167707604889847,0.044942757896089536,0.37060487012000176,0.3569439597604785,-0.3788038129602858,-0.31389244380953873,0.2253807272684838,0.2890732986132595,-0.33130218676927614,0.28433178630101935,-0.10328896105695734,-0.11992674896542677,-0.18546266291330288,0.3709057013891436,0.1925655304085625,-0.3413206517621205,0.15461687920461725,0.3290491675438222,0.3411313558735843
I LOVE YOU,0.12819770463370245,0.3727621560113291,0.2469660576005843,-0.4165367663646995,0.35149836690113434,-0.32707959419897664,0.19783131002652882,0.25885602510331895,1.0964780393441513,-0.24262913770689395,-0.03504457476454745,-0.02945061932014239,0.47846078374465484,-0.11138483265826521,0.5208757063938455,-0.22836233332053973,0.46649404846034487,0.2619830855149974,0.2108357347008788,-0.37746141417726314,0.15933748592550773,-0.3752096202651585,-0.1498558473781438,0.20538567246091985,0.3336228064669027,-0.36784390752030705,0.14019227237241952,0.02535018344594974,-0.45238259105873335,-0.19718763729269112,0.12862883479129092,-0.34929679031493793,0.21187925573771083,0.10823357473223272,0.3524853370283333,-0.18268253393446265,0.17164310258925863,-0.37722861714511274,-0.06926091213397996,-0.3691390062864717,0.4528405748881072,0.09299699257452915,-0.3894753550608404,-0.6629315051552744,-0.2811443660638089,-0.3679079211336738,0.14771726111736302,0.014350234013046331,0.5253836553081588,0.5123247265507794,0.3111617519252853,-0.43815595918816047,-0.19991488426703338,-0.0725623963740842,-0.03446756624673731,0.27780583347856147,0.46436005596045304,0.39241300334272633,-0.2807350932453774,-0.32718191469288865,0.3762262399026417,0.3656143488627315,-0.14804067946938684,0.2987715067101734,0.16734208648351212,-0.13712506312245698,-0.3437354510589509,0.4560108583259611,0.3262012344585799,-0.42884169549329687,0.10170058362578387,0.11552144564111821,0.3255162920255523
I LOVE YOU,0.2702811242677101,0.4255164913668423,0.2351256830706859,-0.49011684632698005,0.2816366924764791,-0.37216132530222723,0.21911419652140016,0.1970556625615348,1.0496086796430655,-0.4335077453357456,-0.049733171729182915,0.02934678422403708,0.5309344245584813,-0.007079471879660459,0.46844401328911994,-0.09297741714951291,0.47834188403975636,0.4395722883487435,0.2868894259412236,-0.24849617628867232,-0.10880179009618551,-0.3115408112209297,-0.15059778559929046,0.15345229016298578,0.2613508507621095,-0.4189589786341262,0.07654284348291499,0.03885481937091854,-0.4428544772392553,-0.10817723190619868,0.2724414033623155,-0.3425906465048877,0.3998185457780413,0.01074010412699429,0.1953008323817947,-0.25183256076726174,0.24082359441187876,-0.35969756369477135,-0.27259789048978145,-0.21353845153363976,0.3882832600677227,0.05121273777135618,-0.4503116111566556,-0.4828797252537941,-0.16691928876400572,-0.29255579750103694,-0.06300049121368789,0.12610032922430436,0.43482850165872716,0.4284101265028146,0.13081442507684243,-0.4099688689750919,-0.2795032888677704,-0.01017718377367148,-0.01780075722542294,0.09458670439844538,0.3823663637266587,0.5565324029911966,-0.3128048774781671,-0.057096775811119604,0.38433111609683707,0.38528938276193336,-0.22497983134658606,0.35563468066009496,0.2172796180630206,-0.041727942735174196,-0.1508193152974189,0.2844177717538311,0.11928182386215665,-0.10615764118192633,0.25845862154794924,0.030782276055217023,0.4683948465437286
I LOVE YOU,0.11262794090345411,0.27427605742852046,0.6054934391948605,-0.2612615867149487,0.5528638563794414,-0.3513311322512971,0.21361348538337155,0.24634226917196245,1.0779749201159567,-0.30673481050713586,0.14217837094239608,-0.04067043519392941,0.5378479691639737,-0.20265830305844973,0.403473429052456,-0.020916747459071003,0.4276236125754602,0.3211727619464777,0.414746408569488,-0.41424815801799403,0.1387791277063605,-0.19395131322160128,-0.11881120215874841,0.17572552263548796,0.3298510456222857,-0.32635060460521537,0.15237687397020563,0.0595556979924953,-0.3489892029000447,-0.023156802656372426,0.20948675277398457,-0.40843338553610176,0.14439208173824974,0.10591795614011658,0.2779118982404744,-0.3768262493641811,0.39686680914985806,-0.4263019197223235,-0.07857134609280794,-0.31942519438544553,0.32668930398799356,0.21432545138024972,-0.5836180826149304,-0.4981757673771434,-0.05029208965551887,-0.4526750104066258,0.24439714161749143,0.3307407582373796,0.37911024871803833,0.478248641213193,0.05491835580210874,-0.610274521775764,-0.12762848239558786,0.04587592635197193,-0.04617344905330705,0.012861122329485386,0.39783729153413105,0.45648015510166395,-0.31925802633621747,-0.18261888370880217,0.3022610817563097,0.23826197303831087,-0.11960842315784569,0.3618814634439147,0.13004476292534886,-0.03918808447018858,-0.4159091185018191,0.43135817273881105,0.34391408200619444,-0.2555166096962735,0.3817622008035917,0.21020299162415657,0.2822710979059988
I LOVE YOU,0.31482086963285355,0.3339655569988084,0.32997365200471335,-0.24391721743070455,0.3445293991849008,-0.3923304122961163,0.2850308501979663,0.12470916961169849,1.090291196860669,-0.37156107664349,0.012027717437889988,-0.05463092055351921,0.4397669468626785,-0.2432746356067097,0.42142120170034514,0.06931636713952496,0.4481915591488298,0.14528438256277074,0.2937289037013191,-0.4957868339185086,-0.08839714518172356,-0.3714149135588872,-0.19437815800168154,0.17947620095003752,0.263614926412702,-0.41164442473197327,0.027658088673670703,0.23551392845809188,-0.4884920726129437,-0.024680868259320487,0.3465331662591531,-0.477965610570868,0.25145039414351367,0.10876127625758586,0.4266241034487005,-0.2705771787270106,0.26257416353629187,-0.43824517182180484,-0.052969815163157914,-0.32412400936122787,0.33863675414031935,0.1303598340993673,-0.37915963761823473,-0.5002028458062296,-0.21796971260638082,-0.30232571174294814,0.021315674849357147,0.16715590389864657,0.5623766417429262,0.44693324544773727,0.17645795470436043,-0.47855121962853403,-0.056094533690159154,0.029239507728943095,0.19666654800147945,0.12184273636315009,0.42569126046656075,0.5061484384247128,-0.407946857565809,-0.28198772451754095,0.2380352407029313,0.36260763729319184,-0.26122610141690583,0.16839968071484238,0.12677232898846041,-0.05554167177448776,-0.23192786956654451,0.42732605080893965,0.16628796667096338,-0.2861399392745693,0.1962950953963135,0.2579590485773756,0.33352506638476137
I LOVE YOU,0.14185991053922892,0.33232900314257385,0.4137054568869264,-0.3128084185452496,0.43296090265081066,-0.34210295654286466,0.13449617900321292,0.29945628545094927,1.035036829809642,-0.2018382677543197,0.02860953834280123,0.06443170850979055,0.40126309283035083,-0.13694646909961206,0.5002213733827562,0.028470582651560647,0.4905205730715737,0.11006726601535557,0.18789734316719453,-0.42599906044272795,0.08788663728684805,-0.5067384419082885,-0.20476373493034017,0.17566037567948597,0.22148972696152525,-0.4372060937595259,0.0779691362289814,-0.06278746382895883,-0.3689654572186577,-0.057994665370985965,0.19479378065057332,-0.49966006308413724,0.3461786896158076,-0.017367060109615876,0.44373482972868744,-0.09059120957456887,0.2091840783030707,-0.45232329389221176,-0.047174485538000584,-0.37999119583796814,0.35427084573811785,0.21898999725530457,-0.5316639040268105,-0.4839179932870687,-0.13285184356411178,-0.362982094543128,0.04721212447794952,0.2569878641656832,0.5530736777052233,0.48152630044879274,0.080353317389516,-0.5645430682422352,-0.3304768382873482,-0.03422868477204203,0.08442611206731128,0.048623164106542355,0.3840768731323516,0.4670234452806728,-0.2989895914593115,-0.27691010172711256,0.3738653348124923,0.25488674364421265,-0.25203984731914425,0.0849792060611069,0.20084555040367907,-0.03470911741109864,-0.3522992332882949,0.3812807782069388,0.16064710771382323,-0.3971867598249904,0.2366864064782169,0.2175977849476629,0.37613786376816655
I LOVE YOU,0.07762332017186704,0.3101717913874408,0.3870718390287323,-0.4597520111123946,0.435538433072956,-0.4713719039998773,0.19832614141982713,0.25364537355235334,1.1763838713073427,-0.38862992648962935,-0.001001288313660643,-0.0361330698967061,0.4236413140962185,-0.23884661788393857,0.3982899068476731,-0.23590256860671371,0.46466217142673377,0.12408339105954594,0.3657874669090184,-0.4473969019508578,0.026340247362360444,-0.34397561956237654,-0.18155847285913376,0.19326815031811276,0.20531675135044164,-0.4692787351790008,-0.07996219538990793,0.18118594015003542,-0.4959272394514208,0.05867481009432731,0.27241726344693235,-0.4147805027462309,0.2412765464098431,0.04740764344902255,0.3281011028845896,-0.4342485096940889,0.3311857613090124,-0.2865789495594888,-0.11423842266510752,-0.30313442181691547,0.2940914291092242,0.21977480100915572,-0.5368757559288448,-0.422488124247018,-0.11744448448657903,-0.24794915568074224,0.014821050560391458,0.22161377380139108,0.49371009925235143,0.4188342758828214,0.25431090763066505,-0.46116925112071644,-0.031152816081066723,-0.0882681019289372,-0.057944669356116495,0.1108385132083657,0.5543587254525456,0.4215766484090581,-0.46695900507011184,-0.09191222365654689,0.3095328431705442,0.2510001483184842,-0.28663706738195965,0.12400878705053378,-0.007746870052082022,-0.0358035087984967,-0.42291332633661227,0.41373659670193286,0.2565937963262915,-0.3008774713739163,0.2083213601715766,0.11816525646104627,0.45456423299841525
I LOVE YOU,0.35020134305743633,0.43288272372350195,0.2949754129672526,-0.39994027604562604,0.37039653232910036,-0.3345901507281238,0.23906825465090062,0.40205559675937963,1.0170917271479332,-0.3149235429953689,0.015740783970782102,-0.18502985962621166,0.3612874077252322,-0.06136056461537022,0.4520512609452323,0.12756772540522587,0.48576733230731084,0.13768884497494846,0.20252983683743278,-0.3149914780781704,0.00281929984397232,-0.447789519111489,-0.24357775989822905,0.20326605190972685,0.1968077894481896,-0.5281451442197864,0.1279522953356838,0.14866997779718202,-0.28780671102120103,0.10879447796937586,0.2985555629214492,-0.5068720527858854,0.3129900664433684,0.17359732682922907,0.48169106767776315,-0.2682474571408799,0.293916916575131,-0.4761695576981996,-0.017815875367342887,-0.35385366811750035,0.38460030016255775,0.1344985651436112,-0.48735195552908667,-0.45535778278895456,-0.18721069965374632,-0.2976809730992922,0.02037707779286886,0.15447346140578533,0.40433486786870687,0.37345176623788706,0.09893560367053769,-0.5658514351405562,-0.11300761623163691,0.04515262522432297,0.06922969409143886,0.12958565916110507,0.4732557973090445,0.3915039829762052,-0.33703933686258186,-0.40256806682251717,0.32837893339087,0.3496830877916747,-0.0814588201471515,0.14166199743718297,0.08028860496102654,-0.20815325736024934,-0.409807495595632,0.3765388153561907,0.11992853622797181,-0.39063760185449414,0.20663666260906605,0.2880182034572091,0.387880686348531
I LOVE YOU,0.19661210213953198,0.3525099347518543,0.25480150957269704,-0.3833833177095066,0.38702032394275576,-0.3033152320465393,0.19017723315620233,0.21241119795397798,1.0407148552190848,-0.15065226884954336,-0.14340115116075508,-0.03422258211680407,0.5160025610847874,-0.24190389105254428,0.4226307108365281,-0.018508639959565813,0.6250686175353763,0.41122102375090563,0.22767832926050963,-0.41930170139633366,0.10210071313229507,-0.3127832799500778,-0.18631516483074118,0.04771628869125258,0.14684089176301182,-0.5841163319117367,-0.130703831530824,-0.05981017318055956,-0.3282502462882625,0.05751031733484974,0.25810453285986146,-0.46458992155297923,0.25694724879835457,0.054930711061510734,0.20627238714017973,-0.23012248966506582,0.40148800071968693,-0.49746545941026654,-0.18827011056313486,-0.27237383234000334,0.40345673341958527,0.2635338887314926,-0.36155238008527785,-0.5751094934756003,-0.21531031516939614,-0.43675843774730316,0.056025176705593094,0.12941321884267148,0.557179379273957,0.5404253831826371,0.15291082969837252,-0.666813027799159,-0.10957982801182312,0.04271528561996555,-0.07550773196728594,0.16979634106287803,0.38432556551538993,0.45141181105769795,-0.3718067344507051,-0.3508048022653317,0.3041912948965394,0.335879020142443,-0.20061663776256522,0.31324220199563796,0.26465929313235226,-0.04556601880749853,-0.2537992973350764,0.5172780555818483,0.09635804057812207,-0.3796438916177016,0.07239154761056724,0.19091914114598482,0.40334280014283463
I LOVE YOU,0.025184530217773254,0.35518479735183306,0.36363068706309964,-0.39871678568899876,0.29950517506931906,-0.3109280852348344,0.3712379847859283,0.19686468614703817,0.8314681833838058,-0.1822743093992797,0.03530434240257094,-0.07244187005716915,0.46401765238956794,-0.13365783667745595,0.5684450140287348,0.019589280679118727,0.4278389180392457,0.35671120535731843,0.47493338079048375,-0.3222939955167634,0.11869580035667543,-0.42562739082446993,-0.14752627709290045,0.15460750200799406,0.22408148172750092,-0.4048747670983979,0.03790833540947866,0.10921662961688347,-0.3383057001720547,-0.10579952570684314,0.1318682483656014,-0.519750461892159,0.41546852906323684,0.1271044835261836,0.39135674539604925,-0.1915823831444312,0.24954133066709908,-0.5685014571340884,-0.10119927658354541,-0.22870945166017184,0.3602133954402384,0.09532475193961645,-0.5470564493146176,-0.5848172844096797,-0.25773990045656114,-0.44946732176871007,0.14204679857851485,0.11999042135351595,0.4926254818148683,0.37392168890851046,0.1793244564309558,-0.49733281937624757,-0.1093197678910835,0.05607860015117123,0.05067132658808385,0.16980120317433112,0.5039347647396301,0.40902197242027843,-0.44442986126221234,-0.16596064472187885,0.2773586811956495,0.3009538430641062,-0.29356153291067066,0.15998952148234513,0.1466772611929251,-0.045118354512289835,-0.3636294994927796,0.3904002421380803,0.19039204018164485,-0.37459738585552393,0.38797347594606874,0.2680495817132232,0.396341477067562
I LOVE YOU,0.14039975387187947,0.33124854677203447,0.42068244734460636,-0.3939808293285525,0.506507014027771,-0.4388649373661769,0.20647166718641774,0.2859558508093407,0.9367701299167046,-0.40310990510973654,-0.04960267492062974,0.0035496002970994284,0.3487366856845342,-0.1687732663557005,0.47070228017348503,-0.08691491410546066,0.4291568041944565,0.18519079094790736,0.28391224137188265,-0.4881579535062339,0.06555874214846164,-0.2721609350199364,-0.07575425624211451,0.22355062919605218,0.23724135492380918,-0.32810821422736003,0.21517248572575304,0.07981621020537094,-0.5004171508347899,0.10564296033689169,0.11756345344017266,-0.5176934143141314,0.09366504572893297,0.1346195731055821,0.14799166222703516,-0.2025093405985486,0.4780290699302645,-0.2672169417368453,-0.19743598408668175,-0.4496109169818114,0.32462201554616144,0.2752551912158966,-0.37833513030607513,-0.4373166856221591,-0.16651032246256603,-0.16783649075940588,0.09206094388948144,0.1015589153035915,0.3468204395366654,0.4866771979470296,0.14453261828387556,-0.4283265619912836,-0.1770460370774315,0.06344408121769161,-0.031528740250102355,0.09032424223136078,0.4551122648603737,0.24916856537910265,-0.4022907521044238,-0.18904818277534682,0.2540604912688168,0.4771167242804304,-0.22423841660391355,0.18044385648036343,0.119457056833323,0.08316488971271944,-0.36452959063631674,0.4124909543333972,0.24849407804487875,-0.2866698160752565,0.15978816103541887,0.30857145886585347,0.3993424015904407
I LOVE YOU,0.056880875928470465,0.4180824462093129,0.3523313705961204,-0.4077511850672533,0.4177721636373069,-0.34529857709627304,0.2974546293504171,0.14054178528324202,0.9625527010114594,-0.18131823553730309,-0.0060693242832551494,-0.16451042780194913,0.42487173724750565,-0.10812682911024114,0.3101021743696971,0.09177205874974975,0.6075051817846877,0.24695486947405806,0.3133280588634551,-0.39328758460992236,0.15758551205335639,-0.3210908921990676,-0.18324074190322603,0.23415181259161855,0.3167008080988389,-0.5376093127919134,0.1019353976261958,0.15744363483501955,-0.3989112269994755,0.04861070758346076,0.18924723356261253,-0.5431263337265517,0.41125006130041686,-0.030730453409284486,0.46772790905444483,-0.287157351626023,0.4330688545091752,-0.40360574565748153,-0.021177441192115273,-0.26460685216268665,0.32247070363357283,0.2156493833508655,-0.4860726555104655,-0.43903820779924463,-0.197427447851112,-0.33382433500747094,0.04823475583227972,0.06154638348691223,0.4476011299572348,0.46656409342934907,0.07477132243946502,-0.44860036146419036,-0.0917985152723036,0.025632195982756234,0.00043884288705139224,0.0019408762294661625,0.35781041000858654,0.4167694077634015,-0.45733367053402174,-0.2946406566404368,0.35541238847758555,0.4873191086249911,-0.2564245634477382,0.3946423245523034,0.1659368750125829,0.01863222137484105,-0.22176775309447977,0.4712445787501487,0.20497636098299923,-0.34938193257768213,0.2710477036075445,0.2753543138490051,0.3520110222399175
I LOVE YOU,0.3072032561006562,0.3568130887684249,0.3414830474642344,-0.4629955540103679,0.5497282634392,-0.3421564249577462,0.2971376157933859,0.2589973301578762,1.0660191079017027,-0.12643100449827785,0.07169380115957665,-0.013103635429186439,0.4028236602715653,-0.19342498760280946,0.6305409694152059,-0.04391757678460814,0.4558177725070942,0.26045823843979665,0.34465100052214226,-0.2677010145012876,0.12930998004484712,-0.46209358576793697,-0.2551500423106192,0.1244221589224215,0.30827699242559375,-0.5824506061602788,0.07045434672912414,0.12381900888153752,-0.35058268895039935,-0.005719025274184886,0.2977814698065001,-0.5119737105520742,0.33590716262088016,0.07149483075996198,0.3366580562097429,-0.2793956490710247,0.3852834133835274,-0.4938235254402886,-0.025347062321421296,-0.23084624136098775,0.35190217259587386,0.20511722930753687,-0.5433938803461005,-0.5833066644349669,-0.1929575581716902,-0.3404070835198656,0.10333945493027337,0.06381461022310045,0.47851549539793925,0.4231355927297174,0.09894938937521724,-0.39225032827843326,-0.2190144633532768,0.058094922005266995,-0.12078331140941473,-0.01155663478352481,0.4991657554524353,0.35830175281520066,-0.48459978991016994,-0.15802477515936558,0.36281461079194244,0.15407585324504766,-0.14787715222433753,0.1454772656060111,0.03540589592276194,-0.0921209104622628,-0.301889227141101,0.39483328710364385,0.04706196538243901,-0.4440552064602307,0.14392988243927468,0.1856723144380763,0.44782419183724687
A,0.23401716039340295,0.24953486378607123,0.10078652930378817,-0.09866117661167684,-0.1317801110798877,-0.46390038344203666,-0.141128840783339,-0.13674792645349765,-0.4007641520930791,0.9278083103118214,-0.21185996133061952,-0.1123391426448915,-0.09140257813765741,-0.4409067457626292,-0.23021651151083972,-0.2070662271830539,-0.44916134649004336,-0.1201522748362872,-0.4354267589697332,0.24576001582237103,-0.12402257963421678,-0.15591145133286205,-0.32749999321037215,-0.305329350444547,-0.366001717961212,0.5072905353171554,0.4305006897975277,-0.4608056305299727,0.14228797594418957,-0.24746399209780748,-0.33649357895855964,0.19072492982871972,-0.4047063530217997,0.032164639759724944,0.08972209937650967,0.1256524318711286,0.5661039352593596,0.33108796768748744,0.1742545345616791,-0.14223221318116894,-0.5077645076805477,0.19473098924386326,0.5111522112833866,-0.03258438445658057,0.4488342861466215,-0.3720025044075475,-0.2227723630698416,-0.2361633846139844,-0.045392076498031134,0.1982289488862808,-0.2852130955812872,0.43524730247714905,-0.016024125861087056,0.018922374163675537,0.18053824311470582,-0.44166947628706404,0.16730696324906286,-0.22227914258325943,-0.16727964956679042,0.1265437859310079,0.3150595194138977,0.018745850242011537,0.16769446788341127,0.14157527695532504,-0.2599660365585455,0.44858610107101304,-0.09643629486728025,-0.44342787763139363,-0.1984746603529659,-0.30432427433598075,-0.10006169247742924,-0.08418247483972222,-0.26059435052978425
A,0.23963681276997867,0.27704988703843003,-0.13357377848154325,0.0938800098521442,-0.15862327151293615,-0.43779174493602485,-0.07782453821145596,-0.04019393436474184,-0.5438938013285263,1.1664705030971,-0.24379420144658948,-0.08477717814334501,0.03898773844345768,-0.4398942595036986,-0.2856490058524092,-0.11278198757017416,-0.37886658533033113,-0.22988291894667043,-0.5041798435276511,0.16121139190140243,-0.17302540982691983,-0.15425976106246284,-0.36720306792058516,-0.25115732421307607,-0.33455981518565897,0.4795375022712826,0.17089339759199598,-0.47313720297765904,0.21087184236494896,-0.3580695763257707,-0.35694881272861884,0.15671861497890965,-0.30419435823618124,-0.043567424373282024,0.1645414938527595,0.0596806680554239,0.5838956428134912,0.31353545133813077,0.21775947900729364,-0.13650740173328846,-0.5211149913531422,0.24740292219225546,0.4661505073063274,-0.1482657511000896,0.501460275976993,-0.35382872017632927,-0.1183711807596148,-0.3624695385881544,-0.1832923348728088,0.26787173763015537,-0.28945276917537227,0.4394826950795976,-0.08908142093811791,-0.11364527125125086,0.2580490855332873,-0.27504045457732385,0.1879212619534813,-0.2560556011754464,-0.1727893266601817,0.21817861757773566,0.4641580051839179,0.16591950590146204,0.21809391350261026,0.17986475189358303,-0.21189987266214952,0.3951265489779203,-0.15855987410677186,-0.3707250966467593,-0.21413730414903956,-0.19205904940433202,-0.2768288844906847,-0.24310447282764164,-0.4216027785901495
A,0.26169134697378715,0.1355924457612723,-0.02342984213637358,-0.08368339125903261,-0.21862865374604362,-0.46080014780398804,-0.26890319733832946,-0.11059896703788559,-0.5368485845224831,1.071721377461863,-0.2272951323663527,-0.11133373581706393,-0.082078955463019,-0.4427957945903309,-0.18950641281759717,-0.27373079001704353,-0.3963531429939752,-0.18703273408980806,-0.39772872870824943,0.186311597818077,-0.08246144331672425,-0.17383872021205118,-0.308370582844338,-0.33899114801200003,-0.40888609793212266,0.40733562131857526,0.420862852727536,-0.49710241395758753,0.12420157441220472,-0.3283808327017872,-0.3903787731683934,0.12377475159393898,-0.43845695253587114,-0.08845791509617476,0.16777294546729588,0.09864256260638948,0.5239526901377699,0.15869588391897266,0.27366021609626884,-0.16014715258958764,-0.6141791012023747,0.2356896310084642,0.4796979069007315,-0.053198838486953434,0.4920182650563016,-0.4022375328883138,-0.1294266523267244,-0.5069717483195393,-0.02996523734755302,0.15592132694786554,-0.23231377015853572,0.44821403339261945,-0.057105385105479134,-0.1484730117544375,0.4775914408685263,-0.5072996270718286,0.4057941434577126,-0.27082417299351413,-0.26117378253188045,0.14479668456713626,0.5088619510897651,-0.013278485597801454,0.10812936561620452,0.34434416838001436,-0.21763569601335325,0.41538709925545314,-0.040830894578307915,-0.17968638577690565,-0.13559483263218303,-0.23612399641529772,-0.24554868510309022,-0.2288359094189585,-0.25122221255383653
A,0.28604618513833263,0.24405391489166373,0.03266298093242624,0.042030359157429656,-0.19272384856780392,-0.5065104691718051,-0.21298773030510343,0.06305443223162467,-0.3287964589351865,0.9329988840164376,-0.28240381889554594,-0.13102997821406642,-0.17702514584774903,-0.4479155052465295,-0.23618505556170682,-0.11184267040267659,-0.594911008304525,-0.18753839132883843,-0.3907159999012617,0.2658749608856894,-0.08842204599716649,-0.03233540662673609,-0.3711653010303296,-0.16853692132373638,-0.31900420468855395,0.489842850600411,0.23833217344458524,-0.41266855312264883,0.10720116175718564,-0.2154642185764844,-0.4206925616832216,0.25251404325247595,-0.3365997326231906,-0.13583133486796084,0.057223770233283414,0.052273257727680524,0.5303950148952755,0.4347742573716304,0.29843264466074804,-0.06380209371988553,-0.6206325826969918,0.3954473976254069,0.5481869811860078,-0.0980892531490868,0.4723428151604834,-0.44686787429437347,-0.26919059202089624,-0.17643821768685622,-0.10394438213606522,0.21631998087791282,-0.21551594734809243,0.31037447691496967,0.04605493931742591,0.052537254755096366,0.23819645609351364,-0.5084224453390811,0.297101376251847,-0.26150994684155837,-0.13896948881023247,0.06309310937589824,0.3811218826760711,0.0664445206074033,0.15606967763876553,0.24518965541666699,-0.28504676965119397,0.1792034580135952,-0.12727082766245962,-0.2671264450622973,-0.08186227898936418,-0.2915579301690787,-0.1673275150098132,-0.21973312701686226,-0.42609689500318637
A,0.13489216271295007,0.2784601479696303,-0.07273730537839247,-0.08937117721320287,-0.41360324822138245,-0.45734137503409383,-0.13657937455980884,-0.06023153553133022,-0.5269465662913773,1.0442832405685682,-0.1375194055838443,-0.24435815582125367,-0.1580192713150962,-0.2852533145425876,-0.23464454231131093,-0.22402252283407476,-0.4842408146320537,-0.1714599142502685,-0.47080475272075684,0.13470695262401,-0.20035683146682878,-0.11051996291182542,-0.37831031907368395,-0.2483352450508885,-0.2551609361967641,0.5204777210979717,0.314971876309622,-0.5232703044509344,0.05161416441718995,-0.35720743425064533,-0.48538572483024905,0.17636634543173696,-0.49663760928648903,-0.16684209280114676,0.21553635625073844,0.07242911494329206,0.44148216004646124,0.4674685698348874,0.14233339863044742,-0.066355703802023,-0.5005217945382116,0.29721469150371327,0.508448381677337,-0.24390049723600504,0.4931553363618237,-0.33144742209448574,-0.3788464722452357,-0.17374920475337746,7.258046063756199e-05,0.35074042071814004,-0.252580659628151,0.4614783389235209,0.13199077009482957,-0.014290128007095067,0.28628611751361516,-0.47004355295008876,0.25645591778800864,-0.2980103609679157,-0.1734278018253477,0.03146369931068767,0.44710648276648973,0.011288104752492298,0.1279611444616855,0.3258781413662995,-0.29697897860639677,0.37927659192235064,-0.03780031831914081,-0.346020360378993,-0.056939264430411904,-0.24764614092360554,-0.1831042727375261,-0.07395960729065959,-0.33837326699401543
A,0.31867928595148226,0.12999408013422217,-0.12552216011816242,-0.007882787958310815,-0.3418691768864967,-0.5006927085358672,-0.1216448353338323,-0.04550816524354093,-0.38584582651091864,1.1121862570985055,-0.08888244215390353,-0.09097264356115475,-0.017545743258949656,-0.3499631606617912,-0.2492671653789654,-0.14517410456732605,-0.37886132652953264,-0.15709521037370847,-0.41132605397011535,0.24651618805610337,-0.16766211499948036,-0.23035156791272116,-0.25944535390655854,-0.12434325144630437,-0.34160538773368965,0.4316846602781267,0.4267512050688249,-0.44205610891517666,0.17095083919415352,-0.1723617999898317,-0.4148816441199418,0.23199735711896963,-0.3482190784758034,-0.12493854848990116,0.15737244029718056,0.1535116118469621,0.450898439195274,0.29794815302179734,0.2907300894083582,-0.1671777699537904,-0.4374524089003097,0.18000567917028934,0.6063437257913471,-0.044024447325804794,0.41057701090328586,-0.2224511156747533,-0.19003953146235497,-0.38710886963633345,0.0635403349261111,0.3365551230630624,-0.3010950848007692,0.3641761117723632,0.0671582003075086,-0.20734092046953545,0.29384144902626785,-0.3859181531417946,0.1790731206206089,-0.23539640892637623,-0.21859034568675975,0.0041502448492787,0.47549926879523113,0.14543525335228924,0.12577038184629805,0.2607080837339283,-0.18257412599988562,0.311180621355198,-0.23651250697446263,-0.2853893819168433,-0.2149426661979557,-0.28505633263518215,-0.15465674942823604,-0.2281550792015377,-0.31893039038800064
A,0.3078562692663783,0.2214262296699748,-0.11643282874772924,0.002930103389853508,-0.2299689522724735,-0.4039219344337762,-0.14582168800618817,0.20257905429456274,-0.5367557351276471,1.166640631672943,-0.14230470264878803,-0.09349690849335625,-0.15870842047114078,-0.24894049129058476,-0.44953727464442705,-0.2930140837138174,-0.3386305480209289,-0.20350922768410415,-0.30006126526047794,0.08251346353539804,-0.2029203849585302,-0.2157786642317833,-0.3400858862934708,-0.291257956585506,-0.3065267312658701,0.5988359293611849,0.45642497753962535,-0.5178880896231728,-0.01994483381789325,-0.41668860991306667,-0.3764798619979872,0.2580762128972585,-0.3633546276853671,-0.061931869036725005,0.06780175566439764,0.10689313966809573,0.6118839286146558,0.10839239893567812,0.2679932810244725,-0.22203247387205677,-0.6108417874401664,0.14401286000793503,0.5301059127504247,-0.06172391644909115,0.6023415198511014,-0.3575893666940167,-0.3441453787528489,-0.3483266316476071,-0.1357343528504469,0.20043773059346,-0.11289358378952648,0.4217634095994251,0.09183566096461156,-0.06317501403986098,0.3502782072693048,-0.43162873482142433,0.36308709783005444,-0.2294768846694499,-0.23574720245553185,0.11642121685416762,0.4005055689682117,0.20609547099589867,0.16858435860079007,0.2764655758137135,-0.2597545095715772,0.39468841034374336,-0.025406783808569887,-0.34625163693384775,-0.24233324170869974,-0.32602633935204295,-0.2860193980277298,-0.10952260079130723,-0.33908331559766364
A,0.21955299843204537,0.04014196910016052,0.07818630749067715,0.053276236311120266,-0.16918035690607103,-0.3487490420097324,-0.1821378615802348,0.002351006692168976,-0.323598798124508,1.1025997732026374,-0.18997274391031319,-0.0632755690311975,-0.05524868228748331,-0.39236746733331435,-0.2768893528903248,-0.1761415128983159,-0.3702848950039757,-0.08044169148874578,-0.3836906685797057,0.2511862921970345,-0.14965090278544532,-0.21973957150737744,-0.31102737454827356,-0.3194311499964142,-0.2689508713102253,0.5955260741510062,0.43299500289610043,-0.46059460190279367,0.09314542438178293,-0.2539602164055566,-0.3262102598959665,0.20267982092406145,-0.4130570419724719,0.04100276004237359,0.14669317597026674,0.00831429047564896,0.5159443134173534,0.3634400861779232,0.1935795309444689,-0.16044091898720353,-0.5113391773229313,0.27059390293336644,0.550292750124461,-0.13823880515874326,0.3660984048846354,-0.2757479900977015,-0.2930832700094596,-0.30757833185401917,-0.03538249897163879,0.3099769139235464,-0.027239590725497448,0.6492914662416178,-0.08584457958210359,0.04413690616851115,0.27453602038106467,-0.31472814186121123,0.3503335173050078,-0.14426841525132023,-0.19639025960374668,0.02828765452367797,0.4761463841429747,0.08784675586238996,0.13024189158375635,0.2384966791488772,-0.16016839547910292,0.45550323216473265,-0.17766805562882101,-0.27458812711052305,-0.1796728953726867,-0.3712506801371438,-0.25946992920331347,-0.2840878236959987,-0.44528944348192634
A,0.20454364945132775,0.09877760072694393,-0.09463195560257787,-0.09831674152369166,-0.26447236319663675,-0.48274401641080017,-0.13891033310786513,0.04306687490423139,-0.4218750673383922,1.0693977454272257,-0.2579689747708179,-0.19988562540014765,-0.17172276163408975,-0.325825624265696,-0.41495485335724835,-0.24481074300142666,-0.4582474487236499,-0.1259697313003113,-0.5417793859182808,0.20445629954854525,-0.08651348613396102,-0.3256261081115449,-0.45942406632533206,-0.2808395323001275,-0.22616303845013203,0.499804159762319,0.3801857197444779,-0.5710875093778207,-0.010263437209762388,-0.2373294391175331,-0.4939713302375449,0.13637397703593046,-0.2938121821455409,-0.04113125592891623,0.0867135724194911,-0.001347764216288419,0.5273028228538761,0.30270028797452125,0.17702884474167446,-0.3002305045670446,-0.34106036130464634,0.13661259164528372,0.5419478045596822,0.026734542330669506,0.49732630446376985,-0.40632682458302993,-0.31757157169893957,-0.4444739111631318,0.005311560820926677,0.41305950734321917,-0.19097503619840844,0.3617713001799223,0.10062890059468002,-0.08945136657050248,0.30899447480555003,-0.39521238695137445,0.24099502652443025,-0.25829105252609497,-0.0781352836447641,0.14781640884815636,0.48933448938668345,0.004911400897259943,0.23662424060309295,0.32771622764279296,-0.36064292873226267,0.3704169314738305,-0.12310178187642445,-0.4480086006148868,-0.1394998619526655,-0.21074548099676588,-0.2591577493727891,-0.2261678880684943,-0.34551601233457707
A,0.464409927976615,0.08639396307776055,0.026936751231069714,0.008987822303722163,-0.3012184750079022,-0.4295560102143687,-0.28039405428660713,-0.052055476552182144,-0.446441699547516,0.964143937369176,-0.19646416403638808,-0.210020509680161,-0.222820865522379,-0.4685473525782645,-0.10010231251837226,-0.39659787928589846,-0.3974752766971706,-0.23403120109184564,-0.4557886809658977,0.25177231740409667,-0.06956673625557594,-0.22770332415456856,-0.48210374902705666,-0.22372506665905306,-0.22310461562012884,0.46240665417024795,0.3707049302131636,-0.5204040668446112,0.05067358556569669,-0.24377292908839024,-0.3541004518930943,0.2303397846839494,-0.32766143612551696,-0.1171055303333944,0.25871565482058445,0.027104287727898697,0.4681158461846156,0.18025014038509315,0.258684963623707,-0.10182558697084738,-0.4306036589004451,0.3593661886456309,0.5413508759617093,-0.07196783659240817,0.44981489003597186,-0.4112311231242941,-0.12586776718983012,-0.25318744011841665,-0.11098504314108602,0.3548290724794989,-0.1073076131503787,0.3171242263507359,0.08806695771291925,-0.11853930301666733,0.09269240478139723,-0.4113646960535794,0.2943776476310738,-0.2662536642178224,0.010181092558275512,0.12976187165887784,0.41370577059010116,0.11277425403599209,0.11364382844247914,0.3509529145727573,-0.21179508531334512,0.3524474091155418,-0.1319694687622054,-0.44949073262476497,-0.18999280766505833,-0.2312581797809833,-0.30686235324394984,-0.1940986279154442,-0.33765813540641487
A,0.3015292459994124,0.10285358409002708,-0.027465806406700065,-0.043522347075508304,-0.3559237898769906,-0.4388964160063524,-0.046054037374073986,-0.12110235663531245,-0.4331355734491316,1.1520394671182443,-0.05297231230387664,-0.17235426500297346,-0.15724323724963984,-0.4754493093871362,-0.18293733867751366,-0.3077458942755173,-0.46201283834078183,-0.32181532960000314,-0.3570606798302107,0.29611850557191216,-0.046290228355940335,-0.30167363312992274,-0.3249057452340486,-0.40730997533302427,-0.26265156689573715,0.5016104212720068,0.3601640369571545,-0.4419667857555709,0.11619390248373797,-0.4010842645963605,-0.35281339047645316,0.21340841440997452,-0.44060403384134944,-0.18181101416119302,0.2553669397138729,0.15299879921824328,0.5341056908873393,0.23163862022374632,0.07283373195056833,-0.08323027188414994,-0.4622695660074523,0.20443794494491419,0.5897165888315025,-0.026281089539356428,0.49960613801558534,-0.3554872170359645,-0.19941023095530808,-0.2748778784307497,-0.09342213479662327,0.33106005125002336,-0.23298558401961336,0.5131533508920502,0.08740069905580387,-0.08963384718923711,0.29348350811765633,-0.46685941336045866,0.3940814982267384,-0.12721792106947655,-0.1634895582117346,0.22398629873244608,0.41407810095600517,0.13948795514484857,0.2469273105472674,0.2761351019640008,-0.23498693242212565,0.4019262009184543,-0.030320013685170816,-0.38478116412492175,-0.3248282702405926,-0.26791113328953853,-0.43903952920236844,-0.29671818816927775,-0.3890121418339413
A,0.2215915023540804,0.24663456569313552,0.04011735590091427,0.04845324221718005,-0.18226059642159523,-0.3731944496545907,-0.36870584257719163,-0.003600429447064539,-0.586403651174268,1.1289644601108297,-0.4044234189010085,-0.14735470923529437,-0.06286160679972785,-0.47153456957729983,-0.1972413686241536,-0.19782297434025153,-0.401899148131721,-0.11806017240946015,-0.4565144342658252,0.21561135221021477,-0.11314810766395364,-0.17425152619091688,-0.42724031462815926,-0.37289891373292067,-0.2942434590040344,0.45384838229776164,0.2764109005071421,-0.41657340582176644,0.023060061340030705,-0.25781063628937556,-0.3023158942555155,0.2783301113277189,-0.27109093972386816,-0.10352166666020249,0.1949082148981408,-0.030542875603261868,0.45555918183741967,0.27120214826010713,0.2281261591516489,-0.17334972496573076,-0.5310745821156465,0.15581942478255267,0.5682451647761357,-0.10871689248632596,0.5016334224705002,-0.3451897407702252,-0.19910953435448087,-0.32184870457301507,-0.04925740467566592,0.41045315098840945,-0.09847872753121739,0.4076994997735531,0.00906605845250004,-0.04408125367644917,0.32044556350501596,-0.2785612955553105,0.16390866763747114,-0.2042660191358311,-0.1290495618744717,-0.01948370427233867,0.3874423549077032,-0.006754488075778303,0.1833917177286497,0.24792651501683,-0.2510863663579233,0.29434920822186456,-0.02442677631138878,-0.30602166966098643,-0.1314077794157026,-0.2410191422752584,-0.22548712442818317,-0.23839454966933973,-0.18300720225463638
A,0.16829930713180896,0.04292603830648031,-0.1875914528461924,-0.15861306491079138,-0.1790075693209195,-0.3815746702214711,-0.07233732393747014,-0.08894730118407561,-0.3830500371010275,1.0927792270290508,-0.22364784718296402,-0.0828697947792698,-0.1671857289662903,-0.17513400287963587,-0.1676282211231829,-0.28088922425602014,-0.5196241684166216,-0.18093263235467805,-0.4131977517579294,0.28870706388633494,-0.20744990636815563,-0.15040865516569202,-0.49579903044957624,-0.23858773708221467,-0.2758951286975204,0.6401385958561641,0.21166917597091917,-0.37508903784736,-0.019469916044817737,-0.35026672553059657,-0.529790635858189,0.22562797179583902,-0.46229035539194946,-0.16412574089270737,0.14838657296979468,0.09063678702496392,0.480817042634769,0.27276508120079834,0.420506146722464,-0.13273770461961112,-0.42714919000207835,0.24584469972588502,0.41190198123529764,-0.050129877704223086,0.433054714039534,-0.36557078150879246,-0.1790554338118085,-0.4845865136084608,-0.15358419698452253,0.3697381353070255,-0.21243802418996163,0.3569231780231626,0.058145485119450724,-0.06542939402787229,0.3204429127266995,-0.40264624605685895,0.2896407072251106,-0.3131966710465535,-0.2036998669542882,0.18786090026691538,0.35651456775706925,0.15163241379263692,0.14482452332867501,0.3353531220835092,-0.23037353553926437,0.3245607991963084,-0.05406147636674098,-0.2272565015246576,-0.130994137001669,-0.21558642180910287,-0.30076518795049023,-0.09176588336123181,-0.2678422163835368
A,0.273299564031291,0.17118722037967826,0.03533565418434227,-0.0407423415310173,-0.3754911558082463,-0.41989211821012595,-0.07375907743037025,0.12288846088714006,-0.4512704689553779,1.091720315172449,-0.19541233251415635,-0.15406757991633963,-0.06537071301000288,-0.38894607379745627,-0.19326918488999684,-0.18051430688856537,-0.3675468972145592,-0.19032571099446977,-0.2737042416043119,0.24217079850002787,-0.09416870916374305,-0.23412304906698303,-0.3812435741082774,-0.2643459636988933,-0.3303089747748204,0.46181884321177596,0.3220853780602525,-0.4802640554927109,-0.024179968434848598,-0.2549115468344174,-0.42581076582681027,0.20392903114976274,-0.2855723252372303,0.10793241889943214,0.1864353408114944,-0.04425901761031824,0.44999654215614016,0.3334196778290099,0.31285661584181157,-0.0654185470827228,-0.499392587459106,0.20533091012144788,0.6399260046089555,-0.08942724398681343,0.4041845488754282,-0.24028119790301988,-0.32317528767483816,-0.6088766860566177,0.03672691356982168,0.3698374791891909,-0.12621727310647082,0.3020324504325075,0.040120824910399436,-0.056829072142432435,0.24405272132388517,-0.2855909484934731,0.19001918652013958,-0.23175964357866133,-0.12366369412375644,0.12996909534560291,0.5012238948458351,0.12350412756517917,0.18329732243384927,0.30594137911184593,-0.19159977967550124,0.2963905450111617,-0.1861897590826732,-0.24802083359177277,-0.05694253649841377,-0.23371058340929118,-0.31515644443510377,-0.3420541706032049,-0.3122046172640395
A,0.15916685965185282,0.06188051394901817,-0.04455552959876198,-0.053347575462437694,-0.20523639001335803,-0.4384277343690323,-0.21749020857732654,-0.1408094504659511,-0.5109180035470962,1.022942382853019,-0.33499938099662974,-0.15924317002662922,-0.19846334817526695,-0.3952133534952921,-0.25494574837171874,-0.3044463442875255,-0.39833243344526703,-0.282808929110119,-0.516752619116196,0.19440045929968855,-0.058988946091598486,-0.10385564730248399,-0.24448657872378837,-0.303623454540505,-0.27749489655514076,0.402590172551864,0.23504807294921146,-0.4664519414603664,0.05476687081278032,-0.14549956757669302,-0.512613929729807,0.2445080195857304,-0.4488535896370131,-0.12189509781203102,0.1752941300600867,0.00042432126635600503,0.43636637290115093,0.2207699440383971,0.4169957594565651,-0.19380351080536953,-0.48748033052123724,0.2182578416482024,0.5174454492336132,-0.14329984801365925,0.4694531201937854,-0.3267757297461388,-0.27252821940352195,-0.242127359727277,0.07001441445014639,0.3455008115999196,-0.15374819777432744,0.1669808212955086,0.07877370394214211,-0.0658820186764319,0.2673338892818732,-0.5503466894000407,0.3132395500806101,-0.37293448357332964,-0.2097134891374509,0.17182637187286715,0.36438817054080097,0.17569108778914005,0.08919011853791253,0.3246292357437543,-0.34505810112419544,0.40972410757858435,-0.011960620326507077,-0.28687567267173913,-0.18134465146797996,-0.36602893815602366,-0.30253762008191076,-0.12861222722098406,-0.30867223553238127
A,0.14283993286829455,0.09102130300645692,0.057355104710675814,0.04678700480283432,-0.3315811641657339,-0.5669506058580499,-0.21896281404752305,-0.1525249406468274,-0.4551537126812276,1.2843633318040109,-0.3647312531713665,-0.14780167946373562,-0.0017290628547947107,-0.32218690504798725,-0.2860779026491423,-0.25006064154984703,-0.5248379063927201,-0.195312761010747,-0.4083031701052824,0.2918669265715973,-0.16356628332387005,-0.1884344208667023,-0.4494149069569277,-0.25547033019186377,-0.20459243503615931,0.5355760559476946,0.24173441347310487,-0.4729886516100552,0.06265158850846468,-0.16320590232584958,-0.40852808900229876,0.08403869606046795,-0.38597866698026945,-0.019581414934353822,0.1516856498913482,0.013551075062830237,0.4308072271130512,0.20674226126521728,0.24261340650066524,-0.21285892324103295,-0.41399762902167314,0.16231993841215903,0.5095148412846485,-0.0897765799902778,0.5611718947879103,-0.2711424273489839,-0.1478100529007763,-0.30103880079431894,-0.10871571876070885,0.2114717944881598,-0.22699357404324202,0.4663826171221047,0.05069680758983597,0.03491699300072226,0.367260060940883,-0.4566326549821553,0.27631841741524965,-0.2580874941218605,-0.24541046798669966,0.05666634495810296,0.4967148653190897,0.0825646879081049,0.15000093187926838,0.2123723756157865,-0.1866582465744329,0.2468250727371013,-0.0456474086252757,-0.28576595770442453,-0.18288312448476055,-0.2284567217871203,-0.25643283014079515,-0.22058565126564583,-0.3180336668462919
A,0.27202543308477223,0.19139244797381608,-0.03807764485001004,-0.08055515058436788,-0.24503803058698803,-0.4044881980683326,-0.1611763449963744,0.07188377674397722,-0.3930800263207112,1.0186005392528557,-0.25030493575978435,-0.15782655868301346,-0.10703106781146952,-0.3823524456990908,-0.22525691192602332,-0.22416647888509977,-0.33392152338206976,-0.15462004839731391,-0.4942256688714749,0.1660753934962125,-0.0656491077841489,-0.3023810717820801,-0.4811482616771967,-0.27264056798508574,-0.19122102157918314,0.5897670494296932,0.3179809197467516,-0.39987141340769766,0.12261802354999157,-0.36660310215753467,-0.3962691940986853,0.1560871131500306,-0.29493598009343147,-0.05831324129862327,0.029932116315406612,-0.06548242871769606,0.4759507017095868,0.09212521540574614,0.23274015294125766,-0.1259221798595414,-0.576165828240287,0.3139299022231147,0.5950126082757278,-0.17545696847654058,0.4616749650213985,-0.27871643835993587,-0.20359225110368973,-0.4408313545054509,-0.03628971255833246,0.22874713572355326,-0.07068247674797527,0.4547035046978386,0.01972985770853486,-0.023203745255719492,0.18238611603747742,-0.45885869964282433,0.3980148062260741,-0.25276682762079994,-0.14478058843345323,0.11801482039272214,0.5070769724885671,-0.08150005283707276,0.13389194207296645,0.4081771213025853,-0.1641813661626617,0.43326345350735784,-0.08258101842536954,-0.36731281974190816,-0.23205507731390934,-0.3416231356146955,-0.2067215498876726,-0.1763799172471657,-0.3243950612043393
A,0.30773813961742497,0.1923956548842171,0.03408040875445212,0.08396892502525707,-0.31813108254532707,-0.40379240716649917,-0.30246878329504434,0.006225415039613847,-0.3943426111045407,0.9831357544736535,-0.2702917859522993,-0.13215751622965424,-0.08796999557142363,-0.40440222996998165,-0.36796169765758496,-0.24267332408993195,-0.564544609154032,-0.19251161434487432,-0.46308831634024716,0.19271658923451643,-0.1586979916407442,-0.2938620776741213,-0.4027852941435541,-0.19903073455211867,-0.16637792674177201,0.6803509571708444,0.47068141218030646,-0.5804927425000167,0.08416158266666698,-0.2459127543650984,-0.4024678579191117,0.21116242951145278,-0.17578713680784608,-0.1428233441336561,0.07508267394278034,0.1860008305621161,0.4283505908559547,0.3172290651493799,0.35696596571694644,-0.10548468458040638,-0.47626325726765895,0.3094997912462071,0.4282865997752748,-0.13382994261606454,0.5283695060343305,-0.5238470312027936,-0.09016094249570718,-0.3050016782417068,-0.012581486850692191,0.16654037129593582,-0.26226703849402516,0.3743422440078025,0.10942480135343301,-0.20070486723400957,0.35010502625746487,-0.4273590088868848,0.25587859339134256,-0.23676056449190877,-0.19764207378904952,0.0424594861251521,0.45192723212371255,-0.10714490142085026,0.11291583786907458,0.2888891306594265,-0.2682711862246712,0.18108084848686395,-0.021397660632012594,-0.4242153314790017,-0.15528304114113822,-0.24162612051636484,-0.26970022256312476,-0.12391592721172864,-0.32333019005740543
A,0.3012793196050457,0.17652719150795293,0.006139479375795405,0.11923360839640532,-0.22185780814876416,-0.3631360575574424,-0.05253312848894194,0.10415849575030786,-0.4735101057695644,1.1711478905167199,-0.21707307431165732,-0.04354122658852533,-0.061192422196258804,-0.3600604876290998,-0.23946087903750285,-0.21793371145327678,-0.408818480187833,-0.18660688825685542,-0.4479163744930942,0.34451183745948366,-0.07575000055379486,-0.21911200440013728,-0.3956712230107646,-0.18899566827926811,-0.32618972786796596,0.36664200032842215,0.22267344826032975,-0.6230557563829514,0.01293140210732309,-0.3385591787621411,-0.2848040808117646,0.20190542610701323,-0.3974555336625881,-0.17173226551175025,0.12071505304221704,-0.08449148885014673,0.44807572459983375,0.4509021643100166,0.32729766242399894,-0.1611884587473312,-0.4357546194833498,0.19268747542048287,0.4356778648653374,0.042209478106242954,0.3941365266434955,-0.38662158931984164,-0.17900498577420176,-0.4041718047181252,0.02722436921732857,0.27245383953584024,-0.10622548225669758,0.45310767153191295,0.02538944287971871,0.10227710754915609,0.233808977920601,-0.2906468653143165,0.36774713062091796,-0.11537742321433811,-0.20526296966932078,0.03636691636584069,0.5680781518725688,0.051630832332755686,0.08386594297804412,0.2614116499328891,-0.31921049830007947,0.3693255788140102,-0.13049332147353127,-0.3473430401012273,-0.07245961160567807,-0.20397343146767935,-0.2700396290587814,-0.2037669189810753,-0.3180887508073872
A,0.23259048191590137,0.18079738129222925,-0.0036296773180710742,-0.0023389856857037074,-0.19927974408811774,-0.49261758843792613,-0.21727093537117412,-0.06316188426955188,-0.4878974632240601,1.1912077857935937,-0.17889166366660392,-0.21907347590198606,-0.07168332516861839,-0.41336051872388047,-0.32876941230293644,-0.3572119051941918,-0.35461162829313425,-0.2830093513836738,-0.4319354814852827,0.1277529434516806,-0.05188471767709559,-0.19999575672674136,-0.3842348409380207,-0.2815550855895068,-0.2430891642660137,0.4862445959919678,0.331887524391604,-0.5262098663869506,-0.009141759098887703,-0.3335739803414247,-0.3381446920859641,0.18113420605365088,-0.42151523274944913,-0.1687174720237079,-0.005406606367303918,-0.0017617942552672072,0.5486733266263635,0.2411769976327371,0.30623221814680557,-0.19264939227080538,-0.4404951722335504,0.2062708655259948,0.4011813446516327,-0.11563713768833991,0.63223853241955,-0.21510114522158522,-0.16456498414093343,-0.3402377734906255,-0.0005118829055775313,0.32232958860588357,-0.16252924865141424,0.44150445874568084,0.06148856230207017,-0.05985337708726782,0.19141529824458492,-0.4353612423358287,0.3377139791365624,-0.2595649777868025,-0.19516450148976203,0.07681253110372688,0.31716662464535517,0.05931657258111899,0.06715287673453885,0.18969145571699006,-0.1442243122979605,0.2936267924094052,-0.14135862896965296,-0.19490753175836506,-0.08468311770653572,-0.28358962632192175,-0.23707548882016466,-0.2362998667416901,-0.37448355960027846
A,0.30505818518809086,0.15505536333443598,-0.036857166637554305,0.08946304342457718,-0.15996410620290952,-0.4696915495125685,-0.13007691509655084,-0.09464474369929433,-0.40665382057541116,1.1001129265211949,-0.2066564181263583,-0.15671520677877704,0.06004251301090438,-0.45421791032162,-0.19645450858773428,-0.3208886135178578,-0.3920175898284081,-0.1278371012301601,-0.42338035751951,0.16383189026617373,-0.10266144218306567,-0.15188678394721133,-0.2302829095918905,-0.3432835673791279,-0.31176787076599655,0.5079830594388499,0.31486507627687316,-0.49274099138501637,0.2024647375975806,-0.46971122385241504,-0.44345901878184063,0.06621022501965473,-0.4640597654839764,0.13611073889553327,0.18001861555614473,0.130619950159637,0.4711867263198284,0.3464397191090754,0.1328682155258698,-0.06134073297740068,-0.5571920374006503,0.1919056641246153,0.5401441699320446,-0.06880515156980721,0.4922881028286013,-0.4673395827520791,-0.19550255485755125,-0.2524281599788711,-0.06742299476116773,0.4021763651344441,-0.22915366333516685,0.4067527684893414,0.16765663199991415,-0.0890875792740915,0.37135468086544227,-0.24058431398047067,0.28743599672460673,-0.29920935881783783,-0.28100655705276434,0.2038219895878659,0.5040699609933771,0.19435167960035887,0.1463222807420112,0.35961914492744257,-0.24458239229759887,0.2565892630754738,0.00789429187613798,-0.19363468424658112,-0.23153007836138065,-0.33702336531382826,-0.26808784012594417,-0.14094651282155385,-0.4097747207582268
A,0.285244146185763,0.13376535783527208,0.013169320628493603,-0.05607696108706778,-0.1711169144846053,-0.43834127102949905,-0.24393068517400116,0.000678952426517227,-0.5977248186397358,1.0435057362887112,-0.2099826814894598,-0.27466000872979,-0.3123741371297277,-0.5692633192970482,-0.1680083610251816,-0.24449346895740962,-0.4749623553193288,-0.09828792055695634,-0.46013440184202165,0.22493479509900866,-0.11189180536882853,-0.21092756428186354,-0.3499461577852646,-0.21163544684149263,-0.28208732042223544,0.44835976902093383,0.30794838686853704,-0.6685707109894269,0.1394813544891927,-0.34081880669716036,-0.3452455732509018,0.1983658350657312,-0.3599847628092155,-0.0002328868217681343,0.05804326353264945,0.08403463162306522,0.4990387825077561,0.2709601465110991,0.1999384800664067,-0.09678553679455562,-0.43532814436231304,0.24349909174891904,0.4141078910385008,-0.13631681489042075,0.4806918811635121,-0.30321232646708607,-0.33016680045233193,-0.37437734540187945,-0.057037831868560394,0.2903236751549781,-0.2634443311840339,0.3888263148820048,0.01999172818477793,-0.11758293597729527,0.2775984354617816,-0.44185003070105555,0.3133993626114513,-0.3278742047075204,-0.21200072304648604,0.03478266634173842,0.35395408599350014,0.10219027998729727,0.1677267674218594,0.24323281499900534,-0.2622280904741267,0.2109451571953806,0.030181293913605745,-0.26934779467859526,-0.09776607646918653,-0.3814714656382719,-0.3189255942634971,-0.24420048359472368,-0.4735541046206315
A,0.33827889491537744,0.29731027324390313,0.12205778912278256,-0.07591672156881546,-0.22347527475979775,-0.31985862463204867,-0.18924892159527404,-0.049775277115048075,-0.5919683673642269,1.1788430986788463,-0.23851562760130193,-0.19126697512428342,-0.083974605694986,-0.3698735038577017,-0.2607179172768439,-0.2557205929225253,-0.3025764710976846,-0.1845930780712965,-0.2982326611386284,0.2485871972216859,-0.08585862202175107,-0.18230959088387771,-0.2955612930127195,-0.26445700314886456,-0.34186528826995893,0.4079648395934602,0.3691481492632351,-0.5573280191798881,0.11185810621067979,-0.15951514049398896,-0.371305456948869,0.1478289734934549,-0.2555954496023596,-0.012429201510688201,0.2135886038162514,-0.12690991130175552,0.5040973285637627,0.35311524003291406,0.4102164675113291,-0.2615100926510521,-0.39511534078029564,0.3659613525267879,0.3383489661133541,-0.05583360346680501,0.5349281641043736,-0.3844525034778061,-0.24269520516858578,-0.2758447551945035,-0.07402256734603477,0.27960145523377256,-0.09434351639613238,0.5465523811780206,0.08786915513314655,-0.023896826624961814,0.24572404342241472,-0.47940450621029995,0.3625187305307507,-0.2693239879173241,-0.12713119084342417,0.07308962308044294,0.34999133213732425,0.11207086087706611,0.14282647365301493,0.18015230123641515,-0.0952857746249654,0.2770749709024115,-0.007832529238913172,-0.256995776157119,-0.2506389417320236,-0.3340598998510934,-0.29540714204036433,-0.28668852484709917,-0.18095267550761543
A,0.2510688362854096,0.2521794375851777,-0.0018060162374902294,0.02887578055231173,-0.22963545764737264,-0.3267136295409866,-0.23496688114631906,0.13369058082889304,-0.5456648079209951,1.1507542401069004,-0.3493878759106154,-0.1581760705853952,-0.09921839383641745,-0.421049561618356,-0.28871221103456246,-0.34931038377085477,-0.5113611612966379,-0.13403912283463212,-0.42540468124629716,0.1482156010439495,-0.008010012392315857,-0.2708420826208426,-0.40240506576551816,-0.31394884680938195,-0.21809178083999284,0.48905731016427856,0.3266961597857255,-0.6322750446759475,0.1860393492190472,-0.2615159687646152,-0.38637018977158216,0.14571470551224452,-0.4408607515570166,0.06368380020779063,-0.009693921421068785,-0.029841166067633082,0.5960684705162693,0.3370023236024149,0.24815637358809617,-0.044676900775876494,-0.4558556986041776,0.2530237370286419,0.5177770456638658,-0.05690183487922493,0.5259738990609136,-0.182614046233977,-0.21907907329709636,-0.34239684330938563,-0.12377548207884131,0.29282961056153894,-0.010307356498460596,0.484987737346644,0.0013369938197588804,-0.03217227709641994,0.18332077214847675,-0.47608605050207997,0.2857077634197721,-0.29660436805280954,-0.3027554359670359,0.13864103449911125,0.39535441811393923,-0.04699707996441832,-0.017062408498936088,0.23099366971933383,-0.3677364524828355,0.1777207602864902,0.008277685179316568,-0.3321611776980609,-0.1711176307969153,-0.2689413535738346,-0.3623129669277917,-0.1845587080797004,-0.32952521139651375
A,0.20649019475093758,0.13238921939805223,-0.1410937044144902,-0.024745445199543317,-0.2520313849691408,-0.4602667524944795,-0.16454707869219082,-0.01069718038857433,-0.42422547038749897,1.163681065010834,-0.1895328889383863,-0.05655243916641156,-0.1745019272673931,-0.4228031252390875,-0.2218909107495338,-0.18463453422182435,-0.48665477320170436,-0.12497358534776332,-0.5032609965761681,0.24194230104101358,-0.11605592951194084,-0.28400245893413223,-0.4082037342371457,-0.09891491977946473,-0.2510723620364768,0.6692402130107638,0.2198352571184904,-0.424678364953461,-0.0859103045760895,-0.2441087423712589,-0.34512568096831003,0.2726309707194568,-0.43233602849808384,0.026868013287874568,0.08946798403634867,0.04136697606599693,0.4429633207542122,0.19483146506393606,0.39977094312115846,-0.1405631805463226,-0.4046190376231681,0.3179878290118564,0.42229686715383374,0.003169287557343692,0.5257916384410632,-0.44156403962348467,-0.16757958185596222,-0.4111104990469747,0.10369264236510703,0.36208434110098814,-0.16503019343732891,0.5074132266092461,-0.08172859824649792,-0.09452289026772605,0.26684226445604664,-0.21970172844417402,0.18811383914080226,-0.3936324751664272,-0.3347382939766241,0.17195104285652796,0.3543990434030966,0.06568001662137575,0.20997596012844572,0.26394781936864126,-0.2243435126468688,0.37005088461291813,-0.11649396228966749,-0.3376496713032122,-0.13052548835319414,-0.18441454643751706,-0.3346759359988061,-0.45908287502721623,-0.26470253330705873
A,0.3413001607292973,0.197002247130466,-0.021433549840983713,-0.03739080689861018,-0.19284648078374572,-0.3574307405893473,-0.16443973596603897,0.19488362239294743,-0.5677862404943779,1.101270235725614,-0.33092300410081793,-0.06253195249068723,-0.23320122312466932,-0.48882765712941073,-0.3248336007091476,-0.21708617434795932,-0.48000283489168316,-0.22073560041823018,-0.4422496636385796,0.1840786303847496,0.0050437176227923625,-0.11837472104810787,-0.3994439676791646,-0.10573539165801507,-0.22796189707239564,0.40768725044821913,0.35587047870784083,-0.4418967047773432,0.061826613243571873,-0.3282906164425594,-0.38870634397702036,0.17678202141527186,-0.2500642194552154,0.003033245456528867,0.0809031429129978,0.08856980503087575,0.5789993497207221,0.1742382574505506,0.19237111684846955,-0.14529809530133125,-0.48875635048345556,0.2302351292336595,0.47486990999265816,-0.12020571805254601,0.5162591499028477,-0.26757648617451973,-0.24196386673835674,-0.13420112064387701,0.13203128778604112,0.4033218518736269,-0.10953964169712116,0.5668679856694839,0.021621184129832428,-0.10118393921734149,0.24495807744295758,-0.47879192720542196,0.28349657699574426,-0.23306156269695383,-0.20312026572227387,0.09845926514553589,0.41258678729993437,0.21731285447885595,0.1985534982056137,0.3503952933336599,-0.2254120460725702,0.1979865769266963,-0.22715044857041117,-0.1577195072921563,-0.19242770255737277,-0.30320899581392924,-0.2516333355541742,-0.17340456301443966,-0.2649202142711575
A,0.40903636985969083,0.3010584247726875,-0.10777166532861228,0.0852527505063466,-0.26358842796340354,-0.4366847857185445,-0.2564785797556267,-0.1398620723141466,-0.44521189049125065,1.0117547487682068,-0.16274967282966984,-0.15540588588884813,-0.08199597136530493,-0.27271187339876035,-0.3930022600077798,-0.29632213902036625,-0.4178944338334858,-0.14889831414444188,-0.33949862714270673,0.2728300934329179,-0.10619754338423043,-0.14897523697384488,-0.3469917572171539,-0.39107333372900466,-0.2798048292492733,0.5050820723130703,0.3720334482113018,-0.5586867835717011,0.01533275776616845,-0.26285251097952267,-0.23823378229309622,0.1400599621014612,-0.274480190743266,0.07051995097334526,0.13580248693857974,0.00010692138271257978,0.518654663395401,0.30134183649048224,0.20546505771226506,-0.19710883202871082,-0.4553181197442318,0.30908616232417213,0.47390886819044137,-0.09965157744742867,0.5390095845980039,-0.3720908411995684,-0.22743380622695333,-0.3897003338357074,-0.0866387969431067,0.5104920221650808,-0.17503444126837264,0.5154336028728495,0.17954988033131078,-0.049262169417575476,0.31651022687005786,-0.3903582243955729,0.14477788315798054,-0.3812058408070263,-0.2152795754644206,0.06546069023139217,0.5532608521176924,0.059481114675295335,0.3050236685599369,0.23848327791443064,-0.08769920735879855,0.3677476325599302,-0.03697649927115449,-0.3652854230475294,-0.10372854610657994,-0.1184518136352746,-0.2828725943891651,-0.24458854651016332,-0.33881018836671756
A,0.3966918156298055,0.24942761072013914,0.07291739188018292,0.032843801471345024,-0.2297156059643131,-0.39176856303843177,-0.08334676052651453,-0.02418570341466304,-0.33319279401212465,1.1174997466223766,-0.429477018157847,-0.06224015223882286,-0.2084675899422534,-0.3133801128580759,-0.20205720560615792,-0.21196134014589463,-0.3888706518886183,-0.08599063638278377,-0.467428641149351,0.26693221588586835,-0.02091036920612667,-0.03244100281854703,-0.46194025138116934,-0.24081505935608272,-0.34421392698579356,0.40489045345718316,0.3640716013009717,-0.4785412431828773,0.20843670905023853,-0.271784019545613,-0.4063471860761766,0.22252010410680947,-0.43734075864656724,-0.1141048080715388,0.2214530581017285,0.010578352852499959,0.5722272236187178,0.33432761957598617,0.15039089408837492,-0.1019743105719457,-0.4498061220683281,0.26824521835159115,0.48838194618503156,-0.16932628868773258,0.593215520246127,-0.3664182575634804,-0.274160141190112,-0.29267557337048866,-0.0842464247318448,0.22105451924441072,-0.1893761174382412,0.3529971160064255,-0.028148966828980854,0.029937354722817985,0.2779296170382844,-0.298374107316944,0.20539171299227985,-0.3952528828380802,-0.20728582487680913,0.24793208706459313,0.4444133713951653,0.3356368854678914,0.17551407847041406,0.2954387665083214,-0.4131042546921466,0.36146946805122476,-0.06854643013130696,-0.35693800236520046,-0.16082422990360068,-0.259316934229149,-0.28568072709891923,-0.05025960423075698,-0.34873814748231124
A,0.2806279851375991,0.14868742748915567,0.019777487574003855,0.02189508063038001,-0.2552540003601782,-0.579761521836657,-0.1494947852564177,-0.02918234589401392,-0.44754620603163564,0.9936366662774798,-0.12231219329781709,-0.06438017233972866,0.0077732909299557396,-0.2903555896495185,-0.22679326129501426,-0.3297353486345067,-0.2848941506730051,-0.24811111148130355,-0.4492510371704897,0.2600100255598238,-0.053428970467697165,-0.12746867246606064,-0.4055009070027203,-0.32205087474354216,-0.06453218557238546,0.48205909979331635,0.3224076687373864,-0.5418222276416687,0.13641021869415637,-0.2282480795318306,-0.39692116787675935,0.23613789486278558,-0.2273114503362625,-0.1038634369735362,0.13561186421609384,0.0026668799509442023,0.5012049671687931,0.24026505301256906,0.23215793681275457,-0.26116647584341884,-0.4837809252902843,0.2687924994230865,0.6485701925510561,-0.05656069376119681,0.4495437690933318,-0.4670662174805408,-0.3011906088165209,-0.4329233354152871,0.1254193357627663,0.32000624126133,-0.20597560600299752,0.32944016873961035,-0.023658213901728634,-0.08331953781863302,0.3923362594956885,-0.4009519787228354,0.15795515782875877,-0.07221125784874358,-0.3104003439660342,0.052186948526170486,0.5067459760569157,0.11161892037959015,0.11135550882455018,0.1780852355177674,-0.3180104497215154,0.25471398327802525,-0.0814773071048863,-0.3090593611263332,-0.16177429082938247,-0.257005993395721,-0.3553442504798998,-0.19398591278292274,-0.2166276943109508
A,0.254059552689325,0.16641657764569434,-0.03625692319327871,0.09721037341335478,-0.3044389944616309,-0.30961629930551154,-0.13526166412469873,-0.0021217883517244385,-0.345627846547522,0.99366833614699,-0.19521112421585607,-0.09849486124670903,-0.18151959403279821,-0.3452628838756892,-0.2515142311147723,-0.252651797511586,-0.36333971938032716,-0.2196406395989159,-0.40615272757702325,0.19292394051324457,-0.16312797928330297,-0.1330168358121236,-0.3900966882843252,-0.39133686125186795,-0.4113800794383151,0.5483288123199591,0.23770137093034685,-0.46238694889451987,0.12123274225873178,-0.27357244573574824,-0.23908959460318854,0.2199736845965904,-0.30794377191708555,-0.0334739232430796,0.11364201099052576,0.052967656136113345,0.5943125195555816,0.37279103653055695,0.4303522906625778,-0.12667323848113804,-0.5617594731719181,0.19916957412190336,0.4047098289517851,-0.032757361946362244,0.43864519367093757,-0.6027173261712144,-0.006385592496888165,-0.3749211593365946,-0.07095130111204898,0.43071033692004973,-0.25599842452584737,0.4971574080745248,-0.002164982144136622,-0.14047922182587147,0.42349326310552726,-0.32470874719321324,0.34735254997187814,-0.22763555608407135,-0.171259322170548,0.0008811313402364157,0.41086329362577795,0.004105909734797214,0.037834107269442585,0.3094708560619167,-0.14802327655474967,0.29656416686589737,-0.09900088231961361,-0.4153963581154807,-0.14930454885184324,-0.19306279929070155,-0.20796417592613228,-0.17382270723035928,-0.3685436786334733
A,0.2150725637551184,0.24463187201932687,0.022062907219831937,-0.006005614201947972,-0.2669549071117945,-0.33230431868842636,-0.19775533646457746,0.05525833395426867,-0.45363440746931544,1.0044306795741464,-0.10798979591353655,-0.12331451474872032,-0.16354270727234146,-0.49337838713401116,-0.3773787093241579,-0.26818566026395935,-0.2783548131160664,-0.22067324970424212,-0.3119820406567964,0.19299674962142335,-0.20844426473082417,-0.21110450569765699,-0.47595686239538854,-0.3419738207122125,-0.3381546360109498,0.3328999054748017,0.4563730650136714,-0.46785634594878583,0.061934318319031595,-0.2263492838634051,-0.46246150267178066,-0.00808519410982575,-0.1318591198735268,-0.041091230336099564,0.08504412169474304,-0.100218428779206,0.3580971146913381,0.418101967486915,0.3943484600313671,-0.08414740303905294,-0.5808106709886434,0.35520884870884917,0.5357146937312206,-0.04172693638826167,0.5212121745125771,-0.4788508652357419,-0.2993405244230336,-0.3700905215701983,0.026667149529464848,0.18654683492776872,-0.17336602165758136,0.3921001763388274,0.10824958847599131,0.01939813659049025,0.20621776787110568,-0.2828216093992313,0.1806932849106515,-0.16966884447511332,-0.2631990446846343,0.11256784959474964,0.42001342185454954,0.09422354502756845,0.2029092846692526,0.3079113494399568,-0.1779833106178702,0.36440326963175335,-0.18319627164691776,-0.3027603805441985,-0.1949915127393017,-0.34260988651435736,-0.29447358627853815,-0.20277795335802662,-0.2990951830188877
A,0.35156486684051197,0.2855842436777784,-0.015994540896918097,0.049122494793356196,-0.22523643185248723,-0.3643060490721156,-0.13000039217255258,-0.008775291516258166,-0.27052834812032356,1.044538632981761,-0.12061821057876576,-0.2412630605133934,-0.04159386596517839,-0.2671884655738479,-0.4267561711458448,-0.22723670209198374,-0.3751320004992303,-0.15374321108005742,-0.3975259523959357,0.21435569609980315,-0.20149205955161692,0.01619603675081005,-0.41376085756165704,-0.23876344545279177,-0.31904196522771056,0.3031351596716471,0.2613883496085758,-0.6005462437485795,0.2041619939064389,-0.2926393448616327,-0.4367503783148128,0.1204533061114558,-0.36087161863444256,-0.1135759017791668,0.21155354333966733,0.07865790200212154,0.43188303544478707,0.35376125726948415,0.27482861796934877,-0.14268485346377266,-0.6086153002144123,0.22872403904786323,0.5254556554411123,0.012564453519483196,0.4253670085648516,-0.17604320059481268,-0.15893818301696372,-0.45082601834023395,-0.09243987620002872,0.41066133464456595,-0.05987997702505454,0.4076764156767117,0.05682382957441326,-0.12774440815620042,0.39275126141410366,-0.4775778699001728,0.3413317601005481,-0.14888461033396228,-0.21533500847920173,0.17686268260985577,0.5497456016882607,0.09984445370772387,0.13492520347993125,0.27124636100115285,-0.3001142732212803,0.2659869693851926,-0.04664730982679402,-0.3374602922807803,-0.1236763863907738,-0.3730637802699804,-0.27869590087932533,-0.13502737327359682,-0.40858312741599195
A,0.2684050003600546,0.032630769288179345,-0.14733396913936048,0.07236685564684743,-0.2576038979715756,-0.279918256920999,-0.1343639944455727,0.03803140918351211,-0.5288055174722595,1.0574248719095503,-0.2955856616792417,-0.21815496557128528,-0.053571738793603975,-0.3129526644505005,-0.2422636699318153,-0.30459812339447023,-0.4059067209909568,-0.3269145715275552,-0.32193768574784953,0.09960582905867514,-0.20358895203776664,-0.16402422905600988,-0.3571450636770295,-0.2793162324312469,-0.3561050263394601,0.5758720543615664,0.20047344342295326,-0.603399227602444,0.10827796901212124,-0.34522862212562727,-0.2978130490783417,0.11134259228672151,-0.2438322783548258,0.02655055279146154,0.23096962368053095,0.2054632347912483,0.48412733223040416,0.20470464545692596,0.2659527460659984,-0.18973785435168578,-0.5483398097169561,0.24647920461523493,0.4747957471590527,-0.15429766700174413,0.46588630755013677,-0.31437361332935715,-0.1269742718358669,-0.45750698131280854,-0.04908011397946758,0.28567394506924404,-0.25393991024025664,0.39665247850861557,0.05667006209298732,0.006931177364356521,0.29320848424581,-0.4690324557580199,0.43471487341642245,-0.19071785809744546,-0.1749698732447731,0.17984027388095475,0.4215031587910433,0.18131102061262122,0.1534991048173481,0.2767343864272089,-0.18985696270421692,0.4533422765074164,0.03892403829029431,-0.27691649864803786,-0.10855297185273108,-0.19818549539405578,-0.19243672179742632,-0.1135382461277745,-0.3379959119782185
A,0.3725277904162818,0.2084391232857567,0.00917752244248942,0.11830993035532306,-0.17309617449928538,-0.35240444111185515,-0.20011292594211144,0.11544867949234058,-0.38703201659457753,1.0983185594843463,-0.14888881616398453,0.07410681341360148,-0.20019714902704958,-0.44641254354585747,-0.05935422075834043,-0.20421716055204134,-0.41709554950822836,-0.18313115874327593,-0.3311035471667776,0.41235762781449303,-0.1671673167013572,-0.18099774879677202,-0.4015359987818224,-0.21486714640956195,-0.1695033160488304,0.6148788376999523,0.3966868421181157,-0.283191085067079,0.0708563521118867,-0.3108531477726926,-0.278075527715119,0.21542634868746163,-0.47846967640487326,-0.08154425820126027,0.15261785716770615,0.002794897122400261,0.3964562433351758,0.2691322822004525,0.1890307024985528,-0.0935941228005502,-0.647108895667286,0.2416449239079221,0.5412928753443366,-0.10136419143625452,0.5729763307227873,-0.46793678920198445,-0.2595748084733718,-0.3556758399576005,0.03219393847956031,0.31446200839091004,0.01213097015734732,0.34176606539396004,-0.066768698556667,0.10855153237652215,0.17256715548068569,-0.34391148604629185,0.19545886784891714,-0.4225934678949882,-0.249170156321821,0.17141377031825267,0.3041927379683592,0.1244945280224513,0.2099784336894031,0.17485937828372983,-0.2588961441045029,0.4533996585903156,-0.029992441335750818,-0.34526370367491915,-0.11665828203856149,-0.3086899529594105,-0.18219074059355211,-0.1283759961126627,-0.30939671205102615
A,0.285539379745906,0.10109576415959841,-0.1510599215229329,-0.022374394882719,-0.2398532912818339,-0.3406738863730433,-0.09516522323005287,0.010370387061093576,-0.3474438347308446,1.0127544077519541,-0.15078781613316317,-0.19615392355519584,-0.007507626476155396,-0.38318165089359335,-0.4340415795882302,-0.1799401748138759,-0.3676014630386914,-0.21042670376938927,-0.4574791935160141,0.19069422071890177,-0.2679643784527913,-0.36242586446923675,-0.26934777744596194,-0.3394217579479503,-0.11887366229476728,0.5948363589644161,0.4607250046500724,-0.5367616245639407,-0.011835504185966739,-0.33104048810562464,-0.4313394493526487,0.01574138449170348,-0.4064285056615841,-0.07239346267115318,0.02861148711298868,-0.028744051704677934,0.4599812166082788,0.3142455369873467,0.2029275626874702,-0.12102439715286721,-0.4806568272768299,0.2381617983921596,0.4475709543871462,-0.20079125993921504,0.6212346573491766,-0.3078674171490595,-0.12302911611842354,-0.3359634430446431,-0.03794606245399523,0.3362341759652514,-0.3061133764982258,0.3170574596036199,-0.018991576912484737,-0.07094090006146372,0.216660187837664,-0.37193193293815574,0.28026824996770155,-0.14561882464706313,-0.021286720247757462,-0.001574245891794765,0.41371884216368077,0.09004902002742275,0.14781350321331396,0.18980862392803405,-0.3140510366589173,0.346466121757432,-0.15766785679742917,-0.3116025487354769,-0.16955790330252346,-0.2425362560320721,-0.3475504324991089,-0.20483926189407095,-0.38954539193603777
B,0.32588530725930165,0.07137868695598726,0.37871605546670273,0.2334930595709505,-0.1909701028856879,0.09570772174798856,-0.4671791027602628,-0.05564438752782312,-0.10947155914811396,0.4747865402127787,1.4819190356997025,0.20690673939124685,0.21398273019136996,0.32754095170131414,0.22583289927385614,-0.2438681971165475,0.09887993787976397,0.10122733070994931,0.05191997719722187,-0.44890944832098917,-0.24136741925740743,0.4079487065678819,-0.27900991149476806,0.04207856645997056,-0.3447372707309815,-0.2344708405163549,-0.3567879671181232,0.17426127563599478,0.4257439485128048,-0.10494243076694933,-0.28063583408459014,-0.04028800652918625,-0.12261702286629064,0.32930626282703074,-0.01583288655121466,0.01956264312257538,-0.018144864475024676,0.20846455543241005,0.04082321068012556,-0.3062712007661763,-0.33638954894264106,0.43163520822394547,0.395033093354085,-0.42645715461479605,0.2521706137758239,0.056553388160100256,-0.050266646977714144,-0.5568600661053811,0.13724170256946341,-0.22663501501860614,0.3313668240024996,-0.5631362804015627,0.20929380138329762,-0.432086310385462,-0.3296571023774959,-0.12979577496827027,-0.3998309146778483,-0.19001523767715198,-0.2267329984880031,0.44590281267793797,0.0917516960875192,0.03856485652387178,-0.23300703258317837,-0.057460429675848364,-0.34996313826954273,0.2777910066977889,-0.16889060799851283,0.1401807696180907,-0.09716170154878555,0.547313742314049,-0.3009595750818577,-0.5145968179061476,0.14205305432855592
B,0.3339104669547087,0.09459878198702129,0.3650476193207686,0.18748567988042156,-0.2377530436719282,0.054208984974969635,-0.5296781007219318,-0.09703548878872326,-0.18283526335268407,0.49039685907196073,1.4220944002515943,0.25391438760426616,0.2357715639948321,0.28940321884054143,0.20544425640836236,-0.2963897530403906,0.23062153804989147,-0.07643825518882358,0.022872461514289025,-0.4849840530717469,-0.30966166688060054,0.4321067959441287,-0.1981339671518848,-0.10680714704413187,-0.30891285632701354,-0.3580541386062301,-0.3825777459969405,0.09737224769932716,0.2565599997761249,-0.02352636421094284,-0.13386561494544363,0.14583343124977965,-0.09032130334295574,0.406991731344903,-0.18390743445525431,-0.011523584018175503,0.10027865622556893,0.21625503463537296,0.07646792479366679,-0.40566027228179324,-0.4406832051121733,0.3690811632130708,0.43599099094856675,-0.5840300162571483,0.35341325244287325,0.21815560308376913,0.09932729905346235,-0.36605480840289895,0.41446015902271083,-0.2974404644162906,0.2659896594676637,-0.4685376413326525,0.3348151320527224,-0.44321676839839197,-0.12671553182734324,-0.20837936980467192,-0.41879310846609163,0.028725179718642656,-0.1578476541572153,0.42753164727432885,0.010940351645320354,0.1425453130014594,-0.3217732728173818,-0.12439714717762888,-0.4129396657816443,0.2821396693327909,-0.08058216295679918,0.3054567002082175,-0.16528510271546906,0.5958025142731678,-0.25932426749181287,-0.41907897051042786,0.17161977098603737
B,0.2738134667250657,-0.035798121608043396,0.3449799894560189,0.3809227252384877,-0.3178416373751325,0.024893792096684034,-0.6376903394853382,-0.20444536979712896,-0.3251669262566558,0.44707595357793706,1.313271037443033,0.20702028223552704,0.23558714646186285,0.10978286620783262,0.23429330879334456,-0.19951240203209808,0.33938795326668847,0.06837204743077933,-0.04416894178638331,-0.4808179131486388,-0.22778969916225644,0.47907680289034105,0.0010318302320729278,-0.10491013262192043,-0.36553591887936787,-0.32387136874647154,-0.14528593654864724,0.10733101259462739,0.39161731523682203,-0.09501204902614015,-0.033083416718780234,0.002637444323460976,-0.22331221492836764,0.4148850987754699,-0.09806006663398195,0.10116676270558801,-0.004112347813010606,0.3142181140605484,0.18845784421381034,-0.2429265876804342,-0.4076302234323035,0.4833903111308191,0.27513389837873864,-0.45002504709135327,0.3066163161724231,0.07905069578318381,-0.013333643551870847,-0.5336673559077556,0.3603827836279991,-0.2867368704567638,0.3298856416165558,-0.6641629120948115,0.254769103414045,-0.5362155686632342,-0.2844228758055364,-0.3142816038816582,-0.4710730335415779,0.03483856811561659,-0.2637684504568426,0.53774068707582,-0.014295895451777924,-0.06440286127786041,-0.25983234854833204,-0.040695891127570334,-0.4252663923358187,0.1811634561681521,-0.06889894471184474,0.24738757531111383,-0.20815408127791793,0.368989832224307,-0.38395183984853554,-0.530021806843368,0.15585438013282796
B,0.3136451260468142,0.02695104699516504,0.2988249651591931,0.412137217785139,-0.14533272903776714,0.201838242023007,-0.49745616814322907,-0.07187618010185086,-0.46804293976513806,0.4533120908737359,1.559219547300203,0.1076359183967707,0.153133242591383,0.2618220990639795,0.1668601266761479,-0.28476545596587594,0.20726834897180776,0.11496935341043424,0.11929712528792802,-0.5908899481308005,-0.2952792566560303,0.4563699085477698,-0.15733163973598233,-0.07862588505905327,-0.38479107636317256,-0.29944373580787115,-0.1463332481836662,0.14355186973138082,0.5777818608490992,-0.22351172224752208,-0.09408022363843906,0.16721222634442415,-0.18222717276517394,0.3443654128438044,-0.1990405101117974,-0.01683833891149633,-0.08706622580308881,0.41722482697037044,-0.03879601708567562,-0.22709903695873593,-0.5570603566207585,0.6013952366947408,0.40151797709879306,-0.6045384209262348,0.34593263923279133,0.0712734658684823,0.03129598440616353,-0.43694549529069077,0.21681781263618854,-0.3062241389977391,0.08322063513372763,-0.4774769244366004,0.13163018760635428,-0.3724969502261403,-0.38129300478917355,-0.2081762475644573,-0.2762010722021247,0.13019020505232803,-0.07444432256163067,0.6048001776459678,0.07868563645310646,0.15573021478758675,-0.25705419321080103,-0.062415205074481256,-0.4256394028561364,0.4018488700661989,-0.23307035598599196,0.1663334339700937,-0.09569234762581402,0.3453925781322152,-0.31947360218939896,-0.36770555932390175,0.12803247400674078
B,0.31751012483392255,-0.029409112642598434,0.2518719731414327,0.37075901450733806,-0.2212124263955058,0.18006459568793404,-0.6679609874439195,-0.04539868954637038,-0.10317746826585944,0.544420815930869,1.4291217578444442,0.07050662535216955,0.24172534050711691,0.28553958132194884,0.1961262641593472,-0.24437520008769942,0.35395296909396146,-0.028248324990279294,0.06306259773641998,-0.45429676279250136,-0.06726969349766557,0.4066001370802271,-0.35383266779562367,-0.23291110855069214,-0.1117173850984855,-0.5141448842124944,-0.2852528546508267,-0.06735998845558865,0.35593057530226624,-0.22566125740016713,-0.33301487054494117,0.16166312063340893,-0.10879664189546241,0.3762522695574402,-0.1681398969635799,0.07752168877899511,0.040588199148564916,0.4489214713724218,0.02809606217278058,-0.22679857060635897,-0.47452549600077687,0.40311469870992267,0.38456371883411367,-0.38272927185651956,0.46883402654093576,0.1262026087793895,0.11775510559006785,-0.43785983447599525,0.24782188312660242,-0.4230615480976372,0.20946410659256276,-0.5757550342509776,0.3807211748092117,-0.38805238228549455,-0.3453491386975159,-0.14275013265236297,-0.4369157424240519,0.09662847192580828,-0.2292451151447978,0.5299892174208509,0.1959175111001169,0.11422932133436882,-0.2898175432455739,-0.021337161502920407,-0.4534188953681344,0.10820972800911985,-0.07715853670178376,0.14695389296999367,-0.054555970436218154,0.5000558611125149,-0.33003815632602,-0.5740766994325119,0.058802593610291824
B,0.31606891107524937,0.053676003237224434,0.29980995596780824,0.36116412139127874,-0.15887767547506393,0.16881318677434692,-0.5276822822128909,-0.035200930855013565,-0.21235507939111598,0.2807857400000401,1.4222943740772036,0.30871694794304705,0.30973561676669215,0.3654889099518604,0.17968541507920222,-0.20078364012046368,0.17141680876784254,0.048830670253365925,0.05622872016997805,-0.598008556562512,-0.2365956757818536,0.3682326869206748,-0.16304201716986336,-0.06443948730108551,-0.4675016527849357,-0.2508510990528834,-0.2565054009330545,0.017010270598335958,0.3921177348779284,-0.272050447309745,-0.18158547572469882,0.11863499755510448,-0.003663885284887647,0.40332214529095994,-0.11823409550189629,0.0858438509226607,-0.05931587803658288,0.29371708623168535,0.003405660924723858,-0.25035192375594095,-0.30107301421837895,0.3056011744151174,0.3904559925780369,-0.44826025418473525,0.33272168676974473,0.19827776708269063,-0.044359124990626136,-0.5949554170292685,0.198910006182033,-0.2593184734105839,0.1883841805126165,-0.5540145760139296,0.21816543095965096,-0.46297993477440436,-0.26631023176166596,-0.3452251471103759,-0.4533249245811701,-0.06109200828139235,-0.14286460684587315,0.4592165163580643,-0.03814979101026039,0.05954827640344849,-0.2760864093960319,-0.21011501522019713,-0.4734453608707374,0.3220443229322774,-0.2672749773062999,0.3148524513684705,-0.2520425991014813,0.3680043123407063,-0.32702665374784035,-0.5588471602041637,0.05204273786664337
B,0.3271130069617075,-0.007341398402089881,0.29620245193964734,0.34091465312222663,-0.20899475758441002,0.1335627020977802,-0.4940393719521814,-0.1681128779770835,-0.3428737831295946,0.409537867973778,1.3425605324266545,0.15306634437354877,0.20065032203730493,0.27465324469863245,0.22834363090415433,-0.06961336546066954,0.07517198269806612,0.03402170040245307,0.008756192895352524,-0.5378310549694398,-0.30710287964425637,0.48180164805786524,-0.32783687640052694,0.00048012705659623844,-0.27095088915224697,-0.19696418884469966,-0.1470900358599416,-0.01018639822933265,0.5179773959179017,-0.19974966277625672,-0.15223551486615772,0.20174788930023052,-0.20391454135155118,0.41489126542375443,-0.27794484629015515,0.06147685610334003,0.20160127349455875,0.3279283048567684,0.17335517285886065,-0.16948885103586708,-0.4325409267113261,0.4637106583180625,0.34107530694578153,-0.5703476818706988,0.4371019364545775,0.05022221204698984,0.0015484156674381334,-0.5088623633559941,0.2838627308197363,-0.06756077085792672,0.17945837314104252,-0.607800470217061,0.3094421224356092,-0.5460009994538008,-0.2967966883848827,-0.18213506437703908,-0.42949554352594066,-0.04807014051570946,-0.19287420980711775,0.4310201829559667,0.07680320625793521,0.08987130884904958,-0.28843594716275384,-0.0787564411847731,-0.3474753138331312,0.2086700603997509,-0.28629535313348126,0.16912076526973635,-0.22415759695162413,0.587353552753071,-0.4677593838315238,-0.4482282450328733,0.040060668580248086
B,0.3978109821311939,0.004024806182549266,0.37453186823220347,0.34306442518373836,-0.12311110728565987,0.08449407366136924,-0.5419034155708693,-0.06304864956613712,-0.38900007155155725,0.2997133309434151,1.4347465735890217,0.2076018273771626,0.2586872416266693,0.2653988636831019,0.19269938439779072,-0.08383022767178891,0.32348272179162546,0.05761867945314404,0.0426741691137821,-0.579914088400487,-0.20724756544430736,0.3324047017035688,-0.3063508281598592,-0.10072449538541826,-0.27275117073416516,-0.24389895223063815,-0.27126696610961065,0.09337719382452878,0.4976406711590987,-0.10264773527069102,-0.22074734910594365,0.13383510917410757,-0.060713549388062865,0.43527372185072627,-0.11123382872477773,0.038397814505618695,0.07298974363074294,0.13302747932800377,0.0982135032878858,-0.16651659024195736,-0.29691880940764703,0.467946533778987,0.3134071656459393,-0.5087848467377684,0.31236825372610527,0.14878596267130328,0.049659123148283066,-0.41547154601984854,0.23932045436322072,-0.2152466018222316,0.17850553817637582,-0.4679092031637212,0.25140182324974114,-0.48483603629055055,-0.1014030919619267,-0.19097331304452445,-0.3244763300876013,0.09401515667134194,-0.42148866479528246,0.48058324577773615,0.03999224548655588,-0.0021257620739741634,-0.4014222871091202,-0.10883752114202644,-0.3205415098448741,0.2507789185627648,-0.10492812594310152,0.2576854607898126,-0.03501039168395252,0.44853349672773457,-0.47869209342711216,-0.624904221951515,0.05500497633697762
B,0.24456866307730965,-0.009449916173824298,0.4631493547323081,0.18158658124641486,-0.10280079015829922,0.06563992648577732,-0.5921086747507576,-0.1150277112912615,-0.1421184202723323,0.3801328981598834,1.3573113599290394,0.11133227983179499,0.3239841011568077,0.2375187114718659,0.2714730442237921,-0.20118787819880693,0.17726792802180835,0.009116323593299454,0.254891201661452,-0.27582059270849923,-0.3124193346537491,0.34497034631873325,-0.20666162343147065,-0.24382519110174755,-0.3094620822894284,-0.20082255073743496,-0.3392431862128483,0.14008462167267177,0.5365762304685505,-0.24272775187286577,-0.1623292137685403,0.09246673118937786,-0.08494652784328062,0.4745586705497954,-0.03235197360898358,-0.07212767379960647,0.04731110570035896,0.40066088720572873,0.19114559869291364,-0.2428376735190098,-0.41854256094073977,0.5205931670653277,0.3444605086537621,-0.43586388378574903,0.3835907762916222,0.014540718650808221,0.08666472731679487,-0.4754086787003058,0.37218388319513207,-0.3002975313580535,0.27465449196237374,-0.44754426349670606,0.2526780326210333,-0.5490993342890121,-0.19957348333068942,-0.30027111706589693,-0.36937695063076803,-0.04824584099604122,-0.18694267682950155,0.5473477877949036,-0.04455881905944284,0.008466310615653026,-0.34090706293095197,-0.10955309858832074,-0.5354007889627694,0.35323324582602117,-0.16400896617364533,0.2412225588348232,-0.06790613411286103,0.5301599157758461,-0.28833920232877375,-0.4997268500731358,0.1032023374759909
B,0.3825253007529421,0.08035403299475641,0.5103158927169655,0.31288537913818076,-0.17139596278877312,0.12026320627942151,-0.46669106137983246,-0.0738937645367014,-0.29755167119974474,0.3854015745214691,1.456681901554172,0.19041710205078288,0.3493877548379126,0.27357592906390643,0.15621979831135602,-0.20991289292411675,0.24762810083279402,-0.12071190408090263,0.09687882685512025,-0.4458747542210405,-0.2229608496317301,0.40201659432243025,-0.30613908223046543,-0.06293789256136685,-0.41127003494381725,-0.30754995016036757,-0.28643097158894576,0.17324564995130226,0.2627626729216932,-0.20099830049253806,-0.11792203288296632,0.15555356952012767,-0.08134748191384636,0.3341698249200255,-0.16064813700231428,-0.18841854459631452,0.03702342692735309,0.375130299856473,0.06446800912232124,-0.21470985811015117,-0.33200906262826746,0.41242603363759844,0.10701483944231394,-0.3697628215535729,0.3560890027657757,-0.009460789167314465,0.04856446731139705,-0.4717658743311407,0.3857511239166011,-0.26416865931264344,0.2660340581075389,-0.4681854441785977,0.2347758711964353,-0.42314091610200993,-0.26614055869714087,-0.3079446959059648,-0.3952144835952107,-0.1098343645443667,-0.13153748567892976,0.6515908631205674,0.17238172922359968,0.09657624675407599,-0.28436665951588247,-0.11458536619299378,-0.45492568250956034,0.4182723583296939,-0.25156261859245344,0.1840082322563707,-0.14394411814512403,0.4797236583408718,-0.28071523134970366,-0.5523503966665156,-0.06426190720372127
B,0.2964666783478525,0.024665585646524255,0.35243185260544774,0.280988338283712,-0.2515015709042096,0.02415202535440239,-0.37561186680015196,0.008490397881450923,-0.1504057917196996,0.3422719365724285,1.4376936937790392,0.12023677255185934,0.193805127498841,0.19892100624429354,0.44102016963387725,-0.23073408824808553,0.11230818455642627,0.0600636634472481,0.15842353212957705,-0.5104921767551093,-0.22220178564910903,0.5108338074575,-0.2862916107502157,-0.0477611760086642,-0.36444763553726367,-0.4233444312511227,-0.1511731601241008,0.04649617991181436,0.33407479805916057,-0.18272348597423801,-0.2733508066312008,0.04674548956979996,-0.19753598798509403,0.451291575282026,0.03281418160083446,-0.023551800463705433,-0.017883831901124678,0.28934814677389126,0.18320975042220383,-0.21953841464471843,-0.3872966690683617,0.27246300615105323,0.2973769188192117,-0.41491090595679103,0.3981307545965522,0.19546513634740975,-0.03506526144490094,-0.5200146268807345,0.2712474041117514,-0.2451648143958013,0.20693059665986238,-0.4421452130570349,0.2656041556959227,-0.533427836408295,-0.17532881789271804,-0.2067329176772823,-0.28275991569174097,-0.03544526748382034,-0.15198188250697833,0.40827436846030574,0.007694305808691029,0.14184626268376535,-0.2847495739717916,-0.11103451767951032,-0.44958474039902363,0.32688689888871636,-0.019608817711105814,0.30057547727789996,-0.1642346252117699,0.5997007313809664,-0.3001269041079547,-0.5331152066276539,0.1968801209803892
B,0.3005477967944833,-0.07762446874252778,0.3466444730366548,0.3442409462626288,-0.2808643025050815,-0.019684063264305607,-0.37500182400990534,0.13555432135963763,-0.3000774578972396,0.38673031398113955,1.297621670946652,0.08836911556713589,0.10975483099682408,0.1688146322106886,0.23595488058002909,-0.3371574102567521,0.06859356861714802,0.06557112301354963,0.04797517095772192,-0.4706515073270909,-0.26910284637231613,0.4158390244383718,-0.14751541148634764,-0.10587971053435072,-0.2565499348973829,-0.3949852653021493,-0.35699038045739195,-0.03227417393175211,0.28649473420980265,-0.27303462150094987,-0.31847139609911845,-0.015420182327025939,-0.07757681351226074,0.40975091098654814,-0.153182024424105,-0.06486092695325865,0.026889099770403626,0.2844844838567189,-0.025298517710012167,-0.22376023418631077,-0.4020634390877433,0.4615196848421692,0.2990019086313994,-0.590507135477293,0.4255969475073565,0.0896813701670342,-0.010521560747496442,-0.44116634416539363,0.18827779485912266,-0.4278779482107711,0.27250825317029703,-0.39240640572993957,0.31926689802305325,-0.41249782522697,-0.36540064508801895,-0.260463716556412,-0.39513487579334755,0.06326593907126978,-0.1767866534649186,0.5757804701402117,0.030538891251669635,-0.024040476055764384,-0.1728040759744232,-0.08922173304867376,-0.29083152714062893,0.2573336595801481,0.007467413922453203,0.3462055529899688,-0.14110843393263667,0.49039955225606724,-0.3269593756513358,-0.5893608572183208,0.05626994780242438
B,0.2703424340559967,0.05639123081417016,0.30684276354908435,0.2896686049143144,-0.2527452349813739,0.13616864550530464,-0.37513937207857273,-0.016323181460813296,-0.3668797534903013,0.43296926082513604,1.381159556157417,0.10233645821933754,0.4042233203910366,0.231071114226781,0.19918024176165117,-0.07048379019043827,0.263590579383288,0.01354562016945194,0.15822102541024174,-0.5183401909516443,-0.2555677093378111,0.36625306869186536,-0.40456816857480293,-0.1759743433908711,-0.40169446620554666,-0.3278771461869944,-0.2790559670117639,0.14054599160353248,0.3227617039032328,-0.030857581268635942,-0.041043736308380874,0.06697551889070107,-0.19815731247195248,0.3596558020397297,-0.10630110870259411,0.1410498767639138,0.02579566481594238,0.15550518892501877,0.21553535174286806,-0.29287578865109104,-0.2597091092078527,0.48783666787541335,0.2896886845230556,-0.39975962532230813,0.2627493141272344,0.06732124475753185,-0.02356459331168164,-0.5038253114734719,0.32468410352832827,-0.2587124126366789,0.10355585321064041,-0.526974934309023,0.2673223537687164,-0.430068404418906,-0.37613247970633396,-0.1752043675754484,-0.4326280785609515,0.0009260109155259273,-0.1271568671832573,0.3951375449615196,0.09930876740921185,0.051639325395717,-0.35732618322434634,-0.18930758180751095,-0.4326247189905933,0.197689272976903,-0.1852883883301501,0.21783588296297854,-0.09441470310472419,0.5534366220691537,-0.4511988286731496,-0.5185281520716163,0.0188315698746854
B,0.22816727952126964,-0.08771396850348712,0.24063866753105229,0.26014427487173813,-0.19201902339330074,0.16125004470698487,-0.5768022162361153,-0.19626375500662346,-0.24290024391169407,0.40257693335920586,1.476565826251432,0.06520673684501677,0.0833647331590697,0.32221127550533274,0.0845720509291272,-0.32649893119197265,0.13252942555341832,0.026210006922213203,0.1454908510028499,-0.5803228368544064,-0.13632546095043246,0.30939581017164464,-0.23967903189967174,0.004427918990834584,-0.2426785258683808,-0.5977995239984647,-0.07469550001861208,0.027869075044459686,0.4413042783836286,-0.20049193050156183,-0.005779736752408782,0.1672880861611049,0.025343272752200885,0.4482746939753772,-0.049180195196421375,-0.0931272509277493,0.012221574713036799,0.35510416475502465,0.08936559045388098,-0.25238855275536043,-0.4380662973044028,0.5310122603505074,0.39366541664482196,-0.39365808518830686,0.3448920224835538,0.09140615798924313,0.10882482593351021,-0.4128267823347694,0.20944755115358066,-0.2766271692910292,0.28062532725850126,-0.5379800055821133,0.36862887193828464,-0.41954802841858757,-0.2974115178937652,-0.34026490975738877,-0.29559209437367107,0.1382271761866921,-0.19588011173889686,0.5445986299195129,-0.01325801972202921,0.06265465443130587,-0.2880472505000873,-0.16222375101896294,-0.3408391645889246,0.29464072393967744,-0.1923721594125452,0.250947100905449,0.0359318750862736,0.4391085327442842,-0.4193868479575309,-0.5909062300761063,0.1147577380562278
B,0.11141921062543855,-0.003035714712659919,0.2945602659720199,0.2970942294296827,-0.22769959402850143,0.15768158590380518,-0.4433463516498319,-0.012614316105982182,-0.29033193486689235,0.3838104434199242,1.4735995898597323,0.021346911791068873,0.2925706917703178,0.28465437138125876,0.27169835088435895,-0.18163754859158915,0.1969820944011713,0.063182583131275,0.008525591811831199,-0.551286037467231,-0.09955794290373607,0.48451231173052506,-0.1250756764880687,-0.08961422316468812,-0.30697726039223605,-0.3192619199789749,-0.19487443353062806,0.041436365577352655,0.4571940388868597,-0.1169450733847055,-0.10179928110136949,0.04801010366938116,-0.04071939913927561,0.296619402439693,-0.21251100878512827,0.02889509279267509,0.06973248823521912,0.2632720086345796,0.028523227737951025,-0.29516098462779455,-0.4479366872809312,0.4341793406007147,0.17707915713113687,-0.3864737478373439,0.3520789984980699,0.19409922777686878,0.0317777422960365,-0.49074475977522786,0.29089961792651575,-0.3578974808191087,0.12850514904012078,-0.5628923677322385,0.2622494482118459,-0.5476284200175952,-0.1562096396626697,-0.2881513558828966,-0.3110013531582101,0.027807062725016166,-0.11731695617811663,0.547820923107871,0.06609181022669078,0.2029555033164631,-0.3786512966274239,-0.1665166862399664,-0.358428316448327,0.2693994805839746,-0.10347066268161013,0.2648099884581925,-0.09878122334800564,0.568450548466737,-0.3176164897788449,-0.44410858715412294,0.03437426913223822
B,0.2598070890714256,0.10827294259438755,0.38173562413686124,0.31521789283089163,-0.2789322760874398,0.09740706573452504,-0.46965149649299015,-0.12804604579269718,-0.3309955271294092,0.36909055675803665,1.3544024902392173,0.1269489390577052,0.2098603802181972,0.39868267910132094,0.30970913998902605,-0.18708135445945454,0.33505905418552495,0.03976605528026525,0.13541140621462536,-0.4728802904478643,-0.20393875764295055,0.37080993916789706,-0.2342789228346962,-0.12690703145432508,-0.2807134096359536,-0.36113125452965467,-0.44190453768765736,0.09473150461600433,0.43636756772607954,-0.03746262054437277,-0.10243097220404211,0.15316752637082476,-0.23356455542807839,0.4998739935504753,-0.13774366875841698,-0.06491112230792687,-0.15424407079502367,0.3871374152247108,0.04114007979256532,-0.2706224221764585,-0.35032984394446043,0.5867585308767362,0.2834961258625249,-0.47826940728588235,0.3990209048398482,0.06826863141437356,-0.0476036893221726,-0.6628406043499178,0.3877667814644459,-0.2828367194902638,0.271665832199185,-0.5230256075992947,0.35073315321606435,-0.5236642409132864,-0.2510934473959382,-0.22309747088499698,-0.2521443475581523,0.03281872818827359,-0.2664353295361405,0.5413899902176371,0.05059911388648146,0.0014995453109226814,-0.2350519975492638,-0.07579125496916181,-0.4716964023437886,0.22131296190177488,-0.1092079731508769,0.2830950297407716,-0.09382034900449743,0.6363844302888169,-0.2491984605944603,-0.5078190133059586,0.06250978189685463
B,0.2605701840183982,0.0010075373621175332,0.244122457698118,0.20438668245144165,-0.17083075374449785,0.25288449069799546,-0.4881692736428251,-0.160167824748253,-0.534398751090253,0.573425355301509,1.2983072099590787,0.03629565191629609,0.20818551186098871,0.26982646591006865,0.23660424106631933,-0.2792302639524674,0.21932476262505796,0.007268206593824128,0.05761622627195983,-0.5214824685659976,-0.2958955478592611,0.33034052880279896,-0.30504461111304737,-0.15039657636124049,-0.27683980200648756,-0.3294679535311351,-0.3128315412843567,0.03611913013128823,0.5124317612801547,-0.13266416789191046,-0.051401217377417235,0.0179556700304856,-0.2364537351455009,0.49016839449573674,-0.12379724207455725,-0.07378480617834635,0.07249317528265437,0.22566648507025705,0.11902561511443127,-0.22196876617603822,-0.3940898699895755,0.302841301192737,0.22770989225999538,-0.3555664443074264,0.46116720382111864,0.2980582055914327,0.0509248137075129,-0.5749780766629752,0.38798453621810924,-0.3230684342592228,0.17339539090861394,-0.45735223048839907,0.4481079732637294,-0.4853852595916911,-0.26274696928851976,-0.3542936300512419,-0.33387116162512115,0.03429668032269498,-0.22332359319412462,0.492208310792309,0.09797979677147223,-0.0174563523716135,-0.4613480823683819,-0.09957361595958106,-0.3940714753622917,0.3081294075538185,0.022927534062866267,0.35564773489051826,-0.2928636912185522,0.6904199099464061,-0.2757576898018586,-0.5196504125725354,0.21293663814563374
B,0.11073060083190175,-0.0057722835638565825,0.38782035546525295,0.3070601604151454,-0.10232542647913759,0.2245415123688959,-0.43801798269323416,-0.12611519240475655,-0.18513323735916343,0.3892711813622551,1.4671746422650382,0.09574622050679431,0.2555171231273082,0.15674707586946018,0.3186166962944076,-0.24640085789523125,0.07654438958487784,-0.028082999942716666,0.0728559986511708,-0.5721621748355826,-0.18412900399055399,0.4084648656063361,-0.13512628805226648,-0.0846167866785372,-0.25595969547900316,-0.36067867012672794,-0.31208115188985824,-0.029603177508112408,0.42445683073487217,-0.11496914068818281,-0.23159303750084362,0.06314295432926302,-0.18738347787133136,0.565313430720463,-0.09719256306246647,-0.0023622376206255897,-0.005470969605264726,0.3527816752288026,0.06385165168125637,-0.26603751466950104,-0.38187584604051117,0.3492963723917601,0.4212300826298324,-0.4034661991807522,0.32224257407132856,0.08234958081458758,-0.05163329858152159,-0.6058522521250497,0.21038805540031158,-0.21044468684389883,0.19704536613044868,-0.3975406279683264,0.2939535279685657,-0.5464336092125797,-0.32282751726659287,-0.21199382093454547,-0.472050750078449,-0.08030465465746572,-0.25260084618577583,0.5589318663992825,0.10260422431413488,0.08146971425374108,-0.24205994554236226,-0.008581222812608133,-0.37197656458333656,0.17978670714462672,-0.1538093920165808,0.18473437226210293,-0.29382957637651863,0.5038719129399869,-0.287540056215314,-0.47072690880734336,0.1352525081705216
B,0.4041550237059655,-0.0397354503520862,0.34101352029643195,0.1987069283854369,-0.18750426526391167,0.22840733211071163,-0.5361459099089453,-0.046173588442302765,-0.32358816514886246,0.48875518465517015,1.2266807426289523,0.27587561975633434,0.14475971613140703,0.2867279926527423,0.3481595561723706,-0.3042768743588045,0.326831478475587,0.2172565005557416,0.1524913485320437,-0.49784057120549363,-0.2565267562450502,0.47662293658624855,-0.15022866543377658,-0.2230302529562196,-0.3361125694244167,-0.40817436039348676,-0.3496855196332807,-0.0031296012665255474,0.3154994134124015,-0.049811083771068534,-0.22357686361988396,0.05255339625084146,-0.16825766218678165,0.36651555839046907,-0.08879415231932583,-0.034535141007410716,0.0818191555133631,0.4076718669280802,-0.024107893457511242,-0.23501955280253575,-0.3525532696153152,0.3437433016314362,0.353256184390161,-0.4980185738663968,0.447872710448665,0.17051790034177872,0.01885389824504453,-0.505082594737071,0.4194711718691957,-0.348279637046603,0.2491378353896489,-0.4893417811870021,0.3919427433555011,-0.37522380422729806,-0.2207153851562895,-0.2739461926404254,-0.355011097620123,-0.11735918088291619,-0.19640095853173373,0.42876112152951473,0.2590754249562238,0.022665456871260703,-0.1970672155068075,0.030968142438895868,-0.3097150548238369,0.22199822484471549,-0.215088028772575,0.48749511411181834,0.02961167204326362,0.5130349566513128,-0.355948152368121,-0.5680770277020879,0.04524256161469968
B,0.37180525160508376,0.22282301268415458,0.36254990550890775,0.3975524777373294,-0.1515726549645279,0.10670385607296874,-0.41266208529555926,-0.021546895588529097,-0.18869512054499427,0.40410765999565285,1.4627578193125128,0.24918795276078465,0.308442128174537,0.359437853912513,0.21953339377964615,-0.12503121805669334,0.2892728995993563,0.012456247592750429,-0.013352631502432363,-0.36833850277314284,-0.2787448622571993,0.37127676893781014,-0.1929406109759357,-0.08358248301107588,-0.4674245739420587,-0.2900519938506725,-0.221988009314329,-0.028862095232857973,0.4169917625289488,-0.25517803403372497,-0.2452933143986772,0.01598813141909619,-0.10097124174085437,0.5713110626408551,-0.15521217287403766,0.057558962211816125,0.09719967561353716,0.11168633412779161,-0.04689491946542218,-0.09714236734954954,-0.41650949077794497,0.4740207248291555,0.3285067108213828,-0.647279853658965,0.26696522649844434,0.14873071407429683,-0.05612949491349087,-0.5180185693112274,0.18453689511709706,-0.36917664658227145,0.18584207792352625,-0.6328647956094748,0.39007837050380434,-0.5880478301070611,-0.27790122087451663,-0.29131196698627815,-0.2563431059770557,-0.11753236408324617,-0.2788771028824643,0.38631741967289807,-0.11267910916643928,0.10720497153884413,-0.27654625781054143,-0.07378389605603061,-0.3111831058296583,0.2711773533003995,-0.20436184146707415,0.27273672661867915,-0.1688230540554559,0.577745326308703,-0.3578445651500913,-0.5080149395068709,0.145751227592
B,0.5018697167176059,-0.043984484211649647,0.27458525367616105,0.2820741144367309,-0.2833099973212251,0.18609932818831698,-0.47679251542515977,-0.1935142615625972,-0.20208298904043864,0.5849298741129706,1.3414666338000494,0.18008564475657457,0.056407874922985296,0.2437639254766514,0.2605482368147754,-0.22214359318154134,0.19507467752178692,-0.01323440834069526,0.19817408395122843,-0.5320379189103223,-0.3400992618249776,0.42757946965526755,-0.1360914999727223,-0.017626376964998233,-0.35474459450736906,-0.2195446401293354,-0.29731002862980255,-0.0833404183277302,0.4665792410520195,-0.18478703027567925,-0.18251586172689804,0.13524585214107737,-0.1641392194055402,0.3872020048321555,-0.2224339212593399,-0.05191314297550063,0.05298743610201356,0.2350369164563184,-0.06964405596546316,-0.20872560790699665,-0.320614454561604,0.4937750514787255,0.22751960676844846,-0.47868608678278113,0.34070063031472037,0.1381652212342159,0.06824843588988941,-0.6007956353718161,0.4186355144529104,-0.3986129453788796,0.09748809406777009,-0.7188305120721444,0.35223613935238884,-0.3610529291504667,-0.3147040085215177,-0.3731607024952689,-0.2725283211383932,-0.12277204274234847,-0.16679281404298507,0.41932923050261683,0.044842628443063186,0.09201743409524206,-0.25299876194261994,-0.08277024402780044,-0.25840786780123876,0.39967539902455373,-0.025454973718404383,0.23788040844861302,-0.11981756037802228,0.599019705214572,-0.38101544757680317,-0.532856539112865,0.09649350939857688
B,0.31343734060328854,0.014877844275267858,0.29725543010478683,0.37001524557126697,-0.254442600040052,0.14261072474779496,-0.49314990708889145,-0.04992586232247681,-0.2255401624371341,0.41669347077089697,1.3721920045045277,0.14520487174931376,0.14319765632505188,0.20887075334327768,0.27821538703948506,-0.18688542212985088,0.1087848995629857,0.039422938007606045,-0.02767583308236027,-0.4883652666606157,-0.2686339479604312,0.5982877452809601,-0.16295161534765287,-0.13823686336826918,-0.39067935777336016,-0.31037885250038294,-0.22098500071969074,0.20233152179699995,0.5115373810348783,-0.13562927303250016,-0.06273864537779579,0.0701066790497585,-0.14085197129524935,0.31340322813954136,-0.0014823813649822437,0.0010335307819868272,0.025499929504022977,0.2185474227557193,0.16193604538891276,-0.18192275025914584,-0.4481916684418612,0.4786131674751791,0.3652417353202967,-0.5767369038008466,0.3728281025382712,0.12587720895582105,0.06874851394941967,-0.32883398773622974,0.5177968522718868,-0.2030365837096777,0.2488206705426917,-0.4330724246848159,0.33107584917263466,-0.2888205340561677,-0.253114789582745,-0.26486273586411646,-0.29859249537369015,0.14807583472955266,-0.2938036312930627,0.4395362761079364,0.02178874890685481,-0.029288389604862727,-0.3552239958353938,-0.01608056716879823,-0.3584369849964348,0.15902075928505788,-0.11398649167672556,0.2796021942882151,-0.05217279508455534,0.4404370019442081,-0.4270456380553409,-0.44408561626964804,0.16083336747631183
B,0.22662517704007462,0.05683815641548225,0.3227528008516012,0.3793667052375306,-0.17047769462226675,0.22760158120304186,-0.5598861966567885,-0.15913627132980035,-0.2916871373304595,0.3947122903880511,1.4348651717204008,0.06789801267448116,0.35367789860572774,0.4127187662181255,0.32453061033030983,-0.1708282423252901,0.1762146607830231,0.06412216788746083,0.03686935005593767,-0.48659087523632194,-0.21491473046660126,0.3646558482299086,-0.08021124866782509,-0.06872259212042238,-0.3956239563038568,-0.3778221632715464,-0.3395323596102386,-0.013575820098439259,0.5447346018263786,-0.17300447218035406,-0.0942093740337822,0.09705681290294949,-0.10512714600738894,0.40932049839141327,-0.15671162373536573,0.0944395818317913,0.08572900600031685,0.26759904722766575,0.14345689151724433,-0.1400345537823246,-0.3467289757850999,0.5618874882826117,0.26338844442471604,-0.54900529827978,0.29409117907985477,0.09389744875218546,0.14332424201805555,-0.518245271619757,0.3116030335424665,-0.21385746076011536,0.2653767675906801,-0.5236169369894855,0.19406466368941921,-0.3794512955981413,-0.34830634560519635,-0.26201479078723333,-0.3397759872798003,0.08213288693294117,-0.1364954347871682,0.5051554205717599,0.17699113898180252,0.1810934677440047,-0.317264264289641,-0.12276650088356161,-0.31608645523250445,0.3982890494739628,-0.22442766714401477,0.10459608815515214,-0.07633622011058847,0.5979040551343793,-0.31851991543255065,-0.28775408745893316,0.02785333768836709
B,0.25560540272766386,-0.022671293895661963,0.37902174180361836,0.3104752561365689,-0.28503393263097343,0.21996898577130697,-0.47116337260596064,-0.1867435366025229,-0.21294128445764837,0.4034875759064668,1.4135151691425032,0.22504968521953195,0.3119103089032884,0.34653775650346635,0.23975099945774295,-0.2888188949637369,0.1605786430381173,0.05086501148042815,0.2210672538071321,-0.5412711965552711,-0.22560189750630408,0.33204666482594425,-0.18268131827731646,-0.06561855093328102,-0.3236640841810474,-0.29366717384056557,-0.34619055725886344,0.16571766944694166,0.3582596829062989,-0.06451653218876366,-0.30428505747577006,0.08860808298922235,-0.09443354003984153,0.3816361144425127,-0.09992935523738711,-0.03864529427464329,0.06921002362459408,0.3020967365974273,0.24126044794210785,-0.37113142387773745,-0.3599386717799796,0.40411006676558126,0.3115279644873432,-0.48790318147849965,0.2936475870467622,0.04875329479104954,0.07604448361791022,-0.5176213699717409,0.2791260567008762,-0.28707487633013495,0.17001947870171485,-0.43538952415700205,0.21966227581818176,-0.4374933887400872,-0.23195615461156338,-0.2423633118018158,-0.4300797224406576,-0.0184027201800635,-0.29890010042867127,0.484328622556474,0.14308055820258075,0.06524205766564681,-0.17880753394833349,-0.06770388030533134,-0.3141575357900656,0.3198661803732575,-0.05627163715260472,0.14755671445736834,-0.17014330196028216,0.4909891052901753,-0.2648238692924073,-0.48500672479767576,0.09431239723618313
B,0.3974111623145389,0.010772274455790636,0.341314204039691,0.3433394438290474,-0.031930064861808855,0.12852553981060855,-0.5442796196747607,-0.14931254870215005,-0.29131270979698426,0.5432000399256489,1.3761049552352975,0.17843094539206353,0.2246251719666079,0.16816089369201032,0.20955848562448065,-0.4087918716786908,0.20007575713176523,0.08817308723400799,0.029724622643440626,-0.5425529693884831,-0.3489839578750014,0.25337715762674695,-0.33041802493048505,-0.009824133272917188,-0.33846770544440097,-0.34464783898378987,-0.12805526655205565,0.1335504866243019,0.46215151102682794,-0.21257941035924777,-0.05184070322495307,0.16296088591046093,-0.07180695100459389,0.41002242118452914,-0.19611474378935684,0.11182754311148495,0.10303049671496829,0.2657821807770324,0.041764144680638826,-0.3585709292162637,-0.31518410911294675,0.4514132002246633,0.33338358607722257,-0.4026109213049846,0.3792846464383493,0.020599309476895797,0.02068448576008874,-0.45474683077686323,0.3199239107802725,-0.4291568513902363,0.1474986401514101,-0.43154424341066794,0.34772095862537344,-0.34818552551021387,-0.3881112867950473,-0.15991254613819683,-0.31238469931932306,-0.10301450228896206,-0.3577113792058998,0.5685608464376044,0.0012863373237230052,-0.038654779013126514,-0.2428478872317414,-0.09208360749266878,-0.33005142281022004,0.29697579876970026,0.09879722148131931,0.3098460069167117,-0.0755380080436621,0.4181763921865304,-0.20388967101874383,-0.5389019287101502,0.021994124345466354
B,0.2980612589091971,0.07299871759274434,0.3351077002739033,0.23155983606694508,-0.29527344642460035,0.1465594550132968,-0.44776180923614406,-0.052569029565441815,-0.38649046052213054,0.37067002049163666,1.4798859452222217,0.12012739165963882,0.2481932346414716,0.48331735754399685,0.05540688670415175,-0.22117455623148663,0.242701644741754,-0.02952988039906071,0.08658304819828412,-0.5952053291848529,-0.19551893896484338,0.37699672084341135,-0.24437996255877914,0.009753967263712277,-0.26883760274790697,-0.28352749214538353,-0.1507306408195528,0.05954171360816847,0.5883629418920171,-0.15830717435333683,-0.07118106566177403,0.061836521310877766,-0.07602928643871887,0.3762633530146243,-0.014997224030462164,0.08252404277555297,0.016298064224311907,0.2945660271151931,-0.011628995456050964,-0.1864410138290644,-0.30876468473228336,0.3391643309208178,0.4752821983403016,-0.4452298854413415,0.3029461705820711,0.1864943078076046,-0.022869016836001656,-0.38321368388586985,0.18676351654877943,-0.3196889977746437,0.22098742808448743,-0.5276553078018997,0.23741509868669772,-0.5159085943398845,-0.306693558941928,-0.26924797431029,-0.22775512799283404,0.015727051468129048,-0.22335722341058564,0.5544877512414902,0.07234158998730816,0.0029496662182090932,-0.407586352331171,-0.012204579547289651,-0.5540778835495976,0.14183865404909402,-0.1284720904126796,0.25058449369009567,-0.011569892256437952,0.43722462265717355,-0.2673243266120707,-0.5125915966546016,0.138762855806383
B,0.3285759352029885,0.07811234207621331,0.3892516455201197,0.32515432610673023,-0.31053558245778357,0.13615535140342866,-0.44437581278504823,-0.1080902759559268,-0.27017722596253485,0.2864806775679631,1.5281163414778773,0.044653362479292594,0.18252942781106085,0.2101450085822818,0.2595153361536835,-0.18347801794091306,0.2388149739258452,0.10531389197138605,0.23524977536638067,-0.5236190509299291,-0.3082427528283507,0.41189807315904886,-0.29834265242647123,-0.0896043390720621,-0.43741114100572714,-0.4282551405786693,-0.426328556258338,0.1503285710467599,0.42791610683504494,-0.023375451556275767,-0.0877470657655276,0.16087679073297886,-0.15443170448514817,0.44961857409032746,-0.19386476312359863,-0.05214721597866246,0.03451010060800143,0.1429349795615861,0.02338630081851082,-0.19740884354496838,-0.41522769621869127,0.3788746494244648,0.2708068540154101,-0.4171915252894944,0.35040688999882985,0.0725748279582141,0.0203046095740743,-0.41920852203090275,0.3854551620247533,-0.33991704238654713,0.2213854767727154,-0.3845447406891233,0.33818357125456194,-0.5891937734445566,-0.33556106399816216,-0.30069004219532347,-0.37574610831604255,0.01064495150000817,-0.06549412623943765,0.48665014327512757,0.13273014760894278,0.15718289626200688,-0.16018497285592814,-0.0005246488055887094,-0.4357776729140882,0.14647400800223823,-0.21913057917155948,0.2654445991264309,-0.18774645015146552,0.35874841909954164,-0.4261075599878999,-0.2579496916569308,0.07728183525675017
B,0.45899122844180396,0.019011566165442636,0.43546365757063754,0.29021935004729327,-0.22286662772868243,0.19237427257687645,-0.524783140151343,-0.1994901487396317,-0.3264560002820444,0.37226838038186666,1.4120908516378317,0.002383957320516328,0.25639855351995744,0.3745163997753839,0.19513157171253903,-0.26320550270092513,0.3434537064611407,0.16676780224325627,0.13157874055114288,-0.5589871988743265,-0.1950333795696423,0.3500025966113158,-0.3157603120767124,-0.025810187220732424,-0.35158788251615286,-0.5232586995353907,-0.24438996079353645,0.17046120646421187,0.4717990183752095,-0.21370525656757988,-0.3478212342178729,0.07584876662363438,-0.19580895402662207,0.3383158319704905,-0.27789274419452714,0.14060243199110245,-0.05438631856063156,0.13634038614192168,0.19947728023344452,-0.2583599125113882,-0.3859361954142228,0.4625263865409126,0.3364180718814675,-0.4599765478707255,0.20098848040669703,-0.03614354095975442,-0.03942367039375954,-0.5285790785642145,0.2520616550814693,-0.2836499124696265,0.20561579884333714,-0.538587436682556,0.3279306077305035,-0.41985436153856726,-0.3288100611207565,-0.34115707654369365,-0.32807606363484143,-0.05259400918179264,-0.1494252805681867,0.4144708927355978,-0.016494507549732265,0.01581111542698594,-0.23754771817361361,-0.11944051729017413,-0.38310979994347394,0.2229121171383205,-0.08760073246599105,0.29061002812151476,-0.250112233601048,0.5608516293557593,-0.2816461890879073,-0.4116939443581007,0.05252802129323751
B,0.23986011427044263,0.03117588463898839,0.3850974639628323,0.39650231861542534,-0.17252969300271076,0.14202926635352164,-0.5027899018869223,-0.1027375237489504,-0.2935852706808474,0.4914313186928925,1.2892140710400726,0.15475999805454405,0.3155128098263704,0.18235633231047493,0.39134856175772886,-0.2970180331134756,0.14569231950175138,0.13108421884232857,0.21353532313596035,-0.47058701542660075,-0.21525156411296972,0.5737133539159481,-0.319372434128665,-0.19997123713650006,-0.46727449215611405,-0.4294981931769373,-0.34861831700902984,0.08409304997707638,0.49964876600985525,-0.10111198499229097,-0.10624178320461458,-0.012503629898279509,-0.11247351322657234,0.3517128267703211,-0.07408038229445028,-0.006144307812927359,0.1041843624659118,0.4721682593912545,0.06127911936290208,-0.34911226959507513,-0.5065092355489661,0.366029924524241,0.38690995109046084,-0.4382748810572681,0.3399533179040569,0.12111368998186495,0.07644377400055999,-0.6123344635265895,0.3597647074398066,-0.270783471617947,0.11272254079677012,-0.4572966587894813,0.19216019376185534,-0.43614615215094626,-0.2545130382040224,-0.31245674122105227,-0.3094109731797268,0.0457806914076643,-0.2621918470585904,0.5558692720543212,0.057686713884634595,0.13642210980067535,-0.2868059303904722,0.0025416081295017157,-0.44911050221447724,0.19175736263980522,-0.2318805866673199,0.2620985559177732,-0.14048648922594112,0.5116820456850016,-0.4220085272213267,-0.5558753354668792,0.19647694241749908
B,0.34470766921508406,0.08767733863866355,0.351629743384583,0.3252613798496711,-0.26144188236629673,-0.017919292725339014,-0.40975287514924263,-0.08938378497560678,-0.32060302674031355,0.4372173100515521,1.3680965956335414,0.2739420160127285,0.28570632693400094,0.18138546330811822,0.13310635020394673,-0.19079173265310298,0.19681677724558305,0.09044712312350844,0.0859065216777866,-0.5509725818821655,-0.20097058551603245,0.47821153170005004,-0.10932595785473835,-0.0032281224366379896,-0.38027262954124735,-0.3408813093893968,-0.31419534535939353,-0.02195321746676275,0.27591802374683283,0.006018612497504933,-0.22130449585241135,0.05404543041361101,-0.1256725502525485,0.41935084236812425,-0.32387769910419717,-0.02281681026369159,0.1750817084152468,0.26512094662312147,0.19471520242922583,-0.2583316028261005,-0.4041040279101614,0.44932800978280046,0.30456860666542007,-0.4758081080750082,0.2749634754108548,-0.018512076913443462,0.06379435024375374,-0.48018325622519814,0.4140189008250835,-0.30460323239152376,0.10687321138596241,-0.45833880420142087,0.3024273315244557,-0.5114293445054617,-0.21463314292931396,-0.1919120180830983,-0.43824439891291134,-0.05636942247917269,-0.12875805113190575,0.41490926152532204,0.06617993605909148,0.08465208343197213,-0.3714416366551302,-0.09918384837267402,-0.38652162486753067,0.23665085262993713,-0.2912852807421289,0.25194089093257305,-0.17778939270302271,0.5740194558069944,-0.29562450334306273,-0.5606390249330022,0.06318763596437424
B,0.32499069950229026,0.006024187786228444,0.25084058877827353,0.32506327657564676,-0.1813581635236213,0.18937426661654147,-0.41748833344217345,-0.170227010113206,-0.1992593256859544,0.3457737072474009,1.4339617136384526,0.09736847928421875,0.26544638723413994,0.1525842240257394,0.27919356571541576,-0.2737693034476182,0.2246951552320009,0.07882879987309424,0.12820569856660421,-0.49537727512775476,-0.3351152799933534,0.5499101005259314,-0.2203194506941579,-0.07258022986608446,-0.20253889974847392,-0.43251275207428064,-0.2951296845307711,0.06722805404995078,0.40048869620310085,-0.15194050943284004,-0.22309657148895035,0.05868512266801881,-0.13275584296860404,0.51977739856348,0.010343971094379928,0.004002219219950722,0.12932828849914996,0.22406122130866393,0.2440113773150303,-0.2804223587457901,-0.3786393699534173,0.48033804249675166,0.3697655643099038,-0.490750188868642,0.160872999462267,0.14306681986495798,-0.05391328809289962,-0.425834333787515,0.34104896587549743,-0.28652862558760017,0.3003257676950877,-0.5233566701048459,0.40633470051547166,-0.463925838491399,-0.27893296443558335,-0.14042007219418534,-0.3957061965508763,-0.18732299246089856,-0.31612515534562796,0.6080942680436214,0.09996561211596694,0.0800891841021301,-0.20627098160172733,-0.06766586324318502,-0.39803703593279377,0.22743966916939815,-0.26287481190530415,0.16660988506381433,-0.11432714144984077,0.4763011335974453,-0.28983278397064427,-0.5053377557863749,0.009706715625413712
B,0.33462927005879345,0.052638655331892575,0.37343488671905417,0.314252976104497,-0.06619626633572859,0.03475446126493889,-0.569163483288323,-0.24010859163643677,-0.2546349478945784,0.2822379136863001,1.4233226730165929,0.14956984383234748,0.18607276622682817,0.31096385857511827,0.2595027555114566,-0.0824271607146004,0.23511167840646713,0.04395870390303599,-0.0851320220896419,-0.4248144080494971,-0.16672831622796924,0.5365746788786107,-0.39294371334408884,-0.045577777560950994,-0.2606427325076624,-0.2652724384840437,-0.24317920371144855,0.05849258941810895,0.3375603083853014,-0.18316712493663184,-0.14548615007064408,0.12676778927180066,-0.2701564019081578,0.434052042593281,-0.23997484296937494,0.011712564958515394,-0.05840256529585691,0.16662716890417645,0.2087440086764943,-0.37141705503040806,-0.426947392071499,0.4361448300567306,0.1349709381669329,-0.4142028311966451,0.2654711571655407,0.008984240600335813,0.0928454387321887,-0.5946405525400882,0.31667493483144243,-0.3000506915578466,0.23256438764660994,-0.48864311715949593,0.30664237255913696,-0.6591287732579556,-0.33404610691446524,-0.3047824095020312,-0.25389022742682665,-0.00625204110766407,-0.21540424222522714,0.6417388304562227,-0.08198876632791807,0.17963658035490065,-0.27818681631518993,-0.15172422857759532,-0.41876380310752814,0.22267638162832173,-0.04883454247825236,0.27110113498934507,-0.0733871633481228,0.429384212333146,-0.3199846328890317,-0.42573259410237263,0.18491873778452161
B,0.2078002979493705,0.10247592336766186,0.36038482178145226,0.33090425638867355,-0.26569204824809844,0.2521673025232356,-0.4717735474740199,-0.15099840179332313,-0.3011537850140737,0.5058691312930836,1.4631111262134784,0.16051006582250693,0.20103624743416437,0.3496226605934335,0.1936818121302226,-0.2569521309513692,0.3881543329629048,0.07930563905490408,0.09079509373663568,-0.5347319698111304,-0.25856385374223373,0.5305128165397814,-0.14363760971401066,-0.11389890105846365,-0.33972954936961947,-0.4666324162612796,-0.27027600470255886,-0.2637695867005504,0.295742861780046,-0.1664167965549179,-0.38655808758786503,0.24687554299024558,-0.214190467228104,0.4491194608345486,-0.020729243124291002,0.01192710148941423,0.03297994355583982,0.236645979287817,-0.041539842154088555,-0.29889403166280526,-0.36777028945903145,0.4356989934585814,0.2251689541093217,-0.39195940657610373,0.20708418203914686,0.1381905905459124,0.08695062572285005,-0.4687292493901513,0.41397509922463926,-0.26948906585548327,0.33828252891729554,-0.6974789338938994,0.37138879946476805,-0.4301063279040997,-0.22131868931628274,-0.1823470983990042,-0.38098069208743474,0.04176839964981681,-0.0738013889089707,0.3430620070382082,0.17516422769722145,0.05617254319019363,-0.3318959330040155,-0.18815525298952956,-0.3456355141130004,0.3891334029477438,-0.1999550044016833,0.305300550065072,-0.12914338806004352,0.3572792399257366,-0.3432255073000478,-0.5516511919599147,0.013747436308982355
B,0.2805540698255588,0.012322071286896327,0.4525789971464001,0.30356061981641125,-0.3358390997073508,0.22662857215780052,-0.4617791194031883,-0.08148487002278004,-0.19215779426745516,0.4353879541520128,1.3624767324413185,0.1817902738458661,0.2818158993833697,0.30372669171897076,0.3006567492835568,-0.20279875426720623,0.10642069649524045,-0.0013245024871814115,0.20718124906990912,-0.4965668025675655,-0.3319426196857447,0.3329353104272573,-0.317040273266614,0.003923818774525967,-0.28854502961187145,-0.21381878950626446,-0.24523948916441388,0.10455069131213551,0.5782162521554348,-0.25130417484023826,-0.29660989279455435,0.10837177877264413,-0.1627822591186821,0.4342191630259057,-0.024170871032727262,0.051366951088876095,0.1547110297598351,0.20942140405692566,0.13569575556280117,-0.32264501160604697,-0.24249805288309223,0.473624326832182,0.34211312088911056,-0.5235951973819004,0.27901899979307165,0.12302061312324208,0.15875537343584586,-0.3611800987051149,0.3095424646973079,-0.33563915986955595,0.2738139445295398,-0.38377465794684895,0.3132975857015056,-0.5079430107536179,-0.20977690923386308,-0.2508963164738277,-0.37090013421717927,-0.023433146947561222,-0.16298379272546057,0.4754853451138418,0.07699168485554969,0.07795445394086453,-0.3096754925630692,0.03265379047736332,-0.22858912859864783,0.23830467322452864,-0.23264931753855675,0.21484649551153884,-0.09263827384040565,0.4818771657122397,-0.43118279350959576,-0.5109412772858586,0.12739030476899893
B,0.39375164992380096,0.17834303561603515,0.336206694992531,0.25179996042573827,-0.24349487083562035,0.054457808088380424,-0.5486076220375707,-0.15950088008837338,-0.23588769311599894,0.37048808570018377,1.4713648347307375,0.24599472063002864,0.14191419559700613,0.1688159961587759,0.1928985064466655,-0.24294111601098567,0.2873527000827608,0.04498263145736672,0.13094941409193106,-0.4657559302001454,-0.3121893977686768,0.4106279216791288,-0.21094781028396095,-0.03177752404034109,-0.42806647620192095,-0.40896434828412587,-0.29041025459646447,0.018477803449037773,0.30685484990063827,-0.2315992371685299,-0.2879895364383269,0.17461618629317305,-0.16882844634756583,0.40517538223042865,-0.2004647130902225,0.008899133101598799,0.08899471026746095,0.20877117313804253,-0.007592654581071556,-0.30049242597967296,-0.4880198321230302,0.4681925970832647,0.36228292535193823,-0.5916405756076085,0.39200762754282736,0.16113586916299422,-0.20837316791404592,-0.5760688716877258,0.23233871828527417,-0.2564637844232641,0.2630200469825233,-0.5581255942644747,0.4263204480166546,-0.5329661517738595,-0.33092686090249673,-0.3245904596470012,-0.3567771488362721,0.053391629364539034,-0.28841563177691437,0.5099616978890332,0.09623758024167975,0.06396126787973228,-0.2533616755419596,-0.01882315138296374,-0.35418317626859497,0.3462711931526839,-0.25684576090581906,0.21658869051119634,-0.2162111841940368,0.532588938659111,-0.23113172125778098,-0.5232491279209364,0.11734898207533434
C,-0.36783984643299655,-0.07567514604580791,-0.20599440633197716,-0.058484004932666395,-0.29284126973399766,0.41879044494566386,-0.0612721276513575,0.3057423131868669,0.24643806234913182,-0.10607973101053268,-0.3468767164414355,1.5410480302704148,0.26517181295527625,0.04289057935634184,-0.49830759989967693,-0.40287185588989805,-0.3142247622776695,-0.36600682726749123,0.44515236133468783,-0.49047173095840724,0.06171126793840309,0.31821312670961066,0.36718197780490813,-0.09948910342706281,-0.3243132803577785,-0.1658711628431052,-0.17084447771883796,-0.1498433491734584,-0.07849653484546491,-0.4877137983851797,0.43990422905258614,-0.6106249639519794,-0.13550561257054106,0.4399540840489991,0.20080838784160437,-0.20065246446741303,-0.34385854424049805,0.4088943546211023,-0.5284629798960625,0.28144049123603543,0.2881192171859482,-0.41410719219798303,0.22508975325250258,0.45279346614209565,0.04224064198053995,-0.17701995672452853,0.3153091173756462,0.0421748938449369,0.29772161768245214,0.06375985102471592,-0.48037377566262823,-0.29357422966043684,-0.3830942106981521,-0.3417280120810562,-0.5955517444576759,-0.10140099776531199,-0.22315604685800117,0.25040692419637534,0.2559825687765771,0.05950947451175354,-0.05631270184453349,-0.11686874734055555,-0.022101669415584547,0.26212088161995595,0.2826790366123283,-0.38149746259498807,0.16228696803139156,0.19744238273746503,0.09172000334476527,-0.25146500768611146,0.08702355282852339,0.032839144771676404,-0.1312035777735306
C,-0.3127860158770802,0.07119336814689632,-0.35469461817257986,0.029650784228853814,-0.2313189589238043,0.547978925006354,0.026047596027628205,0.1905250117315631,0.14379855583407197,-0.05126330302539235,-0.21473289454242456,1.3265411835484453,0.19356197926899943,-0.11072349641497758,-0.40280806881267783,-0.4544569475216465,-0.3051093181664565,-0.3679253880667386,0.4186358744700154,-0.31713132229306334,-0.11549336223771108,0.11440651048636047,0.22993141756433763,-0.13253063264217713,-0.2745413447244276,-0.23835044376867506,-0.08517181150226989,-0.2718448861820085,-0.1540154666112399,-0.3174552324847211,0.2659630862050074,-0.5130758942818826,-0.18562580264783324,0.44669892652469567,0.08764458701842823,-0.11411662957558849,-0.34036325047271876,0.5671929580964845,-0.49033986607088975,0.20846659478148535,0.33552087291344906,-0.5630846822120441,0.2919558588657081,0.5982981655385012,0.19609492451240962,-0.07482280230623864,0.2964732349974598,0.145509500296784,0.295801592040901,0.24976928056486056,-0.5540628235312433,-0.217849691694862,-0.37730790562326655,-0.4206744136366215,-0.3754877159956797,-0.04664740911188321,-0.3962998105227672,0.34622939919201895,0.17412883297241138,0.035695737584654906,0.04532743763357406,-0.1649894358052869,-0.007351547421865303,0.08122328573724824,0.3127575338244041,-0.36044596270379564,0.05069574912637259,0.2520481787637587,0.04375701705290995,-0.209383903864033,0.07003972069009495,0.04145301793313322,-0.0628427809236808
C,-0.24814438436949207,0.07869273483931179,-0.203207767577935,0.02021576936693147,-0.34524513487363506,0.474529172702388,-0.16824209630652096,0.20235184455957955,0.20562780351635698,0.05192183837312684,-0.34107073380823283,1.540613009390473,0.2984510960694048,-0.09134023869403798,-0.541839126375071,-0.45882957387734896,-0.2674829520550649,-0.4152959597845697,0.4800572012621945,-0.17401538788494064,-0.18577249529575268,0.15308393287024832,0.2802321430233554,-0.06611149110390324,-0.1642015892866451,-0.27155020279916986,-0.11205170552094315,-0.006111212820430978,-0.10519313790719939,-0.28927425960739617,0.34082122232915846,-0.5126577682363438,-0.14317534073856564,0.5444224161859519,0.2577433954467776,-0.19257128580143776,-0.3830417213791722,0.4382334004426683,-0.6097915575891043,0.12748180439237117,0.44199876862641535,-0.5448729904693653,0.2326134130669002,0.3941962432976024,0.12812239568303996,-0.13038674452348187,0.2766670006535806,0.11741013411503722,0.31717103568602156,0.010215894839626899,-0.4790035846475489,-0.2833095171488565,-0.5664173689834784,-0.5050796557282996,-0.38169175150258555,-0.1640451727060527,-0.22069371958569922,0.24806342654330524,0.3027437597118926,0.04827274621466918,-0.024639956181953915,-0.09565648634130705,-0.12538346487050905,0.18881313156529647,0.32650803327740124,-0.14995206260709637,0.12229422312699914,0.19265109328101038,0.12424598379146076,-0.3017019130329478,0.002140510962635074,0.0793058008811636,-0.04561537851750147
C,-0.3196252473706004,0.06129474963595922,-0.167994348298084,-0.018785522740072568,-0.2511926724990715,0.4068198472133202,0.05072564955119513,0.2148348087278901,0.13895888661231146,-0.11228503856098719,-0.2297655896993679,1.4700316395998252,0.0199575986013088,-0.1363422326083119,-0.436762647489977,-0.4984597836352895,-0.19160657156181354,-0.380396562832093,0.2881219481070827,-0.39413121184699923,-0.011015127069705768,0.29497576221972666,0.3616578026035851,0.016873361501384368,-0.24648451774636854,-0.318768355423515,-0.07839728301829693,-0.22502678272617385,-0.23956040041156534,-0.33870100322358043,0.48905028730181976,-0.485751324336088,0.07192216245251135,0.4972642386667296,0.09758109623078115,-0.2315276204168105,-0.27245189681205284,0.47414933490494615,-0.4319298478732917,-0.03124949022311585,0.39971123419308235,-0.5157814451934568,0.11367410121715198,0.49382317381886087,0.22698755126570586,0.09597721075697624,0.39377291194208275,-0.002552480774293521,0.18788064226846268,0.16482958078372084,-0.5414588370442821,-0.23706082143243143,-0.397741930816481,-0.3786641262661467,-0.6100439936023914,-0.10739167716395304,-0.43800099155444394,0.30863672838863043,0.3234086304623014,0.17166162708394123,0.006137237309666258,-0.289758600418743,0.10199941246381894,0.09454202516391641,0.19137394084805515,-0.36259929630706395,0.24508341215112656,0.19932380388721804,0.06699021929042182,-0.2503080051886569,0.055478894785320344,0.03941999821247682,-0.06474709253800176
C,-0.20617691820091905,0.004602564261663281,-0.2357622306632211,-0.013428576070256434,-0.23020069787222322,0.36438210864366294,-0.058214838583626485,0.24883587535566296,0.09246727606709686,-0.059034518130805264,-0.070366340062325,1.4203776087271693,0.15026651070840016,-0.10677811171908669,-0.42742449295352536,-0.5472102378927144,-0.1915826413955561,-0.40725983671867955,0.4906004712355816,-0.3176363668975114,-0.18595509854549147,0.27934123397809685,0.23876033073365194,-0.1474132619348012,-0.3191083893862325,-0.07652362247694863,-0.22724468267212383,-0.24188444439994478,-0.09112518977747594,-0.4195319102122925,0.4622661375506732,-0.5372425061376407,-0.04864089793151468,0.6198794065339257,0.0641567670623524,-0.06268847145593238,-0.29952587181626317,0.3447330655578482,-0.4413015962275084,0.18721206092215198,0.38742499223842564,-0.44791810479762156,0.19714559653723673,0.5044456779701267,0.15895866257657246,-0.02563641704575896,0.25222783668603543,0.15745011814191662,0.15701761934520297,0.14870926895021588,-0.45535329957022835,-0.38934751921854827,-0.37898478843693006,-0.4689447687523907,-0.3990908619993168,-0.13570180806594656,-0.4409472560542651,0.47840412889687534,0.2645434312396131,0.14255228487640126,-0.07909640494987395,-0.39547620236068026,0.10896765980200765,0.1407151308900949,0.3215370117258592,-0.36579027129254504,0.18163340450429488,0.26082824057052667,0.186488408325292,-0.2882761026071452,0.11455269281474105,-0.15659487658713936,0.06561094681233334
C,-0.37003686558056487,0.08395064317768078,-0.16676689130421116,-0.0014314491775047102,-0.2303356086949042,0.45979388813997846,-0.07293566041351729,0.22716533181783638,0.3771912850989322,0.09474391167713957,-0.33081819261386947,1.532133270099048,0.18864995677934904,-0.051464204877561925,-0.49829709716825676,-0.44634493165738387,-0.10443746113899056,-0.41648796871203053,0.5626335593091323,-0.2024070699762308,-0.06186404127233529,0.11353993585797632,0.347534350094826,0.0002713933032881151,-0.27781256829412815,-0.10186763464096807,-0.09510947672818248,0.02842071569804247,-0.1188068951508435,-0.39138325229623694,0.6052604287074627,-0.4038520415806778,-0.09637658308084661,0.48705881961880204,0.2105425805724648,-0.15665821840974406,-0.3431897860232341,0.39849631735274327,-0.6208292005914829,0.18990111643272042,0.3913396972233983,-0.43266994278912946,0.1790796875220054,0.3915934176914817,0.062416510993561505,-0.0008703516094152736,0.32107181437967625,0.01881276755832733,0.2244477616834511,0.03823689827556167,-0.5171657737146774,-0.3565448969653573,-0.3091839000477944,-0.33890418294934266,-0.384768844559909,0.037112159531019984,-0.5093387520404734,0.38317289185621783,0.20314324682879487,0.16252176636376386,-0.07029635090900949,-0.328463339933121,-0.13977220297726267,0.11701528298610664,0.3554244811950404,-0.39782455639150166,0.11225282753465851,0.4149426039902366,0.11093529208418187,-0.22348799503618386,0.14198689368898768,-0.12851236527475202,-0.09720463470023442
C,-0.18243561318614515,-0.061661128986717426,-0.2200184667207167,2.2952681901540137e-05,-0.3245609820886632,0.45114700103787403,0.06587815853011438,0.30199974529366735,0.2895877318556025,0.07134944471762489,-0.22866802427586805,1.5368525577776408,0.20123808452896394,-0.09024450281710505,-0.5004704705349075,-0.537184558131508,-0.198205536856759,-0.4022421494861102,0.43929678500470887,-0.30801571262993505,-0.08097140609081643,0.24019015734474378,0.4110747750388236,-0.022972678212837133,-0.23819543568483897,-0.18777794778581358,0.009339130571953999,-0.006235023923491262,-0.10519527643201787,-0.3598447382695758,0.4210948775664144,-0.507856679947232,-0.10029964385033328,0.5524908655680094,0.08263031542829762,-0.015407525421938628,-0.36604027577915166,0.692838837095586,-0.5414628722732197,0.20140268421157026,0.35198952982545373,-0.5382862374372195,0.3102788921607986,0.4103934257029104,0.08555650801541062,-0.038415475443408384,0.43399758423223433,-0.05717158727557339,0.29597499760716994,0.09809098489181202,-0.5351267761409731,-0.34996553462149677,-0.5839125402491225,-0.2559166833929708,-0.40336087321376746,-0.18196662180010456,-0.2574357544224912,0.3097747329779984,0.3232223804486364,0.03349110928276941,-0.04004698225824124,-0.26719914084463736,-0.07763696145791955,0.25317098588307513,0.3541110196392938,-0.40952205067374425,0.29043014186441485,0.1125641395416486,-0.03930450135922614,-0.24771642330816177,0.09802751196580614,0.02505748551577049,-0.1749054776194693
C,-0.3332632836871068,0.036525286575334215,-0.003899605801011452,0.10367521811307978,-0.09618420712060799,0.5071904093837891,0.01931717960511796,0.16096459672775398,0.2766923231423344,-0.015295161388919037,-0.20571934829497723,1.5131731861433397,0.20330109770049368,-0.047098978740677956,-0.40010491681142696,-0.4020106458382976,-0.2734215538576994,-0.4692098680118969,0.4402594121371075,-0.2089213860824658,0.02970228335565267,0.11412469465467566,0.2831917531838711,-0.14062406717746184,-0.3629139205025775,-0.13927692882019804,-0.08206289504352482,-0.16531533704432005,-0.10772038231744668,-0.4317503654280934,0.5407485213614983,-0.4696605958029671,-0.09214141156104072,0.5272694312867355,0.23486683164098576,-0.016911317054976033,-0.37069992804748325,0.5507571274612583,-0.4779167091748505,0.13247716893524789,0.31799254912498853,-0.5625981856043981,0.16583934417937202,0.5880942909955416,0.19617923671623236,-0.18461798463195722,0.2346894457390871,-0.034804206041084584,0.18730195013016815,0.06351773497234423,-0.3678798256713536,-0.3306723605066258,-0.28679642919906845,-0.5277282290024865,-0.5124851080729125,-0.015991127454934945,-0.2535719480565202,0.3288394039829003,0.33017781224339615,0.13815271021604664,-0.0655478273946054,-0.21893708194847042,0.031240528601133105,0.09238649445858482,0.4177748962143085,-0.48514688946981804,0.219992119409111,0.14274769144772467,0.06724101681786127,-0.3710466615824645,0.01565425619483403,-0.12422292309037739,0.03969516841285391
C,-0.21977411776075836,0.09019078154593665,-0.22584180211149973,0.09694999425888541,-0.21922617936668293,0.4890657723628642,0.16184216717012287,0.20486935691315178,0.29874328139059303,0.02893417005817025,-0.3068903297117134,1.4054630066757872,0.0983248196839953,0.05037325439157268,-0.2793229304903019,-0.47470157818509795,-0.16061265052247164,-0.2876597992541691,0.41205440827425044,-0.23619132687744934,-0.0823875059353791,0.22292081716367682,0.2594846322165315,-0.0979082131797317,-0.5715920314752273,-0.13037543242879723,-0.09276011677663888,-0.16743719825327952,-0.30746382654117815,-0.4193552195051239,0.3515753355083181,-0.5338252405607469,-0.03337098067203856,0.4901013767587669,0.05082026413452566,-0.24841662425950334,-0.4578766997332594,0.6087146926511351,-0.3665958278315199,0.11320365068517566,0.2220099258456688,-0.4645959706727562,0.22893007338951488,0.5241911202138068,0.19895237997153603,-0.04918473588492589,0.2850855568362617,0.0777025333957497,0.3177467328167924,0.029858853978235067,-0.4377123900115821,-0.3310774691920771,-0.26154284833795205,-0.49945840872613867,-0.39211859148963996,-0.2125000418998686,-0.17790415342850627,0.264372595100019,0.26521126105980725,-0.05715846012024839,-0.11897714401134143,-0.17231159561405446,0.0572044507925432,0.16037799045382256,0.3415153934319948,-0.33472763432808883,0.15373053964160488,0.13081296201594017,0.05787593002863287,-0.3318568991685754,0.07027430591725466,0.04654717078234447,-0.07882196685874629
C,-0.1919478383027715,0.05552900733110538,-0.14015198262919126,-0.026381185252441923,-0.1599747778119838,0.5216125580625807,0.04393267272249265,0.3778665191553222,0.22676849409223798,-0.057997603105436196,-0.3499743008120319,1.6009531707123708,0.20955623780327037,0.09352102962882977,-0.580439067933296,-0.4091634034190007,-0.19301417836581175,-0.3780577534971818,0.34500561871410834,-0.25220164880426366,-0.05663439180577591,0.12068695006832615,0.32861537505006666,0.03420229963256854,-0.3046241483175353,-0.14047755242199184,-0.10423463586998744,-0.315754024522775,-0.13638983796888457,-0.3536961366909293,0.4382051719072981,-0.3816850657448688,-0.2161949323877133,0.4612428281564738,0.08591131418397797,-0.2412317673163955,-0.3596863355118615,0.520018368068215,-0.46193790973811755,0.12638577681348262,0.36849974348182984,-0.4004477945433885,0.27982520369530295,0.45461616019660456,0.09024275852023116,-0.22263978500452103,0.3400478126696928,-0.08468386801245306,0.41480642178082927,0.019369539269168096,-0.37299043908699336,-0.1414065151632932,-0.4039403133310113,-0.40131337812772955,-0.5903837268963347,-0.1192030307177491,-0.19303116441631282,0.3837967308637532,0.25230539413736736,0.178146851549549,0.04472458922685271,-0.25596121124640525,-0.007748067271126747,0.07978407286990621,0.23734560848368857,-0.43482182408109926,0.2530623737354452,0.14294083894608167,0.06507142735867473,-0.3168697771018439,-0.03288974997612133,-0.02805444214402199,-0.2100021646572216
C,-0.30888361566235734,-0.08476101331107576,-0.22041067234837397,-0.1761409809287091,-0.20709713151751227,0.5527662393211143,-0.016665808636424133,0.2835467839805902,0.15952811438610562,-0.1338103150877087,-0.2610026326292226,1.5651485480716825,0.07502057367182191,-0.07729891154253501,-0.4378442047096117,-0.25390415881912043,-0.15425349595457016,-0.5022219602157902,0.23396217377861883,-0.26572742349397516,0.09308527209128845,0.18959955330342387,0.28815609265138026,0.012175087273938588,-0.3827287030592166,-0.43263714605844084,0.0019495987832020695,-0.18445998094656338,-0.0673178135646338,-0.42902514146819015,0.4230525823677928,-0.4018568377831894,0.02563020396150098,0.49896058590160053,0.17438306648802204,-0.09501284185258779,-0.31676885279529793,0.3605781629120559,-0.5877802264711577,0.01266284237147311,0.44145811151249903,-0.5064978920106378,0.29079064372060526,0.5311346071310942,0.05944833404767183,-0.09493884683938356,0.33801495522315456,0.005441368001543302,0.3226638328294026,0.28863846946231875,-0.37241261617256693,-0.28901152118324475,-0.32047580521676045,-0.25628002559191276,-0.5959841689967518,0.019153359923155366,-0.2597738067463785,0.45074604502649174,0.31510053402201244,0.054958674212764735,0.1516509968850168,-0.21696347073745229,-0.05979469578055478,0.18170751706764074,0.36002053233100434,-0.4107370476714469,0.23991559942732804,0.24979924332957743,0.00616614227680496,-0.3514267609870204,-0.07304071542455194,0.12414648453904999,-0.04216328346357672
C,-0.5224825298805101,0.03492058359736144,-0.16795122057972864,-0.1430832097180261,-0.2889602476649308,0.4099092528436909,-0.06666351412141433,0.3406655030445257,0.1886363550528581,-0.04361941597093091,-0.17134674295442728,1.5503460975275614,0.041693363082310586,-0.08941062057022044,-0.3923179256665427,-0.5567279811628787,-0.009758808458470963,-0.3407457728144814,0.3459201387597936,-0.4140028213819591,-0.03151507894557766,0.16024855711196484,0.34581559427939756,-0.11440839537182375,-0.3132491670696476,-0.27997564825482385,-0.10626310543685714,-0.1991078747052536,-0.06927714060568184,-0.4074265162532818,0.40183367657737357,-0.4778547760461845,0.06898373760644144,0.5515461794943985,0.2229783994863388,-0.2708202661090209,-0.40641380655503323,0.5589621029120742,-0.5796881033605823,0.18810865446288186,0.29491655110446413,-0.5520320905465104,0.3596377163196375,0.556379412580846,0.21829368679691638,-0.02262173374349892,0.36325765037792174,-0.0011484902096834948,0.2172736260365406,0.07243287546756516,-0.31960602196581733,-0.39376352627701483,-0.46552934190275397,-0.46634930692120763,-0.4000646506102896,0.06946803976128071,-0.2966454594597232,0.3869777872814585,0.2573432113840152,0.10817531395798599,0.050873758339005606,-0.2100801183930785,0.014858212137249055,0.20326242494392083,0.1399666120923701,-0.41815721932874855,0.23288141211231142,0.27602173120282864,0.04530129998214014,-0.2728206843130266,-0.01840792487328636,-0.13928269704050802,0.05436106449124871
C,-0.33902625000564723,-0.009638371794100221,-0.2579477595724733,0.13320294729849189,-0.228740128158967,0.45517585857799997,0.052547170640046374,0.41616136751689503,0.23300172106285214,-0.03963418211618566,-0.20541041982369956,1.3849039524263398,0.18468596452558628,0.11943588295972477,-0.4054551009023966,-0.4733945579493042,-0.17047226830356105,-0.381414176340784,0.43134949971518527,-0.2621454889822509,-0.13226289018769588,0.012817373007415728,0.35267106043836133,0.1483632392997392,-0.3489659030360983,-0.3467978470446752,-0.026838513580254506,0.004101170460303255,-0.10897735725312466,-0.23017019391001486,0.47680373582100677,-0.41369531472806953,-0.10143792674361779,0.503154043763344,0.15736626228667994,-0.14968819391224886,-0.3742116257829155,0.48192168304244526,-0.5897212368577884,0.24632504255566945,0.30991784802291156,-0.4948612081141344,0.25161965553331433,0.42465588778309393,-0.01767457641107084,-0.11596478637240182,0.25991291994958593,0.11116412103626591,0.15716056098657,0.2065914369152379,-0.46217233865086876,-0.28212107622711413,-0.5796869322968236,-0.38172322730873515,-0.4910088997617883,-0.18276214377988462,-0.3143669011420902,0.3238626796293778,0.2326945121090316,0.0752475357910197,-0.048694991702260694,-0.22441482926811476,-0.03197297271309159,0.17905075333533685,0.23993489267501616,-0.5035115139751234,0.15175520647049892,0.3581424182694276,0.13544952302139618,-0.18861047368887002,0.1418017041547926,-0.034600562758545825,-0.0006249487805268066
C,-0.24220940151224998,0.05596101930231448,-0.22115084855879025,0.013680137475685882,-0.21658683278869495,0.5225933676018211,0.04517527882769571,0.2511371166954561,0.2104658216234697,0.008631216474257533,-0.12941382468223134,1.3723184546075105,0.10339725082300988,0.013813638278887146,-0.3964921407301311,-0.4609968064298459,-0.11872355163509299,-0.33265664245678706,0.3614476476500577,-0.27386259870641444,-0.10404631294850766,0.17627133776031711,0.3706505099822939,0.029795861840690878,-0.3016836710635445,-0.09173524410458236,0.02511458642276991,-0.05525683515011287,0.05398200299435629,-0.379863270403153,0.37612622582566224,-0.40141434563801626,-0.08020861596379127,0.48127570975491246,0.08085034156407768,-0.09605657964986652,-0.47158299518983887,0.4561575479530114,-0.4872420971281108,0.14650446321955696,0.23956029075240728,-0.6160099976157138,0.16548107155675712,0.5419617875557,0.1627564574887049,-0.08663588086309255,0.3036336404748837,0.08146982412351689,0.10551850454682657,-0.10394496677125331,-0.4811546316092511,-0.33053912220241477,-0.34018272220145374,-0.3806735353949503,-0.35253568161193993,-0.12269222648148381,-0.282406584924062,0.33551435014072134,0.3605751154711514,0.05685295904556962,0.057373887762056625,-0.330340876585957,-0.05826554557557807,0.13450580291021347,0.38330226338979956,-0.5940928890210497,0.1818531330298877,0.21341146664710128,-0.107185680866694,-0.32280366515654396,-0.08406878299412847,-0.183748196427681,-0.04527492989282966
C,-0.27196813140439563,-0.01639834938174587,-0.17778872926844472,-0.06410954094869036,-0.07910006992259613,0.47734885495804497,0.09563233818688653,0.10925149478914312,0.1337841868908551,0.0454645592178996,-0.2792630803863094,1.4248639269230277,0.03388123182890801,0.01857556434244098,-0.36594671224135,-0.4625511151283778,-0.2117956867950348,-0.43882327611707245,0.4019517227342595,-0.42939281820670716,-0.16584401243360108,0.31297755858344534,0.16735479896554745,0.03191537933016028,-0.19932931427567485,-0.1638039988735347,-0.04917452208473413,-0.17249123836810695,-0.20299828718506452,-0.5479966675284014,0.4162707865923349,-0.5024226294806124,-0.11584062481880134,0.4787150101927656,0.1647134972404745,-0.19543392005628102,-0.2248559528686872,0.5223208279747549,-0.414311353456988,0.17312334792199074,0.4210363300262187,-0.5464958781616429,0.27847554731052565,0.4824855526696357,0.057883785772203336,-0.08714238585413961,0.3510363969362908,0.24002479260030163,0.284272386668333,0.21415638921436267,-0.37120593900335264,-0.28383256381085253,-0.456733962247654,-0.5325303641128029,-0.5542699904651072,-0.025814744365509908,-0.34551879905549115,0.385762146553047,0.08761552543287346,0.10945818274328588,0.0767398699263383,-0.3861920226085245,0.004676578383529445,0.24871204815308767,0.41663579213993274,-0.45859785940904335,0.27085911631447274,0.3571130623617186,0.09108271218728674,-0.1828745971770539,0.036315655234111004,0.03425001331697412,-0.07401864173018002
C,-0.2614445343539877,0.03789523084510982,-0.25374693494397427,-0.011644704942854786,-0.16149865652252554,0.6442169782626532,-0.17123717818991813,0.4017695674941294,0.17975681774438365,0.06775136433655198,-0.16825052233273552,1.6358780198281087,0.12273467454205125,-0.05810243408621207,-0.4223625805534907,-0.5106114778417036,-0.06662231354503034,-0.35592228998760533,0.2767064327413261,-0.37480843570017625,-0.2319892881241843,0.19381040913601413,0.3692256339814959,-0.0746449806061642,-0.351107627562374,-0.2510859998112025,-0.06977215285203325,-0.09411878838357507,-0.08674680859551402,-0.187704839608414,0.42318992665095556,-0.41137994926390775,-0.18700241193851078,0.4499868536578439,0.13809058734713622,-0.22597452738588503,-0.396781834056233,0.4552738282333107,-0.526386708060035,0.3895343056401963,0.42111949877154564,-0.3147576910050109,0.34458695839722153,0.44769807057870403,0.1426473059669343,-0.12010702184256739,0.3614548986133754,-0.02393544711247017,0.21411802045632222,0.11654050234116399,-0.4350591429566744,-0.2665827185773511,-0.42601041200393513,-0.3244528435978218,-0.505157948498211,0.03248916619508223,-0.46915617280723987,0.4082414024120322,0.28910722652044896,0.019211670235372,-0.03939713679802673,-0.20694808429530126,0.048226285646885456,0.0012722223979222957,0.3324885456051159,-0.45493002858501114,0.2984878706894343,0.09558785965599115,0.254596118134553,-0.35657199893792657,0.15358148244434927,-0.002829887763316291,-0.08978324258921426
C,-0.22706740130957406,0.0855279728515102,-0.32223377299989386,0.0623693128513663,-0.22334283089083698,0.526175902213872,-0.00640407027091382,0.19789392700786776,0.11149669878845474,0.04437098377812321,-0.207756178956168,1.5637000577281297,0.21517932927568037,0.0354951803103694,-0.305589350255687,-0.6321301982344375,-0.35946698704168856,-0.21234028511631647,0.2989065247591805,-0.4110667928582447,-0.12872643093842784,0.07975978577443321,0.28489472423144996,-0.0981352743516823,-0.33753225996736846,-0.2067174720315788,-0.10851461039321803,-0.1669291935061888,-0.13068757908701178,-0.2846028544073399,0.541547399924683,-0.48772645390246216,0.08599326002961016,0.5504580392839863,0.061163262506247956,-0.24548599671601073,-0.4000854435950437,0.5794409243145391,-0.5261230233720932,0.02999902465264162,0.36182673473431043,-0.6332852675185904,0.14077601233555137,0.451875488751328,0.15161598144732472,-0.0033880660280509872,0.4299315948260231,-0.040166737453170565,0.21970386581668785,0.09388903891471023,-0.4826854774677707,-0.308398629864116,-0.5590558919855921,-0.4855309697079483,-0.5168296943430699,-0.32629307498146004,-0.27009682264504653,0.24588219251708615,0.3049845882018714,0.1210902751731688,-0.05447409809859532,-0.16408749336790118,0.034407253468980145,0.11651235819763955,0.24848809097743962,-0.3305393108872581,0.22702579589816316,0.3263056502307367,-0.13214572502336253,-0.2778019965352418,-0.08700813945637478,0.0006418012163693153,0.03281571305446689
C,-0.10914531008015874,-0.07185540101997415,-0.24007377336447147,-0.0014004276576374576,-0.300331039115221,0.5582971539117059,-0.012889662487282096,0.25339999597832374,0.25016040904013775,-0.01517754649567157,-0.32654106858614396,1.5056766588489876,0.11247711495936338,-0.0314422583074693,-0.33831987497311466,-0.5760150338237026,-0.2947128716475289,-0.34583607903311414,0.3447662765864831,-0.3216277079621176,-0.08008500433965782,0.04058261375719824,0.37060961422874433,-0.11586032705828901,-0.32065282643678306,-0.28185536325922134,-0.1251881135415964,0.00011122449502204423,-0.12578584116669062,-0.29577112600704847,0.4253855605071692,-0.42064230760988863,-0.02660760315277263,0.5006779840780327,0.24829641155727647,-0.13206889995937512,-0.1710905297694137,0.540715131470756,-0.5771768939460254,0.1672635938945049,0.4119036794045807,-0.4712797632567948,0.28012473760827455,0.5625990976414448,0.030875509709432217,0.017165151420718325,0.3346553221173984,0.006506885953447707,0.2015110553734968,0.15246510429775156,-0.4830743233638736,-0.339939143341669,-0.4551531586087334,-0.5368875703300472,-0.551967607528047,-0.17800170487809502,-0.3428819146855062,0.40883198211585914,0.29434760961531853,0.17371703461922267,0.07173941073412508,-0.2864190966174944,-0.023522822064717456,0.13862478832669733,0.11014464557502451,-0.5156986966931861,0.19508175457346102,0.22889816195002066,0.0999582052612698,-0.24858947393393094,-0.10247081266680377,0.044192620571912776,-0.010002927096902725
C,-0.19840666720851663,0.08854718426632788,-0.2094480267633506,0.10588926386681193,-0.29352058730971353,0.40435332597878776,0.02701967635281108,0.21414203048382568,0.2214771640677226,0.1499979444019205,-0.2296583324517567,1.5276918410219946,0.11143399342828673,-0.1760791139667359,-0.4238786218591392,-0.3966671507132603,-0.1979582320970154,-0.31765907397025855,0.5203100277434822,-0.2120460248566463,-0.07141201498029129,0.22568603036406884,0.19393101609581492,-0.07270241835602434,-0.3413254550330537,-0.29729130533887915,-0.0611552913226317,0.017526444004471065,-0.02990631541741416,-0.3486358092968391,0.47566497793293605,-0.5285317388107744,0.05712927592925533,0.3553641648274722,0.23275019171099506,-0.10494215945093474,-0.4143711664871841,0.4471696651067259,-0.576753854379335,0.09405636678896491,0.25285315139541287,-0.4134383979377009,0.32160246164463563,0.32589313214966076,0.28670690986546987,-0.08628171108754842,0.397588975746429,-0.06361378042417783,0.3551069068031293,0.10379899927185163,-0.3706028083303468,-0.18918634614283297,-0.3144464721955488,-0.44517469968495327,-0.5012314670433844,-0.12777118696420822,-0.24974065122653225,0.38232765884307096,0.33556912666171945,0.1621960990600746,-0.1491594139247172,-0.1360697489797144,0.05102034249624286,0.111691285209571,0.3102122815151458,-0.4282114994670229,0.2577491430360441,0.21301816630489523,0.09728638021838505,-0.2802963799240506,0.004609075221550622,0.017915781407475073,0.1922276622658968
C,-0.3031194521261415,-0.01679755004592481,-0.2514663809109553,-0.03881510593380116,-0.15710660272744115,0.5372829723794507,-0.007751179123736996,0.325747160929769,0.26402202253774987,-0.022427360067735953,-0.38384711767561125,1.5771009185487852,0.1945447934005925,-0.03830285234074084,-0.45535873423803563,-0.42244485451261077,-0.14424349133788142,-0.3687223173308718,0.3081538821484827,-0.23873300176466902,-0.05732486813596372,0.23250974406712904,0.10287974040694114,-0.025318387391153892,-0.33816128666966094,-0.2785844312284942,-0.0206927300737101,-0.07821660794103483,-0.11638126545495246,-0.2851149250619163,0.33152637104824234,-0.5065357181238295,-0.05401449106938432,0.43056133096485344,0.21789747656038544,-0.18636540411745234,-0.2500328151910898,0.3893798535057458,-0.3154549461668009,0.34373135906133734,0.3725572197400997,-0.3831458740396979,0.19314061924981257,0.5799006811132424,0.1255642020568077,-0.18815624403727998,0.09177526434197003,0.032682170736979446,0.27176584748476346,0.19420430590140225,-0.4587789049399395,-0.20662220101724532,-0.4575517497909726,-0.42029455517929265,-0.4002716518096412,-0.27600897975938876,-0.32030966193360166,0.3236996125295025,0.3588864339288431,0.0309172912171104,0.030348142916002983,-0.17041000187724864,-0.14445621365544734,0.1300796512024987,0.24769794546590046,-0.34261447399403905,0.2624712360105255,0.22407371435655077,-0.024820443108427695,-0.20262906861519156,0.033772365373272516,-0.12676524343808662,-0.1468803355307977
C,-0.21326584733424886,-0.09886655816624076,-0.04924558945202376,-0.0687234178403409,-0.2223974090268519,0.49274133290138966,-0.06563231799697987,0.06445727166200257,0.21581816670750326,-0.06969982439381947,-0.25181486412275933,1.5009317937337683,0.20203492356617878,0.08486888021569658,-0.46176953365542817,-0.5195243427893157,-0.3053869757524727,-0.36539078999463165,0.4389798450679929,-0.3628469201207573,-0.0724028459559946,0.1978768300323461,0.2112403609785418,0.0026719588727792676,-0.3353315610768092,-0.2192841507113983,-0.12638754301568617,-0.1878376125136886,-0.13873437822610626,-0.3865941912067065,0.551252512104491,-0.4063449526093918,-0.01639753136683373,0.4661230283829735,-0.002357937054018655,-0.20919693047633103,-0.40568589175357556,0.4418738547425678,-0.4886823980780466,0.2338735678519831,0.4019891163309325,-0.3821032547961654,0.20022270620896115,0.5194107967883478,0.16715000679565345,-0.06566294940791412,0.47695193919149337,0.1184811922424037,0.14388858922982625,0.07863250389375771,-0.46282680209043436,-0.11473172669905199,-0.447619720512888,-0.47191094988367155,-0.44952847205379654,-0.03907616341594472,-0.3272501973442103,0.3380756402563005,0.3259498540256272,0.004889142474710367,-0.038254922079087456,-0.2859033483930952,0.06246303368463253,0.1640688121273183,0.19702933240707388,-0.49547844520142814,0.35833789863452215,0.32938729660984856,0.1262962234467348,-0.28470104901893134,0.15986244671080777,-0.08556750106295032,0.035947497363155424
C,-0.28373840226213204,-0.01671352831741765,-0.1399542477537219,-0.005242395786115062,-0.25714453975517043,0.4403997637615312,-0.16618975849892217,0.3046997236502926,0.12001615307430158,0.1392321272671034,-0.2841469423172742,1.6154734617085416,0.03624914110582003,0.018437912259099715,-0.33899043403631346,-0.37773167969276134,-0.29436629335509057,-0.4059935648736424,0.45231104214648205,-0.31229197160754635,-0.0822485145833271,0.18325458360673483,0.4394855492205163,0.186390389040516,-0.31054659647088073,-0.1928310767837268,-0.07653205270902744,-0.03268113875062208,-0.08499794008979858,-0.4534566438942832,0.36429409133137813,-0.5509871370227559,0.15558791445139206,0.5311464351896522,0.11206904073531948,-0.19863349951690393,-0.28948391370947724,0.5362662176184916,-0.42216502108009746,0.1473429819211659,0.4046049629984615,-0.46596630230308705,0.150274034295427,0.4247182538246531,0.17259967213680022,-0.06960496567310856,0.41866885622365885,0.11746108951812573,0.3693914565897424,0.02570664092922116,-0.4112900116140202,-0.22691910647235763,-0.44620685901528595,-0.38356318293123554,-0.5075191909476139,0.08985220968272695,-0.3129601530105464,0.3918169291908832,0.22891879378728347,0.03480622951543281,-0.11513886758573874,-0.15614186944599756,0.03642646566671356,0.11714156030922801,0.21019926794766008,-0.40392525162679516,0.16864894424179247,0.22496647127071562,-0.042112594643374274,-0.26831523784495637,0.058144843660274996,0.09028271255448511,-0.03634922910381235
C,-0.27496151991639384,-0.1213429320343773,-0.1099405130713025,0.07766805423296229,-0.22006947568572566,0.3736738912461355,-0.10444426134508356,0.1998749598070969,0.2777646156075381,0.013786385633692166,-0.3806065134426168,1.5430552310808827,0.11383989738676593,-0.08185770755775984,-0.34033585163552194,-0.4207764437394495,-0.08467520090612762,-0.35162675543342503,0.47683221055529057,-0.3710582310161197,-0.12632256075685738,0.18597405411909812,0.3173308614740205,-0.12520613372683537,-0.3368653826414768,-0.11297219230264784,-0.16843380530376756,-0.2417511132276196,-0.25122230904332177,-0.1551974427173644,0.45049841064057994,-0.49186462432959555,-0.05453223908359787,0.4985326444428321,0.10848794076575165,-0.18596667616364496,-0.3665170661229925,0.40589219858696846,-0.5177684066885454,0.20963489679957112,0.3003652170757193,-0.2660435564379296,0.2854273929613971,0.39723098217372277,-0.05858981215469958,-0.1403213149676235,0.42914957132486176,0.09341683797863667,0.24057296596205102,0.03966359492705806,-0.5340394174314052,-0.31906165748341303,-0.5022268239194586,-0.425222458113453,-0.37811843154610225,-0.14053420492579902,-0.27247786560167586,0.41677042553270793,0.16366943205778708,0.005707244850735718,0.0745368203093386,-0.31819248259608,-0.02964739406187878,0.30442798163789286,0.3606154407576846,-0.41149949760156135,0.2757231347080503,0.23825610993616386,0.14043074758113436,-0.44938203880451644,0.028043307791179427,-0.16420231071211538,-0.011381488554657513
C,-0.26717075360190284,0.11205632498638712,-0.14107119945249946,-0.03584481009479977,-0.254865851524739,0.5104680980269477,-0.053086946262294044,0.24105361119747648,0.3058824040593946,-0.0757710398680691,-0.29695188760858643,1.4861236902769197,0.4336174978152844,0.008578683563785175,-0.327509425513431,-0.4205667134916453,-0.10529168225333756,-0.311890190920105,0.435411781930723,-0.44022690227255806,-0.07708812148099872,0.20341002468004477,0.35905821224402057,-0.027955580153104863,-0.2578118469733685,-0.15391017073221253,-0.314004354330514,-0.17011683612769368,-0.29991819530139363,-0.3490306338719762,0.3892535819426297,-0.3617771159353565,-0.04341829918017861,0.4414790943859896,0.23480966201174885,-0.17004553289311214,-0.3937422200183236,0.4953626388171094,-0.35697592693169256,0.24967172327232928,0.42549194866784534,-0.25476362743202474,0.16658206118174174,0.4384603342993663,0.1512880270085288,0.0358810585717759,0.29906584125271374,0.19454505422767307,0.134311047637269,0.07808154776081062,-0.44783165425855875,-0.35746556510008465,-0.47093517520782646,-0.3295817992699238,-0.36927004701102933,-0.24800384998552877,-0.3069294574090897,0.34663180820470746,0.2586292459905764,0.04783567676619985,-0.11421761221411077,-0.12074760118045452,0.06769783374144146,0.13291014075266022,0.24316380319490805,-0.467073184060877,0.0016124307603916088,0.27103548272947825,0.12139808814908398,-0.2746486350080173,0.03227767273319483,0.013375562494237133,-0.09254798207380996
C,-0.28824093992971345,-0.010108705003571925,-0.1422832629591212,0.11655087477201448,-0.2407003784361063,0.39642953260333197,-0.004430355596957801,0.4045627231153538,0.12392204408750632,0.06142663458498619,-0.15426109384242634,1.481917089126826,0.12491365750291128,0.00591580518987201,-0.3898175508129252,-0.42643483673624505,-0.006226437012977093,-0.33641234963656297,0.3108122580095074,-0.3188361297416012,-0.0863927424520034,0.31345100303854134,0.29968050838184473,-0.055012273517499884,-0.4285605100849351,-0.18531175305901654,0.1868250224842652,-0.15321268939473212,-0.11517084646858758,-0.4119728265085328,0.3108074585712825,-0.4355045184462425,-0.05774280944927342,0.28947716105782073,0.2885262360833116,-0.11131218615994745,-0.3479907715385418,0.43011445651837626,-0.4535901092874029,0.2174992468064263,0.41224318134346427,-0.38940006655347864,0.3287965627971688,0.6592852063442066,0.07269509397745165,-0.13119477325797863,0.403295292719613,-0.008148022276394516,0.1999996410001624,0.1257973583390353,-0.38964151911366274,-0.1847807755723434,-0.4366455791138585,-0.35626000053373935,-0.46517388754042643,-0.07742242537144817,-0.3866291014624763,0.28023963335777,0.3033715199371369,0.006551444424759828,-0.1531321606357667,-0.24667226528723923,0.09137069004696544,-0.08235875920776856,0.2591624383404945,-0.364300744514308,0.06258497408836591,0.22566324346519875,-0.032184378639346936,-0.36625505341734965,0.006991130885013401,-0.08714694939526324,-0.12079395986534883
C,-0.2530150618634473,0.1813690620978556,-0.13739792354448435,0.08708482627147394,-0.1585875559247622,0.42421128659422785,0.01758447947126062,0.3314589749836268,0.2668135563207483,0.006123455403831999,-0.21953421879656326,1.707748195126397,0.24812708109294218,-0.06529347801260009,-0.42399785313842614,-0.5663488821692317,0.015639684303542234,-0.2214664958712046,0.4128472888277648,-0.149701720413733,-0.05512528239203569,0.177609798662216,0.3879378632576448,0.009604630921863012,-0.2518364481294959,-0.3386321251966443,-0.14585668493463444,-0.016327744264563,-0.01587624350521899,-0.2549371800858914,0.5908020044578983,-0.42405392972517586,-0.019431203097814327,0.40726494040518163,0.11328142355639767,-0.30365021005168086,-0.37962129653624666,0.29919051853910106,-0.39953634445775477,0.2124594800971797,0.21804393173364006,-0.49002860548683635,0.38258731387838113,0.4887844691878754,0.05977279308231,-0.2281612337010205,0.23394899036077083,0.0970256438511084,0.21473103700396046,0.05969946049054982,-0.4960886405875683,-0.29807420775183197,-0.5194094659094942,-0.36802383812162676,-0.5984110059124635,-0.13930241762914736,-0.240482152432625,0.3857929204719868,0.30489208523677097,0.2452080662409269,-0.015750975473964358,-0.24241453862202597,-0.046194210593041754,0.10575614407303903,0.20138159400127256,-0.4115927488447384,0.23686857727324254,0.275591503896717,0.06412130707422269,-0.2115871399112002,0.04153952276056601,-0.030039269243406566,-0.09844895817116525
C,-0.37219453866632124,0.12003115148991955,-0.2539417589792993,-0.06781116655457789,-0.25577160926442766,0.4577412726858615,0.12379889601418967,0.2173916658609464,0.41121724413033656,-0.004344848813384217,-0.0965756784143742,1.5822326204273227,0.20985461730801547,0.0861471212222108,-0.3282965091220344,-0.4312424437070289,0.013284329249573873,-0.3896474908629779,0.326597151849057,-0.37826578926003146,0.0344645692182505,0.32813831375836905,0.27340070805763017,-0.21065894982937838,-0.3353325933019056,-0.3101659211114487,-0.12054643007800916,-0.21975813449409048,-0.2800902889886654,-0.21748984877686361,0.3586167958554763,-0.3572299693215516,-0.07770754491199736,0.3898571561388911,0.2004494100184223,-0.17587388482155109,-0.3704705039998899,0.4754650803929424,-0.5509906649867454,0.051696662283514744,0.37603590226658024,-0.39772609390305097,0.1530475633775607,0.5111547425559857,0.26008304045728514,-0.09250224313850906,0.38128826909995067,0.05859623471065917,0.19485329271849525,0.008310630343834821,-0.5408498970577367,-0.2574003560340706,-0.3606066370586309,-0.32890565854174886,-0.514877934712365,0.008629662288604664,-0.2967592626850008,0.3613558982372532,-0.0171109954676264,0.007784225886985352,-0.13266648682858662,-0.19396547885889542,-0.017445867570611895,0.055470364953602094,0.3065778648701884,-0.5321973230369144,0.12496364088414327,0.1859121702920901,0.10218310667244565,-0.17372546996048652,-0.007696088366339747,0.10850157314397253,-0.020497619564287004
C,-0.22938546886606911,-0.0019064273631948028,-0.21380248921119807,0.04138620784751955,-0.1631428561037062,0.409243471317697,-0.02242613642359272,0.37718544188610126,0.21472165124368692,0.013494883168693069,-0.1677564552146806,1.470618717970092,0.17825477396833436,0.025266862291098174,-0.318962714134991,-0.6712282339223491,-0.23105669480379135,-0.42964529841463006,0.3962842376546318,-0.3979811520425526,-0.052588846027641196,0.2258703393553935,0.38655687356439417,0.05395378976801635,-0.26453810891833995,-0.2559680205129489,-0.07268934925832299,-0.17227532310000118,-0.26050606794792674,-0.29184317047631847,0.40658508198940596,-0.590452350712254,-0.017041906437240725,0.4624055790932668,-0.005060378985568242,-0.254487678064091,-0.4099513082397178,0.4807135703212718,-0.4229720393228054,0.241689085068948,0.4283665078397515,-0.4775884998491161,0.3629534489383585,0.5548274607747258,0.15741089811273257,-0.039994003698172416,0.3424779191038337,0.04959975833983195,0.08288452362581511,0.056839178820296724,-0.32091786625070884,-0.27498498961168477,-0.41269724382432144,-0.31342391000483455,-0.45596847316213784,-0.14175372532637465,-0.31945576727060904,0.26487899051969055,0.26472651119028306,0.006156998623180712,0.06328491431309492,-0.28495060916573045,-0.09102484685577811,0.13220271679949253,0.31146020572315253,-0.5149044934875939,0.1667633609596631,0.25114286121675755,0.16604168488777865,-0.48797806544030076,0.08839764379583408,-0.027980363337178224,-0.06385873136485727
C,-0.30276667855094763,-0.025913709435739767,-0.14835201286735328,-0.036700712784016466,-0.08968118973317998,0.5299217183519576,0.008555671154197426,0.23035894468291018,0.29573489520445323,0.0974409497550264,-0.35404851011241434,1.4545664294809377,0.2317420402317967,0.0348537461187336,-0.44210213650199987,-0.5414123592189163,-0.16583418145483794,-0.23164059944700932,0.40947298673016697,-0.4252825915010856,-0.09695062778224023,0.2746973577698697,0.3073114751080803,0.07836649817684373,-0.249597067550209,-0.23404549031985536,-0.07758003078761591,-0.28274618708907495,-0.05450910483737045,-0.3945075861369606,0.3813137130288418,-0.5142316821044783,-0.023462067125041106,0.3900260524420739,0.08099011628709854,-0.14879134440286498,-0.40402348207361954,0.4906912915156075,-0.533204780476145,0.30899047176319044,0.4356140719880796,-0.4203686131234419,0.17677792378479648,0.6912921352098907,0.10452158743140316,-0.14242587433981055,0.4309401271127098,0.06979749705785478,0.18397010205064585,0.26344676478559137,-0.38366094765662373,-0.2865345876932173,-0.2291476155265895,-0.3284498260737168,-0.4855465839953595,0.10367999062830716,-0.2686295895678984,0.4049161414796013,0.2191297273678202,0.07713007367146776,-0.04383409431874177,-0.128952499740708,-0.15380166559841157,0.25049891050959866,0.21204145789694,-0.42295162999348757,0.18484737771961163,0.20111767784166878,0.1141549327756959,-0.28609594136310346,-0.014231313310735863,0.015024524229533867,-0.07997684174652459
C,-0.29129856166020074,-0.11658310986810372,-0.2340421084190939,0.04577856701996829,-0.21939855756162682,0.6252174691264166,0.20174329903967222,0.20650596240258223,0.133881138281862,0.0809446985230767,-0.23432127896947114,1.6015882200740628,0.21287808221679527,-0.05562935717085017,-0.4331696964947607,-0.447394628172632,-0.18901230318935025,-0.2522159744508585,0.30200326676589995,-0.2270358390301874,-0.25558934582171683,0.22368569498037916,0.2889382415661771,-0.14359530311396357,-0.4836665437259069,-0.31690595003256045,-0.0773768062340257,-0.18358014097679448,-0.23460315492403774,-0.2599637116095449,0.3147354779366648,-0.4159140070583292,-0.13111763279482516,0.39049701785040175,0.11141684867027078,-0.09499605249058782,-0.4636196760746765,0.48686902648629704,-0.5628744379405612,0.11892622099345934,0.41218879856861246,-0.3009608837181996,0.1522935048914932,0.556428207947295,0.11462547839471258,-0.12330052854034497,0.46011080013629424,-0.013302578446162935,0.15711178864635963,0.12459305543603176,-0.334126203793111,-0.22685543537136033,-0.5337978164721731,-0.44253888113429046,-0.4062266470857833,0.04765379644684095,-0.3030514622238812,0.30936271776534824,0.3817190446901499,0.06720950800308255,-0.05944334058195341,-0.3061259624780268,-0.12065000188412292,0.3679157102209387,0.39590548942962267,-0.4708213990244288,0.34701076288330335,0.2853940506335374,0.09690084103038829,-0.3431141667060811,-0.001945586750500626,-0.0006890409513488926,-0.18153382316841365
C,-0.2872221332120125,0.0035571077536748815,-0.09325587642293387,-0.04308159877708014,-0.15739750210911194,0.31517287000287175,0.08608031517978659,0.17161567673929892,0.21096839642418586,0.023066824348698695,-0.244323573743606,1.5021758972205477,0.08165032089057134,-0.11124400289994762,-0.33836033717953007,-0.5298069671453891,-0.18038683900124086,-0.4691429744739346,0.4748761148479897,-0.42972597312628236,-0.03244026130026531,0.12706057122000655,0.396582302442283,-0.02147141359736303,-0.3635655821073751,-0.10107263598829705,-0.08653995178431147,-0.16435039413489536,-0.07859780862250274,-0.4865827671649354,0.21113700384962228,-0.3776049956913348,-0.12690203841641134,0.5494912865340066,0.16341692856634374,-0.23770849339711497,-0.30531982197289437,0.43105899042727475,-0.5722008650313712,0.09728386083740327,0.24151037111158902,-0.4425975195391388,0.15034280453488574,0.49605999103834647,0.12510466901235956,-0.1606455866509749,0.2525687422251763,0.2568761127530386,0.24555824471168017,0.2336496280393287,-0.3685139648139075,-0.31254823591388514,-0.4067592550260657,-0.38115897505940516,-0.3370584512973328,-0.012448325654374037,-0.38593018792793654,0.3838260274183497,0.3143826848542806,-0.020848529096909957,0.028553292934823567,-0.13649224292761455,-0.0936463462550262,0.08368379045765006,0.37506666062056265,-0.446656838772926,0.12990401567202212,0.3133117202040114,0.10512053986292365,-0.27812929169711254,0.12915119777707135,0.09835570127087481,-0.030915736319026207
C,-0.09033041073587067,0.12986913352916055,-0.3567612649315616,-0.07616718896624897,-0.40279189656964887,0.4540351760305849,-0.10417955472203728,0.1784979622090661,0.2877920106408348,-0.14982694996444523,-0.25075907904960976,1.520612393311298,0.17438048071626297,-0.029618434878406305,-0.5966574294705194,-0.5467811317057314,-0.04868312231157032,-0.44552576074746253,0.5395191110111316,-0.43671312285734765,-0.22788053658141957,0.1359352066903537,0.4057482974790145,-0.06597651320181933,-0.29123243131647647,-0.22321382266277062,-0.0853885269772784,-0.03347596326581111,-0.08960580755138037,-0.4595784540163258,0.3912645894836166,-0.3307682079798184,-0.034432928990813946,0.35969381537578105,0.04476082663395886,-0.07337771158161882,-0.29770743017274504,0.3901633596347744,-0.4262032238089025,0.3093389415506834,0.4967661786181754,-0.34649726716796125,0.2696139660955255,0.4846249757243439,0.10744406213600252,-0.08671200324562871,0.30431885499973266,0.02543534846110584,0.35145042665374815,-0.04094668885649455,-0.5849624855673642,-0.22041256344117816,-0.4492502599879284,-0.5473636795814437,-0.48950123891916325,-0.09516474777093564,-0.35583512636514164,0.41055300261249045,0.14338189203733262,0.07421582800426357,-0.027856454218599554,-0.24110534119108787,-0.16362342677595215,0.09941736481321012,0.2838103954757537,-0.3750251628365749,0.35617640917855,0.307205747860407,0.09586461697552967,-0.18396282091436858,0.014878791777716314,0.12701913490609879,0.0652519195917654
C,-0.2839467449914839,0.157114351313664,-0.16226256374777856,0.1816797229933446,-0.19811397065560532,0.43505798684771435,-0.06868503032630474,0.21518395772960494,0.15484296353583177,0.09227045937105668,-0.2634558778960949,1.3815964641078722,0.1980119689901696,-0.030039685987965282,-0.45556350233077925,-0.4606094086831744,-0.17565194618247326,-0.29907484451656274,0.45218856102065325,-0.29497510140314936,-0.20962575829003907,0.38159885032286633,0.19094280374947611,-0.03258358096707632,-0.4064196584995121,-0.1973977234913369,-0.06995909437426817,-0.14890669744403373,-0.0299054201153153,-0.2794665248691664,0.38714102472362727,-0.4059126222289846,0.06517654850282753,0.5684290956665237,0.14882645198670175,-0.27181340838127804,-0.3279305831532413,0.5173614324772802,-0.5475829901495319,0.1831911919777868,0.37350644674404526,-0.3638226592493384,0.3734801581377083,0.592854918878791,0.13279801391926058,0.0064962475992241114,0.4263037758227035,0.04818728031208904,0.41683206991020405,0.028737516627904844,-0.4133961894632873,-0.2196901601503386,-0.44423633317514905,-0.34858118258642967,-0.4089547263942364,-0.05926426734361391,-0.2835487231784124,0.36413101032989337,0.3138391464627972,0.05485870127999154,-0.035922477321032945,-0.24248654711609213,0.06964497581085027,0.0014402239707320685,0.20947931485591015,-0.23625632987757128,0.230479762087494,0.21016699300426916,0.12256034776391943,-0.34848296431296083,-0.12903852547442396,0.03108887763510148,-0.08275261033679013
C,-0.24016533948969498,0.02955000044207827,-0.18664809537505067,-0.13047742806055307,-0.22026608359127714,0.5155805309177178,-0.11928683991597182,0.12210954940051737,0.11502459202985332,0.050300553915180096,-0.42100319805108044,1.5771001860044134,0.2123360835836529,-0.06068088547934136,-0.5365252656292914,-0.5457341740332136,-0.10957086737131073,-0.2492380577592192,0.3236812205146945,-0.23281824909237284,-0.0508472673717836,0.21153053625029863,0.25639324964482885,-0.0687980485242683,-0.1730311810992639,-0.21482943128710233,0.025357915002019837,-0.11608077201136575,-0.18754307687765814,-0.32141898380852485,0.5859370579373411,-0.5217727264211727,0.013111640151539414,0.49556221108609677,0.04376249751431706,-0.26233924369411005,-0.3900611153019138,0.49167169237703445,-0.41574380055176924,0.05571452629464471,0.4323532730578982,-0.4843099305561742,0.225439966613105,0.5459267089373625,0.27933089418273527,-0.0610297081241134,0.2658617607395587,0.03921184538829035,0.31761156864165857,0.15858246357182865,-0.4084429575848261,-0.327657504221778,-0.530662449822634,-0.34615161715086273,-0.5817334551797626,-0.02339413967183237,-0.2658852195502642,0.3182810855554893,0.2410404743419282,0.08907122418506025,-0.060163828515293304,-0.3546657621528284,-0.028186076288766824,0.1464318847027984,0.39111264928501965,-0.48087729947063534,0.2939443826480389,0.15096431844717045,-0.048595975051045195,-0.3097497998735408,-0.03608813334760273,-0.10598438277496514,0.13125652165197807
C,-0.28440833264856236,0.18810222419550066,-0.27759609285219894,-0.13044152042223434,-0.11906537348400387,0.42187984502774534,0.0038271649978733353,0.13519275530720945,0.19749750754380158,-0.11917071077420621,-0.2670505301489519,1.4728036747537865,0.1993930421513228,0.009974580251916734,-0.3987884927013208,-0.4459330470689441,-0.1808458055641234,-0.38460157003193907,0.44379974054916105,-0.33308315518532994,-0.11158206855756542,0.24389710930723035,0.23276441217425956,0.0920820407056855,-0.3388135168361089,-0.21917024714654126,-0.08459310819329909,-0.08318595836224742,-0.12419270915267633,-0.3721401139928953,0.5292105814618995,-0.7265110423186598,0.03941607831310699,0.5539387249183634,0.01285860819990639,-0.07024667884953652,-0.26922501990206704,0.5088136848362455,-0.6107406336213637,0.23599978801828153,0.46071321992548153,-0.5206160296962276,0.2604655725693857,0.4705811296131788,0.21047262781469678,-0.1104015869748207,0.32799132232860095,0.051035523009050746,0.14210867715127146,0.07669243315991599,-0.43274148852339167,-0.21725827024534436,-0.40131988692219445,-0.5079203685836888,-0.376412815353547,0.03605765952409208,-0.3123429878241723,0.2955411908020793,0.20750810262373676,0.056895202998049184,0.011314821846208228,-0.2684901819448034,-0.09371953683710858,0.2230700666017258,0.30281173123870353,-0.5025076955352825,0.23176952524841327,0.25567954306361185,0.001527967969305155,-0.19007682352791982,0.049975724015360296,-0.014624849551263055,-0.03096844345923754
